  -6.4377621258648006      -0.69975675281139127     
  -6.4377324841244175      -0.62977817779477996     
  -6.4377059618589145      -0.55980051842251433     
  -6.4376825593043909      -0.48982367299055141     
  -6.4376622766691733      -0.41984753978277212     
  -6.4376451141338151      -0.34987201707248988     
  -6.4376310718510945      -0.27989700312396065     
  -6.4376201499460119      -0.20992239619389166     
  -6.4376123485157928      -0.13994809453295201     
  -6.4376076676298819       -6.9973996387281329E-002
  -6.4376061073299491        0.0000000000000000     
  -6.4376076676298819        6.9973996387281329E-002
  -6.4376123485157928       0.13994809453295201     
  -6.4376201499460119       0.20992239619389166     
  -6.4376310718510945       0.27989700312396065     
  -6.4376451141338151       0.34987201707248988     
  -6.4376622766691733       0.41984753978277212     
  -6.4376825593043909       0.48982367299055141     
  -6.4377059618589145       0.55980051842251433     
  -6.4377324841244175       0.62977817779477996     
  -6.4377621258648006       0.69975675281139127     
  -6.3675040226877258      -0.69972571677887097     
  -6.3674746951787622      -0.62975024457811934     
  -6.3674484540752987      -0.55977568827035595     
  -6.3674252996108969      -0.48980194612391514     
  -6.3674052319916461      -0.41982891639505360     
  -6.3673882513961590      -0.34985649732945923     
  -6.3673743579755708      -0.27988458716376136     
  -6.3673635518535407      -0.20991308412703980     
  -6.3673558331262470      -0.13994188644233510     
  -6.3673512018623910       -6.9970892328158146E-002
  -6.3673496581031923        0.0000000000000000     
  -6.3673512018623910        6.9970892328158146E-002
  -6.3673558331262470       0.13994188644233510     
  -6.3673635518535407       0.20991308412703980     
  -6.3673743579755708       0.27988458716376136     
  -6.3673882513961590       0.34985649732945923     
  -6.3674052319916461       0.41982891639505360     
  -6.3674252996108969       0.48980194612391514     
  -6.3674484540752987       0.55977568827035595     
  -6.3674746951787622       0.62975024457811934     
  -6.3675040226877258       0.69972571677887097     
  -6.2988663325103467       -2.3795717256150200     
  -6.2987641800042642       -2.3095468660015639     
  -6.2986650671165334       -2.2395253571969902     
  -6.2985689947294921       -2.1695070981846030     
  -6.2972551048379311      -0.69969501164865899     
  -6.2972260918204483      -0.62972260918204481     
  -6.2972001321117128      -0.55975112285437456     
  -6.2971772259427494      -0.48978045090665834     
  -6.2971573735174076      -0.41981049156782718     
  -6.2971405750123584      -0.34984114305624214     
  -6.2971268305770955      -0.27987230358120430     
  -6.2971161403339346      -0.20990387134446448     
  -6.2971085043780084      -0.13993574454173355     
  -6.2971039227772714       -6.9967821364191912E-002
  -6.2971023955724954        0.0000000000000000     
  -6.2971039227772714        6.9967821364191912E-002
  -6.2971085043780084       0.13993574454173355     
  -6.2971161403339346       0.20990387134446448     
  -6.2971268305770955       0.27987230358120430     
  -6.2971405750123584       0.34984114305624214     
  -6.2971573735174076       0.41981049156782718     
  -6.2971772259427494       0.48978045090665834     
  -6.2972001321117128       0.55975112285437456     
  -6.2972260918204483       0.62972260918204481     
  -6.2972551048379311       0.69969501164865899     
  -6.2985689947294921        2.1695070981846030     
  -6.2986650671165334        2.2395253571969902     
  -6.2987641800042642        2.3095468660015639     
  -6.2988663325103467        2.3795717256150200     
  -6.2291593127360807       -2.7296316089517654     
  -6.2290432492147971       -2.6595914996647450     
  -6.2289301875736722       -2.5895552465193914     
  -6.2288201288191969       -2.5195227487358549     
  -6.2287130739311056       -2.4494939054785245     
  -6.2286090238623668       -2.3794686158575331     
  -6.2285079795391818       -2.3094467789302584     
  -6.2284099418609751       -2.2394282937028227     
  -6.2283149117003873       -2.1694130591315952     
  -6.2270152754679344      -0.69966463769302623     
  -6.2269865771991890      -0.62969527185160334     
  -6.2269608991153618      -0.55972682239239202     
  -6.2269382414449392      -0.48975918752937719     
  -6.2269186043895290      -0.41979226546446258     
  -6.2269019881238625      -0.34982595438898101     
  -6.2268883927957903      -0.27986015248520407     
  -6.2268778185262814      -0.20989475792785217     
  -6.2268702654094259      -0.13992966888560507     
  -6.2268657335124296       -6.9964783522611568E-002
  -6.2268642228756166        0.0000000000000000     
  -6.2268657335124296        6.9964783522611568E-002
  -6.2268702654094259       0.13992966888560507     
  -6.2268778185262814       0.20989475792785217     
  -6.2268883927957903       0.27986015248520407     
  -6.2269019881238625       0.34982595438898101     
  -6.2269186043895290       0.41979226546446258     
  -6.2269382414449392       0.48975918752937719     
  -6.2269608991153618       0.55972682239239202     
  -6.2269865771991890       0.62969527185160334     
  -6.2270152754679344       0.69966463769302623     
  -6.2283149117003873        2.1694130591315952     
  -6.2284099418609751        2.2394282937028227     
  -6.2285079795391818        2.3094467789302584     
  -6.2286090238623668        2.3794686158575331     
  -6.2287130739311056        2.4494939054785245     
  -6.2288201288191969        2.5195227487358549     
  -6.2289301875736722        2.5895552465193914     
  -6.2290432492147971        2.6595914996647450     
  -6.2291593127360807        2.7296316089517654     
  -6.1595233867043326       -3.0797616933521663     
  -6.1593937682971571       -3.0097037731452017     
  -6.1592671134498485       -2.9396502132374276     
  -6.1591434232899003       -2.8696009131237035     
  -6.1590226989183812       -2.7995557722356277     
  -6.1589049414099311       -2.7295146899430374     
  -6.1587901518127488       -2.6594775655555054     
  -6.1586783311485922       -2.5894442983238397     
  -6.1585694804127620       -2.5194147874415842     
  -6.1584636005741027       -2.4493889320465181     
  -6.1583606925749912       -2.3793666312221555     
  -6.1582607573313330       -2.3093477839992502     
  -6.1581637957325546       -2.2393322893572929     
  -6.1580698086415957       -2.1693200462260167     
  -6.1567844375953591      -0.69963459518129079     
  -6.1567560543298017      -0.62966823282918427     
  -6.1567306580985521      -0.55970278709986843     
  -6.1567082491275569      -0.48973815618060107     
  -6.1566888276161835      -0.41977423824655791     
  -6.1566723937372192      -0.34981093146234193     
  -6.1566589476368714      -0.27984813398349417     
  -6.1566484894347662      -0.20988574395800336     
  -6.1566410192239447      -0.13992365952781693     
  -6.1566365370708684       -6.9961778830350790E-002
  -6.1566350430154122        0.0000000000000000     
  -6.1566365370708684        6.9961778830350790E-002
  -6.1566410192239447       0.13992365952781693     
  -6.1566484894347662       0.20988574395800336     
  -6.1566589476368714       0.27984813398349417     
  -6.1566723937372192       0.34981093146234193     
  -6.1566888276161835       0.41977423824655791     
  -6.1567082491275569       0.48973815618060107     
  -6.1567306580985521       0.55970278709986843     
  -6.1567560543298017       0.62966823282918427     
  -6.1567844375953591       0.69963459518129079     
  -6.1580698086415957        2.1693200462260167     
  -6.1581637957325546        2.2393322893572929     
  -6.1582607573313330        2.3093477839992502     
  -6.1583606925749912        2.3793666312221555     
  -6.1584636005741027        2.4493889320465181     
  -6.1585694804127620        2.5194147874415842     
  -6.1586783311485922        2.5894442983238397     
  -6.1587901518127488        2.6594775655555054     
  -6.1589049414099311        2.7295146899430374     
  -6.1590226989183812        2.7995557722356277     
  -6.1591434232899003        2.8696009131237035     
  -6.1592671134498485        2.9396502132374276     
  -6.1593937682971571        3.0097037731452017     
  -6.1595233867043326        3.0797616933521663     
  -6.0898130204000180       -3.3598968388413892     
  -6.0896731307086487       -3.2898234154403045     
  -6.0895361669436561       -3.2197547549357264     
  -6.0894021303242818       -3.1496907570642834     
  -6.0892710220436701       -3.0796313214933506     
  -6.0891428432688661       -3.0095763478225428     
  -6.0890175951408034       -2.9395257355852151     
  -6.0888952787742952       -2.8694793842499555     
  -6.0887758952580322       -2.7994371932220834     
  -6.0886594456545673       -2.7293990618451511     
  -6.0885459310003167       -2.6593648894024375     
  -6.0884353523055461       -2.5893345751184502     
  -6.0883277105543652       -2.5193080181604270     
  -6.0882230067047232       -2.4492851176398314     
  -6.0881212416884019       -2.3792657726138584     
  -6.0880224164110066       -2.3092498820869336     
  -6.0879265317519611       -2.2392373450122158     
  -6.0865624941044008      -0.69960488437981616     
  -6.0865344260936736      -0.62964149235451794     
  -6.0865093119401594      -0.55967901718989976     
  -6.0864871518672619      -0.48971735704679115     
  -6.0864679460721067      -0.41975641007393838     
  -6.0864516947255387      -0.34979607440951371     
  -6.0864383979721222      -0.27983624818262631     
  -6.0864280559301349      -0.20987682951483222     
  -6.0864206686915745      -0.13991771652164542     
  -6.0864162363221537       -6.9958807314047744E-002
  -6.0864147588612987        0.0000000000000000     
  -6.0864162363221537        6.9958807314047744E-002
  -6.0864206686915745       0.13991771652164542     
  -6.0864280559301349       0.20987682951483222     
  -6.0864383979721222       0.27983624818262631     
  -6.0864516947255387       0.34979607440951371     
  -6.0864679460721067       0.41975641007393838     
  -6.0864871518672619       0.48971735704679115     
  -6.0865093119401594       0.55967901718989976     
  -6.0865344260936736       0.62964149235451794     
  -6.0865624941044008       0.69960488437981616     
  -6.0879265317519611        2.2392373450122158     
  -6.0880224164110066        2.3092498820869336     
  -6.0881212416884019        2.3792657726138584     
  -6.0882230067047232        2.4492851176398314     
  -6.0883277105543652        2.5193080181604270     
  -6.0884353523055461        2.5893345751184502     
  -6.0885459310003167        2.6593648894024375     
  -6.0886594456545673        2.7293990618451511     
  -6.0887758952580322        2.7994371932220834     
  -6.0888952787742952        2.8694793842499555     
  -6.0890175951408034        2.9395257355852151     
  -6.0891428432688661        3.0095763478225428     
  -6.0892710220436701        3.0796313214933506     
  -6.0894021303242818        3.1496907570642834     
  -6.0895361669436561        3.2197547549357264     
  -6.0896731307086487        3.2898234154403045     
  -6.0898130204000180        3.3598968388413892     
  -6.0195633366340058       -3.3597562809120034     
  -6.0194250193370884       -3.2896857663818975     
  -6.0192895950810286       -3.2196200159735739     
  -6.0191570650711963       -3.1495589293977191     
  -6.0190274304871645       -3.0795024062957590     
  -6.0189006924827000       -3.0094503462413500     
  -6.0187768521857565       -2.9394026487418814     
  -6.0186559106984658       -2.8693592132399668     
  -6.0185378690971314       -2.7993199391149450     
  -6.0184227284322205       -2.7292847256843791     
  -6.0183104897283561       -2.6592534722055530     
  -6.0182011539843101       -2.5892260778769707     
  -6.0180947221729975       -2.5192024418398598     
  -6.0179911952414695       -2.4491824631796684     
  -6.0178905741109068       -2.3791660409275677     
  -6.0177928596766099       -2.3091530740619555     
  -6.0176980528080009       -2.2391434615099541     
  -6.0163493477472825      -0.69957550555200954     
  -6.0163215952402194      -0.62961505066467416     
  -6.0162967633870830      -0.55965551287321713     
  -6.0162748524087357      -0.48969679031233898     
  -6.0162558625000599      -0.41973878110465535     
  -6.0162397938299561      -0.34978138336220677     
  -6.0162266465413436      -0.27982449518796948     
  -6.0162164207511557      -0.20986801467736588     
  -6.0162091165503417      -0.13991183991977543     
  -6.0162047340038685       -6.9955869000044996E-002
  -6.0162032731507127        0.0000000000000000     
  -6.0162047340038685        6.9955869000044996E-002
  -6.0162091165503417       0.13991183991977543     
  -6.0162164207511557       0.20986801467736588     
  -6.0162266465413436       0.27982449518796948     
  -6.0162397938299561       0.34978138336220677     
  -6.0162558625000599       0.41973878110465535     
  -6.0162748524087357       0.48969679031233898     
  -6.0162967633870830       0.55965551287321713     
  -6.0163215952402194       0.62961505066467416     
  -6.0163493477472825       0.69957550555200954     
  -6.0176980528080009        2.2391434615099541     
  -6.0177928596766099        2.3091530740619555     
  -6.0178905741109068        2.3791660409275677     
  -6.0179911952414695        2.4491824631796684     
  -6.0180947221729975        2.5192024418398598     
  -6.0182011539843101        2.5892260778769707     
  -6.0183104897283561        2.6592534722055530     
  -6.0184227284322205        2.7292847256843791     
  -6.0185378690971314        2.7993199391149450     
  -6.0186559106984658        2.8693592132399668     
  -6.0187768521857565        2.9394026487418814     
  -6.0189006924827000        3.0094503462413500     
  -6.0190274304871645        3.0795024062957590     
  -6.0191570650711963        3.1495589293977191     
  -6.0192895950810286        3.2196200159735739     
  -6.0194250193370884        3.2896857663818975     
  -6.0195633366340058        3.3597562809120034     
  -5.9494619266937674       -3.4296898165646423     
  -5.9493223241069888       -3.3596173124368875     
  -5.9491855804327827       -3.2895496738863619     
  -5.9490516968881355       -3.2194868006688733     
  -5.9489206746645413       -3.1494285924694632     
  -5.9487925149279963       -3.0793749489039040     
  -5.9486672188189837       -3.0093257695201916     
  -5.9485447874524739       -2.9392809538000457     
  -5.9484252219179119       -2.8692404011604045     
  -5.9483085232792092       -2.7992040109549219     
  -5.9481946925747424       -2.7291716824754699     
  -5.9480837308173378       -2.6591433149536332     
  -5.9479756389942704       -2.5891188075622114     
  -5.9478704180672555       -2.5190980594167200     
  -5.9477680689724410       -2.4490809695768876     
  -5.9476685926204036       -2.3790674370481613     
  -5.9475719898961374       -2.3090573607832061     
  -5.9474782616590538       -2.2390506396834087     
  -5.9461752250838407      -0.76950502912849705     
  -5.9461449011457201      -0.69954645895831991     
  -5.9461174643883448      -0.62958890799405998     
  -5.9460929150557140      -0.55963227435818486     
  -5.9460712533661493      -0.48967645615956523     
  -5.9460524795122884      -0.41972135149498507     
  -5.9460365936610895      -0.34976685845065225     
  -5.9460235959538235      -0.27981287510370934     
  -5.9460134865060796      -0.20985929952374396     
  -5.9460062654077595      -0.13990602977430022     
  -5.9460019327230809       -6.9952963914389196E-002
  -5.9460004884905739        0.0000000000000000     
  -5.9460019327230809        6.9952963914389196E-002
  -5.9460062654077595       0.13990602977430022     
  -5.9460134865060796       0.20985929952374396     
  -5.9460235959538235       0.27981287510370934     
  -5.9460365936610895       0.34976685845065225     
  -5.9460524795122884       0.41972135149498507     
  -5.9460712533661493       0.48967645615956523     
  -5.9460929150557140       0.55963227435818486     
  -5.9461174643883448       0.62958890799405998     
  -5.9461449011457201       0.69954645895831991     
  -5.9461752250838407       0.76950502912849705     
  -5.9474782616590538        2.2390506396834087     
  -5.9475719898961374        2.3090573607832061     
  -5.9476685926204036        2.3790674370481613     
  -5.9477680689724410        2.4490809695768876     
  -5.9478704180672555        2.5190980594167200     
  -5.9479756389942704        2.5891188075622114     
  -5.9480837308173378        2.6591433149536332     
  -5.9481946925747424        2.7291716824754699     
  -5.9483085232792092        2.7992040109549219     
  -5.9484252219179119        2.8692404011604045     
  -5.9485447874524739        2.9392809538000457     
  -5.9486672188189837        3.0093257695201916     
  -5.9487925149279963        3.0793749489039040     
  -5.9489206746645413        3.1494285924694632     
  -5.9490516968881355        3.2194868006688733     
  -5.9491855804327827        3.2895496738863619     
  -5.9493223241069888        3.3596173124368875     
  -5.9494619266937674        3.4296898165646423     
  -5.8792278804649092       -3.4295495969378642     
  -5.8790898856376659       -3.3594799346500945     
  -5.8789547168003882       -3.2894151391621218     
  -5.8788223751558863       -3.2193551102044142     
  -5.8786928618817758       -3.1492997474366655     
  -5.8785661781304661       -3.0792489504492919     
  -5.8784423250291562       -3.0092026187649248     
  -5.8783213036798259       -2.9391606518399129     
  -5.8782031151592289       -2.8691229490658143     
  -5.8780877605188842       -2.7990894097708972     
  -5.8779752407850685       -2.7290599332216390     
  -5.8778655569588096       -2.6590344186242239     
  -5.8777587100158817       -2.5890127651260433     
  -5.8776547009067954       -2.5189948718171982     
  -5.8775535305567930       -2.4489806377319971     
  -5.8774551998658406       -2.3789699618504589     
  -5.8773597097086236       -2.3089627430998165     
  -5.8772670609345417       -2.2389588803560163     
  -5.8759790314856719      -0.76947344459931422     
  -5.8759490567923836      -0.69951774485623608     
  -5.8759219360279040      -0.62956306457441835     
  -5.8758976694333915      -0.55960930185079927     
  -5.8758762572246210      -0.48965635476871844     
  -5.8758576995919878      -0.41970412139942770     
  -5.8758419967005038      -0.34975249980360140     
  -5.8758291486897951      -0.27980138803284743     
  -5.8758191556741028      -0.20985068413121796     
  -5.8758120177422830      -0.13990028613672104     
  -5.8758077349578040       -6.9950092082830997E-002
  -5.8758063073587463        0.0000000000000000     
  -5.8758077349578040        6.9950092082830997E-002
  -5.8758120177422830       0.13990028613672104     
  -5.8758191556741028       0.20985068413121796     
  -5.8758291486897951       0.27980138803284743     
  -5.8758419967005038       0.34975249980360140     
  -5.8758576995919878       0.41970412139942770     
  -5.8758762572246210       0.48965635476871844     
  -5.8758976694333915       0.55960930185079927     
  -5.8759219360279040       0.62956306457441835     
  -5.8759490567923836       0.69951774485623608     
  -5.8759790314856719       0.76947344459931422     
  -5.8772670609345417        2.2389588803560163     
  -5.8773597097086236        2.3089627430998165     
  -5.8774551998658406        2.3789699618504589     
  -5.8775535305567930        2.4489806377319971     
  -5.8776547009067954        2.5189948718171982     
  -5.8777587100158817        2.5890127651260433     
  -5.8778655569588096        2.6590344186242239     
  -5.8779752407850685        2.7290599332216390     
  -5.8780877605188842        2.7990894097708972     
  -5.8782031151592289        2.8691229490658143     
  -5.8783213036798259        2.9391606518399129     
  -5.8784423250291562        3.0092026187649248     
  -5.8785661781304661        3.0792489504492919     
  -5.8786928618817758        3.1492997474366655     
  -5.8788223751558863        3.2193551102044142     
  -5.8789547168003882        3.2894151391621218     
  -5.8790898856376659        3.3594799346500945     
  -5.8792278804649092        3.4295495969378642     
  -5.8090023097597161       -3.4294110021473028     
  -5.8088659239173586       -3.3593441487714846     
  -5.8087323311171772       -3.2892821634037031     
  -5.8086015325478000       -3.2192249457493833     
  -5.8084735293729537       -3.1491723954431681     
  -5.8083483227314625       -3.0791244120504144     
  -5.8082259137372345       -3.0090808950686876     
  -5.8081063034792546       -2.9390417439292618     
  -5.8079894930215810       -2.8690068579986128     
  -5.8078754834033326       -2.7989761365799191     
  -5.8077642756386849       -2.7289494789145632     
  -5.8076558707168644       -2.6589267841836248     
  -5.8075502696021370       -2.5889079515093862     
  -5.8074474732338057       -2.5188928799568315     
  -5.8073474825262030       -2.4488814685351463     
  -5.8072502983686833       -2.3788736161992197     
  -5.8071559216256183       -2.3088692218511495     
  -5.8057913422351266      -0.76944222607935420     
  -5.8057617170523663      -0.69948936350028501     
  -5.8057349125211779      -0.62953752063482649     
  -5.8057109288798747      -0.55958659555468682     
  -5.8056897663416889      -0.48963648631797380     
  -5.8056714250947694      -0.41968709097070622     
  -5.8056559053021823      -0.34973830754832425     
  -5.8056432071019071      -0.27979003407720038     
  -5.8056333306068382      -0.20984216857615079     
  -5.8056262759047836      -0.13989460905794662     
  -5.8056220430584631       -6.9947253530824857E-002
  -5.8056206321055077        0.0000000000000000     
  -5.8056220430584631        6.9947253530824857E-002
  -5.8056262759047836       0.13989460905794662     
  -5.8056333306068382       0.20984216857615079     
  -5.8056432071019071       0.27979003407720038     
  -5.8056559053021823       0.34973830754832425     
  -5.8056714250947694       0.41968709097070622     
  -5.8056897663416889       0.48963648631797380     
  -5.8057109288798747       0.55958659555468682     
  -5.8057349125211779       0.62953752063482649     
  -5.8057617170523663       0.69948936350028501     
  -5.8057913422351266       0.76944222607935420     
  -5.8071559216256183        2.3088692218511495     
  -5.8072502983686833        2.3788736161992197     
  -5.8073474825262030        2.4488814685351463     
  -5.8074474732338057        2.5188928799568315     
  -5.8075502696021370        2.5889079515093862     
  -5.8076558707168644        2.6589267841836248     
  -5.8077642756386849        2.7289494789145632     
  -5.8078754834033326        2.7989761365799191     
  -5.8079894930215810        2.8690068579986128     
  -5.8081063034792546        2.9390417439292618     
  -5.8082259137372345        3.0090808950686876     
  -5.8083483227314625        3.0791244120504144     
  -5.8084735293729537        3.1491723954431681     
  -5.8086015325478000        3.2192249457493833     
  -5.8087323311171772        3.2892821634037031     
  -5.8088659239173586        3.3593441487714846     
  -5.8090023097597161        3.4294110021473028     
  -5.7389226516748826       -3.4993430802895622     
  -5.7387851171579465       -3.4292740334236509     
  -5.7386503415114740       -3.3592099560067159     
  -5.7385183259344972       -3.2891507477917239     
  -5.7383890716014561       -3.2190963084593536     
  -5.7382625796621900       -3.1490465376194940     
  -5.7381388512419269       -3.0790013348127414     
  -5.7380178874412806       -3.0089605995118909     
  -5.7378996893362393       -2.9389242311234391     
  -5.7377842579781566       -2.8688921289890783     
  -5.7376715943937517       -2.7988641923871955     
  -5.7375616995850933       -2.7288403205343736     
  -5.7374545745295995       -2.6588204125868877     
  -5.7373502201800273       -2.5888043676422070     
  -5.7372486374644680       -2.5187920847404981     
  -5.7371498272863386       -2.4487834628661203     
  -5.7370537905243797       -2.3787784009491326     
  -5.7369605280326432       -2.3087767978667957     
  -5.7356120595742963      -0.76941137384533242     
  -5.7355827841646470      -0.69946131514203003     
  -5.7355562961043285      -0.62951227640169449     
  -5.7355325956288077      -0.55956415567110318     
  -5.7355116829487729      -0.48961685098343177     
  -5.7354935582501261      -0.41967026035976529     
  -5.7354782216939864      -0.34972428181060894     
  -5.7354656734166882      -0.27977881333739946     
  -5.7354559135297762      -0.20983375293401618     
  -5.7354489421200112      -0.13988899858829296     
  -5.7354447592493631       -6.9944448283528818E-002
  -5.7354433649550156        0.0000000000000000     
  -5.7354447592493631        6.9944448283528818E-002
  -5.7354489421200112       0.13988899858829296     
  -5.7354559135297762       0.20983375293401618     
  -5.7354656734166882       0.27977881333739946     
  -5.7354782216939864       0.34972428181060894     
  -5.7354935582501261       0.41967026035976529     
  -5.7355116829487729       0.48961685098343177     
  -5.7355325956288077       0.55956415567110318     
  -5.7355562961043285       0.62951227640169449     
  -5.7355827841646470       0.69946131514203003     
  -5.7356120595742963       0.76941137384533242     
  -5.7369605280326432        2.3087767978667957     
  -5.7370537905243797        2.3787784009491326     
  -5.7371498272863386        2.4487834628661203     
  -5.7372486374644680        2.5187920847404981     
  -5.7373502201800273        2.5888043676422070     
  -5.7374545745295995        2.6588204125868877     
  -5.7375616995850933        2.7288403205343736     
  -5.7376715943937517        2.7988641923871955     
  -5.7377842579781566        2.8688921289890783     
  -5.7378996893362393        2.9389242311234391     
  -5.7380178874412806        3.0089605995118909     
  -5.7381388512419269        3.0790013348127414     
  -5.7382625796621900        3.1490465376194940     
  -5.7383890716014561        3.2190963084593536     
  -5.7385183259344972        3.2891507477917239     
  -5.7386503415114740        3.3592099560067159     
  -5.7387851171579465        3.4292740334236509     
  -5.7389226516748826        3.4993430802895622     
  -5.6687120952565433       -3.4992049970719403     
  -5.6685762051149124       -3.4291386919830957     
  -5.6684430408609607       -3.3590773575472359     
  -5.6683126036792295       -3.2890208934928862     
  -5.6681848947299667       -3.2189691994762777     
  -5.6680599151491169       -3.1489221750828427     
  -5.6679376660483118       -3.0788797198287123     
  -5.6678181485148622       -3.0088417331622104     
  -5.6677013636117533       -2.9388081144653535     
  -5.6675873123776368       -2.8687787630553472     
  -5.6674759958268224       -2.7987535781860848     
  -5.6673674149492692       -2.7287324590496480     
  -5.6672615707105836       -2.6587153047778047     
  -5.6671584640520081       -2.5887020144435100     
  -5.6670580958904191       -2.5186924870624088     
  -5.6669604671183169       -2.4486866215943346     
  -5.6668655786038205       -2.3786843169448133     
  -5.6667734311906619       -2.3086854719665659     
  -5.6654410856206283      -0.76938088817070260     
  -5.6654121602435588      -0.69943360003006894     
  -5.6653859888888691      -0.62948733209876329     
  -5.6653625717891831      -0.55954198239893171     
  -5.6653419091526400      -0.48959744893911705     
  -5.6653240011628974      -0.41965362971577014     
  -5.6653088479791256      -0.34971042271476083     
  -5.6652964497360108      -0.27976772591288945     
  -5.6652868065437509      -0.20982543727939817     
  -5.6652799184880580      -0.13988345477748293     
  -5.6652757856301523       -6.9941676365804367E-002
  -5.6652744080067690        0.0000000000000000     
  -5.6652757856301523        6.9941676365804367E-002
  -5.6652799184880580       0.13988345477748293     
  -5.6652868065437509       0.20982543727939817     
  -5.6652964497360108       0.27976772591288945     
  -5.6653088479791256       0.34971042271476083     
  -5.6653240011628974       0.41965362971577014     
  -5.6653419091526400       0.48959744893911705     
  -5.6653625717891831       0.55954198239893171     
  -5.6653859888888691       0.62948733209876329     
  -5.6654121602435588       0.69943360003006894     
  -5.6654410856206283       0.76938088817070260     
  -5.6667734311906619        2.3086854719665659     
  -5.6668655786038205        2.3786843169448133     
  -5.6669604671183169        2.4486866215943346     
  -5.6670580958904191        2.5186924870624088     
  -5.6671584640520081        2.5887020144435100     
  -5.6672615707105836        2.6587153047778047     
  -5.6673674149492692        2.7287324590496480     
  -5.6674759958268224        2.7987535781860848     
  -5.6675873123776368        2.8687787630553472     
  -5.6677013636117533        2.9388081144653535     
  -5.6678181485148622        3.0088417331622104     
  -5.6679376660483118        3.0788797198287123     
  -5.6680599151491169        3.1489221750828427     
  -5.6681848947299667        3.2189691994762777     
  -5.6683126036792295        3.2890208934928862     
  -5.6684430408609607        3.3590773575472359     
  -5.6685762051149124        3.4291386919830957     
  -5.6687120952565433        3.4992049970719403     
  -5.5985097205227188       -3.4990685753266999     
  -5.5983754759629543       -3.4290049790273098     
  -5.5982439242837865       -3.3589463545702722     
  -5.5981150666552670       -3.2888926016599696     
  -5.5979889042234445       -3.2188436199284811     
  -5.5978654381103636       -3.1487993089370794     
  -5.5977446694140536       -3.0787595681777296     
  -5.5976265992085210       -3.0087242970745800     
  -5.5975112285437447       -2.9386933949854659     
  -5.5973985584456658       -2.8686667612034040     
  -5.5972885899161806       -2.7986442949580903     
  -5.5971813239331381       -2.7286258954174047     
  -5.5970767614503263       -2.6586114616889054     
  -5.5969749033974709       -2.5886008928213307     
  -5.5968757506802289       -2.5185940878061031     
  -5.5967793041801777       -2.4485909455788279     
  -5.5966855647548144       -2.3785913650207959     
  -5.5965945332375462       -2.3085952449604883     
  -5.5965945332375462        2.3085952449604883     
  -5.5966855647548144        2.3785913650207959     
  -5.5967793041801777        2.4485909455788279     
  -5.5968757506802289        2.5185940878061031     
  -5.5969749033974709        2.5886008928213307     
  -5.5970767614503263        2.6586114616889054     
  -5.5971813239331381        2.7286258954174047     
  -5.5972885899161806        2.7986442949580903     
  -5.5973985584456658        2.8686667612034040     
  -5.5975112285437447        2.9386933949854659     
  -5.5976265992085210        3.0087242970745800     
  -5.5977446694140536        3.0787595681777296     
  -5.5978654381103636        3.1487993089370794     
  -5.5979889042234445        3.2188436199284811     
  -5.5981150666552670        3.2888926016599696     
  -5.5982439242837865        3.3589463545702722     
  -5.5983754759629543        3.4290049790273098     
  -5.5985097205227188        3.4990685753266999     
  -5.5284506861552050       -3.5689998100495623     
  -5.5283154296989139       -3.4989338162651351     
  -5.5281828319128987       -3.4288728957434431     
  -5.5280528939764020       -3.3588169482388261     
  -5.5279256170449749       -3.2887658734318204     
  -5.5278010022504658       -3.2187195709306509     
  -5.5276790507010132       -3.1486779402727292     
  -5.5275597634810412       -3.0786408809261494     
  -5.5274431416512453       -3.0086082922911839     
  -5.5273291862485943       -2.9385800737017838     
  -5.5272178982863132       -2.8685561244270743     
  -5.5271092787538860       -2.7985363436728536     
  -5.5270033286170408       -2.7285206305830960     
  -5.5269000488177467       -2.6585088842414479     
  -5.5267994402742087       -2.5885010036727305     
  -5.5267015038808589       -2.5184968878444418     
  -5.5266062405083503       -2.4484964356682566     
  -5.5265136510035537       -2.3784995460015295     
  -5.5265136510035537        2.3784995460015295     
  -5.5266062405083503        2.4484964356682566     
  -5.5267015038808589        2.5184968878444418     
  -5.5267994402742087        2.5885010036727305     
  -5.5269000488177467        2.6585088842414479     
  -5.5270033286170408        2.7285206305830960     
  -5.5271092787538860        2.7985363436728536     
  -5.5272178982863132        2.8685561244270743     
  -5.5273291862485943        2.9385800737017838     
  -5.5274431416512453        3.0086082922911839     
  -5.5275597634810412        3.0786408809261494     
  -5.5276790507010132        3.1486779402727292     
  -5.5278010022504658        3.2187195709306509     
  -5.5279256170449749        3.2887658734318204     
  -5.5280528939764020        3.3588169482388261     
  -5.5281828319128987        3.4288728957434431     
  -5.5283154296989139        3.4989338162651351     
  -5.5284506861552050        3.5689998100495623     
  -5.4582627003559532       -3.5688640733096619     
  -5.4581291248905943       -3.4988007210837146     
  -5.4579981750555309       -3.4287424433041154     
  -5.4578698520152038       -3.3586891397016636     
  -5.4577441569106595       -3.2886407099333463     
  -5.4576210908595408       -3.2185970535838320     
  -5.4575006549560765       -3.1485580701669673     
  -5.4573828502710793       -3.0785236591272755     
  -5.4572676778519318       -3.0084937198414492     
  -5.4571551387225847       -2.9384681516198534     
  -5.4570452338835489       -2.8684468537080194     
  -5.4569379643118845       -2.7984297252881456     
  -5.4568333309611994       -2.7284166654805997     
  -5.4567313347616393       -2.6584075733454142     
  -5.4566319766198834       -2.5884023478837905     
  -5.4565352574191355       -2.5184008880396012     
  -5.4564411780191229       -2.4484030927008886     
  -5.4563497392560834       -2.3784088607013696     
  -5.4563497392560834        2.3784088607013696     
  -5.4564411780191229        2.4484030927008886     
  -5.4565352574191355        2.5184008880396012     
  -5.4566319766198834        2.5884023478837905     
  -5.4567313347616393        2.6584075733454142     
  -5.4568333309611994        2.7284166654805997     
  -5.4569379643118845        2.7984297252881456     
  -5.4570452338835489        2.8684468537080194     
  -5.4571551387225847        2.9384681516198534     
  -5.4572676778519318        3.0084937198414492     
  -5.4573828502710793        3.0785236591272755     
  -5.4575006549560765        3.1485580701669673     
  -5.4576210908595408        3.2185970535838320     
  -5.4577441569106595        3.2886407099333463     
  -5.4578698520152038        3.3586891397016636     
  -5.4579981750555309        3.4287424433041154     
  -5.4581291248905943        3.4988007210837146     
  -5.4582627003559532        3.5688640733096619     
  -5.3880826013731822       -3.5687300346757440     
  -5.3879507080846682       -3.4986692909640706     
  -5.3878214073630666       -3.4286136228674065     
  -5.3876947003580113       -3.3585629300933060     
  -5.3875705881960414       -3.2885171122755059     
  -5.3874490719805861       -3.2184760689754150     
  -5.3873301527919617       -3.1484396996836144     
  -5.3872138316873652       -3.0784079038213519     
  -5.3871001097008611       -3.0083805807420392     
  -5.3869889878433801       -2.9383576297327529     
  -5.3868804671027091       -2.8683389500157288     
  -5.3867745484434870       -2.7983244407498633     
  -5.3866712328071937       -2.7283140010322153     
  -5.3866712328071937        2.7283140010322153     
  -5.3867745484434870        2.7983244407498633     
  -5.3868804671027091        2.8683389500157288     
  -5.3869889878433801        2.9383576297327529     
  -5.3871001097008611        3.0083805807420392     
  -5.3872138316873652        3.0784079038213519     
  -5.3873301527919617        3.1484396996836144     
  -5.3874490719805861        3.2184760689754150     
  -5.3875705881960414        3.2885171122755059     
  -5.3876947003580113        3.3585629300933060     
  -5.3878214073630666        3.4286136228674065     
  -5.3879507080846682        3.4986692909640706     
  -5.3880826013731822        3.5687300346757440     
  -5.3180430593552517       -3.6386610406114879     
  -5.3179102910916995       -3.5685976953378509     
  -5.3177800811509499       -3.4985395270729933     
  -5.3176524306906217       -3.4284864355768478     
  -5.3175273408455386       -3.3584383205340238     
  -5.3174048127277240       -3.2883950815553029     
  -5.3172848474263947       -3.2183566181791337     
  -5.3171674460079474       -3.1483228298731265     
  -5.3170526095159580       -3.0782936160355545     
  -5.3170526095159580        3.0782936160355545     
  -5.3171674460079474        3.1483228298731265     
  -5.3172848474263947        3.2183566181791337     
  -5.3174048127277240        3.2883950815553029     
  -5.3175273408455386        3.3584383205340238     
  -5.3176524306906217        3.4284864355768478     
  -5.3177800811509499        3.4985395270729933     
  -5.3179102910916995        3.5685976953378509     
  -5.3180430593552517        3.6386610406114879     
  -5.2478767219463878       -3.6385278605494960     
  -5.2477456712807031       -3.5684670564708778     
  -5.2476171458436323       -3.4984114305624212     
  -5.2474911467776799       -3.4283608825614178     
  -5.2473676752028569       -3.3583153121298284     
  -5.2473676752028569        3.3583153121298284     
  -5.2474911467776799        3.4283608825614178     
  -5.2476171458436323        3.4984114305624212     
  -5.2477456712807031        3.5684670564708778     
  -5.2478767219463878        3.6385278605494960     
  -5.1777179754996556       -3.6383964152159742     
  -5.1777179754996556        3.6383964152159742     
  -5.1099419414524805       -4.7599459180653243     
  -5.1099419414524805        4.7599459180653243     
  -5.0399329894449885       -4.8299357815514474     
  -5.0399329894449885        4.8299357815514474     
  -4.9699291141290702       -4.8999301125216190     
  -4.9697620872634447       -4.8297687890306715     
  -4.9697620872634447        4.8297687890306715     
  -4.9699291141290702        4.8999301125216190     
  -4.8999301125216190       -4.9699291141290702     
  -4.8997630684834848       -4.8997630684834848     
  -4.8995983596201622       -4.8296040973398737     
  -4.8995983596201622        4.8296040973398737     
  -4.8997630684834848        4.8997630684834848     
  -4.8999301125216190        4.9699291141290702     
  -4.8299357815514474       -5.0399329894449885     
  -4.8297687890306715       -4.9697620872634447     
  -4.8296040973398737       -4.8995983596201622     
  -4.8296040973398737        4.8995983596201622     
  -4.8297687890306715        4.9697620872634447     
  -4.8299357815514474        5.0399329894449885     
  -4.7599459180653243       -5.1099419414524805     
  -4.7599459180653243        5.1099419414524805     
  -4.5438083904810744      -0.90876167809621500     
  -4.5437806636572242      -0.83885181482902604     
  -4.5437551540739589      -0.76894317992020855     
  -4.5437318619575979      -0.69903567107039966     
  -4.5437107875147849      -0.62912918596358558     
  -4.5436919309324884      -0.55922362226861400     
  -4.5436752923779977      -0.48931887764070753     
  -4.5436608719989264      -0.41941484972297788     
  -4.5436486699232068      -0.34951143614793895     
  -4.5436386862590892      -0.27960853453902090     
  -4.5436309210951462      -0.20970604251208366     
  -4.5436253745002650      -0.13980385767693126     
  -4.5436220465236543       -6.9901877638825452E-002
  -4.5436209371948362        0.0000000000000000     
  -4.5436220465236543        6.9901877638825452E-002
  -4.5436253745002650       0.13980385767693126     
  -4.5436309210951462       0.20970604251208366     
  -4.5436386862590892       0.27960853453902090     
  -4.5436486699232068       0.34951143614793895     
  -4.5436608719989264       0.41941484972297788     
  -4.5436752923779977       0.48931887764070753     
  -4.5436919309324884       0.55922362226861400     
  -4.5437107875147849       0.62912918596358558     
  -4.5437318619575979       0.69903567107039966     
  -4.5437551540739589       0.76894317992020855     
  -4.5437806636572242       0.83885181482902604     
  -4.5438083904810744       0.90876167809621500     
  -4.4737627658517320      -0.90873306181363300     
  -4.4737354603863393      -0.83882539882243856     
  -4.4737103384667058      -0.76891896442396501     
  -4.4736874003156872      -0.69901365629932610     
  -4.4736666461367678      -0.62910937211298290     
  -4.4736480761140536      -0.55920600951425670     
  -4.4736316904122768      -0.48930346613884274     
  -4.4736174891767906      -0.41940163961032401     
  -4.4736054725335697      -0.34950042754168509     
  -4.4735956405892106      -0.27959972753682566     
  -4.4735879934309279      -0.20969943719207473     
  -4.4735825311265591      -0.13979945409770497     
  -4.4735792537245551       -6.9899675839446174E-002
  -4.4735781612539904        0.0000000000000000     
  -4.4735792537245551        6.9899675839446174E-002
  -4.4735825311265591       0.13979945409770497     
  -4.4735879934309279       0.20969943719207473     
  -4.4735956405892106       0.27959972753682566     
  -4.4736054725335697       0.34950042754168509     
  -4.4736174891767906       0.41940163961032401     
  -4.4736316904122768       0.48930346613884274     
  -4.4736480761140536       0.55920600951425670     
  -4.4736666461367678       0.62910937211298290     
  -4.4736874003156872       0.69901365629932610     
  -4.4737103384667058       0.76891896442396501     
  -4.4737354603863393       0.83882539882243856     
  -4.4737627658517320       0.90873306181363300     
  -4.4037236679454121      -0.90870488386175174     
  -4.4036967840802772      -0.83879938744386229     
  -4.4036720500467350      -0.76889511984942993     
  -4.4036494660641790      -0.69899197874034580     
  -4.4036290323329279      -0.62908986176184689     
  -4.4036107490342307      -0.55918866654402932     
  -4.4035946163302562      -0.48928829070336177     
  -4.4035806343641006      -0.41938863184420000     
  -4.4035688032597804      -0.34948958756030002     
  -4.4035591231222355      -0.27959105543633239     
  -4.4035515940373253      -0.20969293304939643     
  -4.4035462160718319      -0.13979511797053434     
  -4.4035429892734550       -6.9897507766245329E-002
  -4.4035419136708160        0.0000000000000000     
  -4.4035429892734550        6.9897507766245329E-002
  -4.4035462160718319       0.13979511797053434     
  -4.4035515940373253       0.20969293304939643     
  -4.4035591231222355       0.27959105543633239     
  -4.4035688032597804       0.34948958756030002     
  -4.4035806343641006       0.41938863184420000     
  -4.4035946163302562       0.48928829070336177     
  -4.4036107490342307       0.55918866654402932     
  -4.4036290323329279       0.62908986176184689     
  -4.4036494660641790       0.69899197874034580     
  -4.4036720500467350       0.76889511984942993     
  -4.4036967840802772       0.83879938744386229     
  -4.4037236679454121       0.90870488386175174     
  -4.3336909967989117      -0.90867714449009451     
  -4.3336645347720912      -0.83877378092363053     
  -4.3336401888436553      -0.76887164640774530     
  -4.3336179592295334      -0.69897063858540864     
  -4.3335978461268834      -0.62907065508293469     
  -4.3335798497140887      -0.55917159351149548     
  -4.3335639701507613      -0.48927335146863432     
  -4.3335502075777343      -0.41937582653978078     
  -4.3335385621170692      -0.34947891629976363     
  -4.3335290338720460      -0.27958251831432557     
  -4.3335216229271705      -0.20968653014163730     
  -4.3335163293481687      -0.13979084933381192     
  -4.3335131531819888       -6.9895373438419187E-002
  -4.3335120944567986        0.0000000000000000     
  -4.3335131531819888        6.9895373438419187E-002
  -4.3335163293481687       0.13979084933381192     
  -4.3335216229271705       0.20968653014163730     
  -4.3335290338720460       0.27958251831432557     
  -4.3335385621170692       0.34947891629976363     
  -4.3335502075777343       0.41937582653978078     
  -4.3335639701507613       0.48927335146863432     
  -4.3335798497140887       0.55917159351149548     
  -4.3335978461268834       0.62907065508293469     
  -4.3336179592295334       0.69897063858540864     
  -4.3336401888436553       0.76887164640774530     
  -4.3336645347720912       0.83877378092363053     
  -4.3336909967989117       0.90867714449009451     
  -4.2653240129856496       -2.9367804679573326     
  -4.2652377603540526       -2.8667991504019046     
  -4.2651535758832173       -2.7968220169726012     
  -4.2650714603201152       -2.7268489664341722     
  -4.2649914143933412       -2.6568798974909340     
  -4.2636646523539747      -0.90864984394428983     
  -4.2636386123997783      -0.83874857948848114     
  -4.2636146547920184      -0.76884854430675753     
  -4.2635927797431590      -0.69894963602346871     
  -4.2635729874471933      -0.62905175224630716     
  -4.2635552780796422      -0.55915479056782202     
  -4.2635396517975561      -0.48925864856693274     
  -4.2635261087395104      -0.41936322381044366     
  -4.2635146490256046      -0.34946841385455774     
  -4.2635052727574632      -0.27957411624639111     
  -4.2634979800182355      -0.20968022852548701     
  -4.2634927708725927      -0.13978664822533093     
  -4.2634896453667297       -6.9893272874864423E-002
  -4.2634886035283621        0.0000000000000000     
  -4.2634896453667297        6.9893272874864423E-002
  -4.2634927708725927       0.13978664822533093     
  -4.2634979800182355       0.20968022852548701     
  -4.2635052727574632       0.27957411624639111     
  -4.2635146490256046       0.34946841385455774     
  -4.2635261087395104       0.41936322381044366     
  -4.2635396517975561       0.48925864856693274     
  -4.2635552780796422       0.55915479056782202     
  -4.2635729874471933       0.62905175224630716     
  -4.2635927797431590       0.69894963602346871     
  -4.2636146547920184       0.76884854430675753     
  -4.2636386123997783       0.83874857948848114     
  -4.2636646523539747       0.90864984394428983     
  -4.2649914143933412        2.6568798974909340     
  -4.2650714603201152        2.7268489664341722     
  -4.2651535758832173        2.7968220169726012     
  -4.2652377603540526        2.8667991504019046     
  -4.2653240129856496        2.9367804679573326     
  -4.1957317461688630       -3.2866565344989427     
  -4.1956367308662381       -3.2166548269974489     
  -4.1955437462404648       -3.1466578096803484     
  -4.1954527931166448       -3.0766653816188723     
  -4.1953638723018249       -3.0066774418163078     
  -4.1952769845849982       -2.9366938892094989     
  -4.1951921307370927       -2.8667146226703468     
  -4.1951093115109677       -2.7967395410073119     
  -4.1950285276414121       -2.7267685429669175     
  -4.1949497798451336       -2.6568015272352516     
  -4.1936445344587865      -0.90862298246607043     
  -4.1936189168077780      -0.83872378336155562     
  -4.1935953477328161      -0.76882581375101622     
  -4.1935738274428971      -0.69892897124048281     
  -4.1935543561288515      -0.62903315341932764     
  -4.1935369339633368      -0.55913825786177818     
  -4.1935215611008401      -0.48924418212843129     
  -4.1935082376776762      -0.41935082376776761     
  -4.1934969638119863      -0.34945808031766551     
  -4.1934877396037376      -0.27956584930691586     
  -4.1934805651347222      -0.20967402825673609     
  -4.1934754404685552      -0.13978251468228520     
  -4.1934723656506794       -6.9891206094177996E-002
  -4.1934713407083581        0.0000000000000000     
  -4.1934723656506794        6.9891206094177996E-002
  -4.1934754404685552       0.13978251468228520     
  -4.1934805651347222       0.20967402825673609     
  -4.1934877396037376       0.27956584930691586     
  -4.1934969638119863       0.34945808031766551     
  -4.1935082376776762       0.41935082376776761     
  -4.1935215611008401       0.48924418212843129     
  -4.1935369339633368       0.55913825786177818     
  -4.1935543561288515       0.62903315341932764     
  -4.1935738274428971       0.69892897124048281     
  -4.1935953477328161       0.76882581375101622     
  -4.1936189168077780       0.83872378336155562     
  -4.1936445344587865       0.90862298246607043     
  -4.1949497798451336        2.6568015272352516     
  -4.1950285276414121        2.7267685429669175     
  -4.1951093115109677        2.7967395410073119     
  -4.1951921307370927        2.8667146226703468     
  -4.1952769845849982        2.9366938892094989     
  -4.1953638723018249        3.0066774418163078     
  -4.1954527931166448        3.0766653816188723     
  -4.1955437462404648        3.1466578096803484     
  -4.1956367308662381        3.2166548269974489     
  -4.1957317461688630        3.2866565344989427     
  -4.1260770767250046       -3.5666089985250036     
  -4.1259756482784109       -3.4965895324393315     
  -4.1258762135939717       -3.4265751604424510     
  -4.1257787735540523       -3.3565657818744836     
  -4.1256833290232926       -3.2865612960016062     
  -4.1255898808485947       -3.2165616020175487     
  -4.1254984298591193       -3.1465665990450908     
  -4.1254089768662805       -3.0765761861375651     
  -4.1253215226637412       -3.0065902622803535     
  -4.1252360680274043       -2.9366087263923899     
  -4.1251526137154126       -2.8666314773276595     
  -4.1250711604681367       -2.7966584138767026     
  -4.1249917090081762       -2.7266894347681170     
  -4.1249142600403532       -2.6567244386700586     
  -4.1236305428694600      -0.90859656029327085     
  -4.1236053477484536      -0.83869939276239724     
  -4.1235821674149609      -0.76880345494177238     
  -4.1235610020745135      -0.69890864441940903     
  -4.1235418519147746      -0.62901485876666052     
  -4.1235247171055383      -0.55912199553973407     
  -4.1235095977987291      -0.48922995228120519     
  -4.1234964941284007      -0.41933862652153231     
  -4.1234854062107349      -0.34944791578057072     
  -4.1234763341440388      -0.27955771756908743     
  -4.1234692780087494      -0.20966792939027537     
  -4.1234642378674264      -0.13977844874126871     
  -4.1234612137647577       -6.9889173114656922E-002
  -4.1234602057275556        0.0000000000000000     
  -4.1234612137647577        6.9889173114656922E-002
  -4.1234642378674264       0.13977844874126871     
  -4.1234692780087494       0.20966792939027537     
  -4.1234763341440388       0.27955771756908743     
  -4.1234854062107349       0.34944791578057072     
  -4.1234964941284007       0.41933862652153231     
  -4.1235095977987291       0.48922995228120519     
  -4.1235247171055383       0.55912199553973407     
  -4.1235418519147746       0.62901485876666052     
  -4.1235610020745135       0.69890864441940903     
  -4.1235821674149609       0.76880345494177238     
  -4.1236053477484536       0.83869939276239724     
  -4.1236305428694600       0.90859656029327085     
  -4.1249142600403532        2.6567244386700586     
  -4.1249917090081762        2.7266894347681170     
  -4.1250711604681367        2.7966584138767026     
  -4.1251526137154126        2.8666314773276595     
  -4.1252360680274043        2.9366087263923899     
  -4.1253215226637412        3.0065902622803535     
  -4.1254089768662805        3.0765761861375651     
  -4.1254984298591193        3.1465665990450908     
  -4.1255898808485947        3.2165616020175487     
  -4.1256833290232926        3.2865612960016062     
  -4.1257787735540523        3.3565657818744836     
  -4.1258762135939717        3.4265751604424510     
  -4.1259756482784109        3.4965895324393315     
  -4.1260770767250046        3.5666089985250036     
  -4.0564465522522504       -3.8466303512736864     
  -4.0563389934381666       -3.7765914766493274     
  -4.0562333912904771       -3.7065580989378502     
  -4.0561297467463255       -3.6365301177725677     
  -4.0560280607254473       -3.5665074327068589     
  -4.0559283341301677       -3.4964899432156620     
  -4.0558305678453914       -3.4264775486969690     
  -4.0557347627386005       -3.3564701484733250     
  -4.0556409196598464       -3.2864676417933238     
  -4.0555490394417424       -3.2164699278331064     
  -4.0554591228994612       -3.1464769056978583     
  -4.0553711708307292       -3.0764884744233121     
  -4.0552851840158164       -3.0065045329772437     
  -4.0552011632175384       -2.9365249802609767     
  -4.0551191091812449       -2.8665497151108807     
  -4.0550390226348174       -2.7965786362998744     
  -4.0549609042886647       -2.7266116425389297     
  -4.0536225772515309      -0.90857057765982607     
  -4.0535978048835917      -0.83867540790694994     
  -4.0535750134967916      -0.76878146807697778     
  -4.0535542032931957      -0.69888865574020609     
  -4.0535353744572999      -0.62899686845027070     
  -4.0535185271560348      -0.55910600374566000     
  -4.0535036615387607      -0.48921595915122973     
  -4.0534907777372693      -0.41932663217971755     
  -4.0534798758657828      -0.34943792033325716     
  -4.0534709560209512      -0.27954972110489323     
  -4.0534640182818515      -0.20966193198009575     
  -4.0534590627099893      -0.13977445043827552     
  -4.0534560893492992       -6.9887173954298276E-002
  -4.0534550982261406        0.0000000000000000     
  -4.0534560893492992        6.9887173954298276E-002
  -4.0534590627099893       0.13977445043827552     
  -4.0534640182818515       0.20966193198009575     
  -4.0534709560209512       0.27954972110489323     
  -4.0534798758657828       0.34943792033325716     
  -4.0534907777372693       0.41932663217971755     
  -4.0535036615387607       0.48921595915122973     
  -4.0535185271560348       0.55910600374566000     
  -4.0535353744572999       0.62899686845027070     
  -4.0535542032931957       0.69888865574020609     
  -4.0535750134967916       0.76878146807697778     
  -4.0535978048835917       0.83867540790694994     
  -4.0536225772515309       0.90857057765982607     
  -4.0549609042886647        2.7266116425389297     
  -4.0550390226348174        2.7965786362998744     
  -4.0551191091812449        2.8665497151108807     
  -4.0552011632175384        2.9365249802609767     
  -4.0552851840158164        3.0065045329772437     
  -4.0553711708307292        3.0764884744233121     
  -4.0554591228994612        3.1464769056978583     
  -4.0555490394417424        3.2164699278331064     
  -4.0556409196598464        3.2864676417933238     
  -4.0557347627386005        3.3564701484733250     
  -4.0558305678453914        3.4264775486969690     
  -4.0559283341301677        3.4964899432156620     
  -4.0560280607254473        3.5665074327068589     
  -4.0561297467463255        3.6365301177725677     
  -4.0562333912904771        3.7065580989378502     
  -4.0563389934381666        3.7765914766493274     
  -4.0564465522522504        3.8466303512736864     
  -3.9866135058803160       -3.9866135058803160     
  -3.9865039398355711       -3.9165652742244204     
  -3.9863962951572520       -3.8465227409412077     
  -3.9862905728006113       -3.7764858058111050     
  -3.9861867737038073       -3.7064543685316100     
  -3.9860848987878974       -3.6364283287187833     
  -3.9859849489568306       -3.5664075859087432     
  -3.9858869250974447       -3.4963920395591614     
  -3.9857908280794554       -3.4263815890507598     
  -3.9856966587554550       -3.3563761336888041     
  -3.9856044179609031       -3.2863755727046042     
  -3.9855141065141240       -3.2163798052570121     
  -3.9854257252162970       -3.1463887304339182     
  -3.9853392748514551       -3.0764022472537547     
  -3.9852547561864773       -3.0064202546669914     
  -3.9851721699710843       -2.9364426515576407     
  -3.9850915169378323       -2.8664693367447565     
  -3.9850127978021095       -2.7965002089839359     
  -3.9849360132621294       -2.7265351669688251     
  -3.9836205371814541      -0.90854503479577020     
  -3.9835961877858934      -0.83865182900755642     
  -3.9835737855475570      -0.76875985335128294     
  -3.9835533306650399      -0.69886900537983154     
  -3.9835348233196726      -0.62897918262942198     
  -3.9835182636755189      -0.55909028262112548     
  -3.9835036518793765      -0.48920220286237953     
  -3.9834909880607743      -0.41931484084850251     
  -3.9834802723319731      -0.34942809406420816     
  -3.9834715047879645      -0.27954185998512032     
  -3.9834646855064682      -0.20965603607928779     
  -3.9834598145479347      -0.13977051980869948     
  -3.9834568919555435       -6.9885208630799014E-002
  -3.9834559177552009        0.0000000000000000     
  -3.9834568919555435        6.9885208630799014E-002
  -3.9834598145479347       0.13977051980869948     
  -3.9834646855064682       0.20965603607928779     
  -3.9834715047879645       0.27954185998512032     
  -3.9834802723319731       0.34942809406420816     
  -3.9834909880607743       0.41931484084850251     
  -3.9835036518793765       0.48920220286237953     
  -3.9835182636755189       0.55909028262112548     
  -3.9835348233196726       0.62897918262942198     
  -3.9835533306650399       0.69886900537983154     
  -3.9835737855475570       0.76875985335128294     
  -3.9835961877858934       0.83865182900755642     
  -3.9836205371814541       0.90854503479577020     
  -3.9849360132621294        2.7265351669688251     
  -3.9850127978021095        2.7965002089839359     
  -3.9850915169378323        2.8664693367447565     
  -3.9851721699710843        2.9364426515576407     
  -3.9852547561864773        3.0064202546669914     
  -3.9853392748514551        3.0764022472537547     
  -3.9854257252162970        3.1463887304339182     
  -3.9855141065141240        3.2163798052570121     
  -3.9856044179609031        3.2863755727046042     
  -3.9856966587554550        3.3563761336888041     
  -3.9857908280794554        3.4263815890507598     
  -3.9858869250974447        3.4963920395591614     
  -3.9859849489568306        3.5664075859087432     
  -3.9860848987878974        3.6364283287187833     
  -3.9861867737038073        3.7064543685316100     
  -3.9862905728006113        3.7764858058111050     
  -3.9863962951572520        3.8465227409412077     
  -3.9865039398355711        3.9165652742244204     
  -3.9866135058803160        3.9866135058803160     
  -3.9165652742244204       -3.9865039398355711     
  -3.9164576123731010       -3.9164576123731010     
  -3.9163518384975800       -3.8464169842386946     
  -3.9162479535364230       -3.7763819551958364     
  -3.9161459584114002       -3.7063524249250754     
  -3.9160458540274803       -3.6363282930255174     
  -3.9159476412728225       -3.5663094590163205     
  -3.9158513210187720       -3.4962958223381890     
  -3.9157568941198533       -3.4262872823548718     
  -3.9156643614137647       -3.3562837383546555     
  -3.9155737237213724       -3.2862850895518663     
  -3.9154849818467046       -3.2162912350883648     
  -3.9153981365769472       -3.1463020740350469     
  -3.9153131886824362       -3.0763175053933427     
  -3.9152301389166544       -3.0063374280967166     
  -3.9151489880162265       -2.9363617410121701     
  -3.9150697367009117       -2.8663903429417390     
  -3.9149923856736013       -2.7964231326240010     
  -3.9149169356203126       -2.7264600087355748     
  -3.9136501614596906      -0.97841254036492264     
  -3.9136243221480878      -0.90851993192723468     
  -3.9136003959404646      -0.83862865627295669     
  -3.9135783830489093      -0.76873861095603579     
  -3.9135582836685470      -0.69884969351224047     
  -3.9135400979775397      -0.62896180146067604     
  -3.9135238261370864      -0.55907483230529809     
  -3.9135094682914193      -0.48918868353642742     
  -3.9134970245678056      -0.41930325263226487     
  -3.9134864950765444      -0.34941843706040571     
  -3.9134778799109671      -0.27953413427935481     
  -3.9134711791474368      -0.20965024174004127     
  -3.9134663928453479      -0.13976665688733386     
  -3.9134635210471247       -6.9883277161555804E-002
  -3.9134625637782219        0.0000000000000000     
  -3.9134635210471247        6.9883277161555804E-002
  -3.9134663928453479       0.13976665688733386     
  -3.9134711791474368       0.20965024174004127     
  -3.9134778799109671       0.27953413427935481     
  -3.9134864950765444       0.34941843706040571     
  -3.9134970245678056       0.41930325263226487     
  -3.9135094682914193       0.48918868353642742     
  -3.9135238261370864       0.55907483230529809     
  -3.9135400979775397       0.62896180146067604     
  -3.9135582836685470       0.69884969351224047     
  -3.9135783830489093       0.76873861095603579     
  -3.9136003959404646       0.83862865627295669     
  -3.9136243221480878       0.90851993192723468     
  -3.9136501614596906       0.97841254036492264     
  -3.9149169356203126        2.7264600087355748     
  -3.9149923856736013        2.7964231326240010     
  -3.9150697367009117        2.8663903429417390     
  -3.9151489880162265        2.9363617410121701     
  -3.9152301389166544        3.0063374280967166     
  -3.9153131886824362        3.0763175053933427     
  -3.9153981365769472        3.1463020740350469     
  -3.9154849818467046        3.2162912350883648     
  -3.9155737237213724        3.2862850895518663     
  -3.9156643614137647        3.3562837383546555     
  -3.9157568941198533        3.4262872823548718     
  -3.9158513210187720        3.4962958223381890     
  -3.9159476412728225        3.5663094590163205     
  -3.9160458540274803        3.6363282930255174     
  -3.9161459584114002        3.7063524249250754     
  -3.9162479535364230        3.7763819551958364     
  -3.9163518384975800        3.8464169842386946     
  -3.9164576123731010        3.9164576123731010     
  -3.9165652742244204        3.9865039398355711     
  -3.8466303512736864       -4.0564465522522504     
  -3.8465227409412077       -3.9863962951572520     
  -3.8464169842386946       -3.9163518384975800     
  -3.8463130821045142       -3.8463130821045142     
  -3.8462110354605414       -3.7762799257248951     
  -3.8461108452121566       -3.7062522690226234     
  -3.8460125122482336       -3.6362300115801482     
  -3.8459160374411390       -3.5662130528999652     
  -3.8458214216467224       -3.4962012924061114     
  -3.8457286657043133       -3.4261946294456607     
  -3.8456377704367122       -3.3561929632902214     
  -3.8455487366501884       -3.2861961931374335     
  -3.8454615651344719       -3.2162042181124675     
  -3.8453762566627496       -3.1462169372695223     
  -3.8452928119916598       -3.0762342495933277     
  -3.8452112318612852       -3.0062560540006409     
  -3.8451315169951505       -2.9362822493417515     
  -3.8450536681002165       -2.8663127344019794     
  -3.8449776858668741       -2.7963474079031809     
  -3.8449035709689410       -2.7263861685052491     
  -3.8436592136117316      -0.97838598164662249     
  -3.8436338315541971      -0.90849526927644664     
  -3.8436103287463164      -0.83860588990828722     
  -3.8435887053964048      -0.76871774107928104     
  -3.8435689616961182      -0.69883072030838511     
  -3.8435510978204501      -0.62894472509789179     
  -3.8435351139277318      -0.55905965293494286     
  -3.8435210101596318      -0.48917540129304399     
  -3.8435087866411526      -0.41929186763358028     
  -3.8434984434806330      -0.34940894940733019     
  -3.8434899807697436      -0.27952654405598137     
  -3.8434833985834906      -0.20964454901364493     
  -3.8434786969802111      -0.13976286170837132     
  -3.8434758760015755       -6.9881379563665011E-002
  -3.8434749356725852        0.0000000000000000     
  -3.8434758760015755        6.9881379563665011E-002
  -3.8434786969802111       0.13976286170837132     
  -3.8434833985834906       0.20964454901364493     
  -3.8434899807697436       0.27952654405598137     
  -3.8434984434806330       0.34940894940733019     
  -3.8435087866411526       0.41929186763358028     
  -3.8435210101596318       0.48917540129304399     
  -3.8435351139277318       0.55905965293494286     
  -3.8435510978204501       0.62894472509789179     
  -3.8435689616961182       0.69883072030838511     
  -3.8435887053964048       0.76871774107928104     
  -3.8436103287463164       0.83860588990828722     
  -3.8436338315541971       0.90849526927644664     
  -3.8436592136117316       0.97838598164662249     
  -3.8449035709689410        2.7263861685052491     
  -3.8449776858668741        2.7963474079031809     
  -3.8450536681002165        2.8663127344019794     
  -3.8451315169951505        2.9362822493417515     
  -3.8452112318612852        3.0062560540006409     
  -3.8452928119916598        3.0762342495933277     
  -3.8453762566627496        3.1462169372695223     
  -3.8454615651344719        3.2162042181124675     
  -3.8455487366501884        3.2861961931374335     
  -3.8456377704367122        3.3561929632902214     
  -3.8457286657043133        3.4261946294456607     
  -3.8458214216467224        3.4962012924061114     
  -3.8459160374411390        3.5662130528999652     
  -3.8460125122482336        3.6362300115801482     
  -3.8461108452121566        3.7062522690226234     
  -3.8462110354605414        3.7762799257248951     
  -3.8463130821045142        3.8463130821045142     
  -3.8464169842386946        3.9163518384975800     
  -3.8465227409412077        3.9863962951572520     
  -3.8466303512736864        4.0564465522522504     
  -3.7765914766493274       -4.0563389934381666     
  -3.7764858058111050       -3.9862905728006113     
  -3.7763819551958364       -3.9162479535364230     
  -3.7762799257248951       -3.8462110354605414     
  -3.7761797183034638       -3.7761797183034638     
  -3.7760813338205259       -3.7061539017127387     
  -3.7759847731488603       -3.6361334852544585     
  -3.7758900371450346       -3.5661183684147550     
  -3.7757971266494010       -3.4961084506012976     
  -3.7757060424860889       -3.4261036311447848     
  -3.7756167854629994       -3.3561038093004441     
  -3.7755293563718002       -3.2861088842495301     
  -3.7754437559879208       -3.2161187551008221     
  -3.7753599850705464       -3.1461333208921221     
  -3.7752780443626124       -3.0761524805917584     
  -3.7751979345907998       -3.0061761331000816     
  -3.7751196564655314       -2.9362041772509690     
  -3.7750432106809639       -2.8662365118133248     
  -3.7749685979149867       -2.7962730354925829     
  -3.7736738892967221      -0.97835989722507610     
  -3.7736489647179443      -0.90847104706172743     
  -3.7736258855178542      -0.83858353011507869     
  -3.7736046519009938      -0.76869724390575811     
  -3.7735852640555483      -0.69881208593621269     
  -3.7735677221533424      -0.62892795369222376     
  -3.7735520263498401      -0.55904474464442089     
  -3.7735381767841440      -0.48916235624979648     
  -3.7735261735789933      -0.41928068595322149     
  -3.7735160168407638      -0.34939963118895961     
  -3.7735077066594673      -0.27951908938218278     
  -3.7735012431087500      -0.20963895795048612     
  -3.7734966262458940      -0.13975913430540352     
  -3.7734938561118141       -6.9879515853922491E-002
  -3.7734929327310596        0.0000000000000000     
  -3.7734938561118141        6.9879515853922491E-002
  -3.7734966262458940       0.13975913430540352     
  -3.7735012431087500       0.20963895795048612     
  -3.7735077066594673       0.27951908938218278     
  -3.7735160168407638       0.34939963118895961     
  -3.7735261735789933       0.41928068595322149     
  -3.7735381767841440       0.48916235624979648     
  -3.7735520263498401       0.55904474464442089     
  -3.7735677221533424       0.62892795369222376     
  -3.7735852640555483       0.69881208593621269     
  -3.7736046519009938       0.76869724390575811     
  -3.7736258855178542       0.83858353011507869     
  -3.7736489647179443       0.90847104706172743     
  -3.7736738892967221       0.97835989722507610     
  -3.7749685979149867        2.7962730354925829     
  -3.7750432106809639        2.8662365118133248     
  -3.7751196564655314        2.9362041772509690     
  -3.7751979345907998        3.0061761331000816     
  -3.7752780443626124        3.0761524805917584     
  -3.7753599850705464        3.1461333208921221     
  -3.7754437559879208        3.2161187551008221     
  -3.7755293563718002        3.2861088842495301     
  -3.7756167854629994        3.3561038093004441     
  -3.7757060424860889        3.4261036311447848     
  -3.7757971266494010        3.4961084506012976     
  -3.7758900371450346        3.5661183684147550     
  -3.7759847731488603        3.6361334852544585     
  -3.7760813338205259        3.7061539017127387     
  -3.7761797183034638        3.7761797183034638     
  -3.7762799257248951        3.8462110354605414     
  -3.7763819551958364        3.9162479535364230     
  -3.7764858058111050        3.9862905728006113     
  -3.7765914766493274        4.0563389934381666     
  -3.7065580989378502       -4.0562333912904771     
  -3.7064543685316100       -3.9861867737038073     
  -3.7063524249250754       -3.9161459584114002     
  -3.7062522690226234       -3.8461108452121566     
  -3.7061539017127387       -3.7760813338205259     
  -3.7060573238680057       -3.7060573238680057     
  -3.7059625363451034       -3.6360387149046298     
  -3.7058695399847985       -3.5660254064004664     
  -3.7057783356119414       -3.4960172977471142     
  -3.7056889240354578       -3.4260142882591968     
  -3.7056013060483459       -3.3560162771758604     
  -3.7055154824276704       -3.2860231636622736     
  -3.7054314539345552       -3.2160348468111235     
  -3.7053492213141803       -3.1460512256441153     
  -3.7052687852957771       -3.0760721991134754     
  -3.7051901465926211       -3.0060976661034471     
  -3.7051133059020289       -2.9361275254317967     
  -3.7050382639053532       -2.8661616758513113     
  -3.7049650212679772       -2.7962000160513036     
  -3.7036940877537794      -0.97833428733118699     
  -3.7036696208743880      -0.90844726549749144     
  -3.7036469654863784      -0.83856157709125545     
  -3.7036261217905193      -0.76867711961690033     
  -3.7036070899715243      -0.69879379056066493     
  -3.7035898701980488      -0.62891148739212144     
  -3.7035744626226879      -0.55903010756568872     
  -3.7035608673819778      -0.48914954852214804     
  -3.7035490845963945      -0.41926970769015787     
  -3.7035391143703507      -0.34939048248776894     
  -3.7035309567921981      -0.27951177032393948     
  -3.7035246119342240      -0.20963346860005042     
  -3.7035200798526531      -0.13975547471142089     
  -3.7035173605876466       -6.9877686048823523E-002
  -3.7035164541633003        0.0000000000000000     
  -3.7035173605876466        6.9877686048823523E-002
  -3.7035200798526531       0.13975547471142089     
  -3.7035246119342240       0.20963346860005042     
  -3.7035309567921981       0.27951177032393948     
  -3.7035391143703507       0.34939048248776894     
  -3.7035490845963945       0.41926970769015787     
  -3.7035608673819778       0.48914954852214804     
  -3.7035744626226879       0.55903010756568872     
  -3.7035898701980488       0.62891148739212144     
  -3.7036070899715243       0.69879379056066493     
  -3.7036261217905193       0.76867711961690033     
  -3.7036469654863784       0.83856157709125545     
  -3.7036696208743880       0.90844726549749144     
  -3.7036940877537794       0.97833428733118699     
  -3.7049650212679772        2.7962000160513036     
  -3.7050382639053532        2.8661616758513113     
  -3.7051133059020289        2.9361275254317967     
  -3.7051901465926211        3.0060976661034471     
  -3.7052687852957771        3.0760721991134754     
  -3.7053492213141803        3.1460512256441153     
  -3.7054314539345552        3.2160348468111235     
  -3.7055154824276704        3.2860231636622736     
  -3.7056013060483459        3.3560162771758604     
  -3.7056889240354578        3.4260142882591968     
  -3.7057783356119414        3.4960172977471142     
  -3.7058695399847985        3.5660254064004664     
  -3.7059625363451034        3.6360387149046298     
  -3.7060573238680057        3.7060573238680057     
  -3.7061539017127387        3.7760813338205259     
  -3.7062522690226234        3.8461108452121566     
  -3.7063524249250754        3.9161459584114002     
  -3.7064543685316100        3.9861867737038073     
  -3.7065580989378502        4.0562333912904771     
  -3.6386610406114879       -5.3180430593552517     
  -3.6385278605494960       -5.2478767219463878     
  -3.6383964152159742       -5.1777179754996556     
  -3.6365301177725677       -4.0561297467463255     
  -3.6364283287187833       -3.9860848987878974     
  -3.6363282930255174       -3.9160458540274803     
  -3.6362300115801482       -3.8460125122482336     
  -3.6361334852544585       -3.7759847731488603     
  -3.6360387149046298       -3.7059625363451034     
  -3.6359457013712380       -3.6359457013712380     
  -3.6358544454792456       -3.5659341676815672     
  -3.6357649480379961       -3.4959278346519196     
  -3.6356772098412113       -3.4259266015811414     
  -3.6355912316669814       -3.3559303676925980     
  -3.6355070142777639       -3.2859390321356710     
  -3.6354245584203757       -3.2159524939872552     
  -3.6353438648259888       -3.1459706522532596     
  -3.6352649342101264       -3.0759934058701068     
  -3.6351877672726554       -3.0060206537062339     
  -3.6351123646977848       -2.9360522945635954     
  -3.6350387271540585       -2.8660882271791617     
  -3.6349668552943526       -2.7961283502264247     
  -3.6337197081404118      -0.97830915219164927     
  -3.6336956991769767      -0.90842392479424416     
  -3.6336734678015787      -0.83854003103113350     
  -3.6336530142112133      -0.76865736839083354     
  -3.6336343385871204      -0.69877583434367696     
  -3.6336174410947852      -0.62889532634332823     
  -3.6336023218839344      -0.55901574182829761     
  -3.6335889810885380      -0.48913697822345703     
  -3.6335774188268064      -0.41925893294155453     
  -3.6335676352011896      -0.34938150338472973     
  -3.6335596302983784      -0.27950458694602914     
  -3.6335534041893016      -0.20962808101092123     
  -3.6335489569291268      -0.13975188295881258     
  -3.6335462885572594       -6.9875890164562693E-002
  -3.6335453990973434        0.0000000000000000     
  -3.6335462885572594        6.9875890164562693E-002
  -3.6335489569291268       0.13975188295881258     
  -3.6335534041893016       0.20962808101092123     
  -3.6335596302983784       0.27950458694602914     
  -3.6335676352011896       0.34938150338472973     
  -3.6335774188268064       0.41925893294155453     
  -3.6335889810885380       0.48913697822345703     
  -3.6336023218839344       0.55901574182829761     
  -3.6336174410947852       0.62889532634332823     
  -3.6336343385871204       0.69877583434367696     
  -3.6336530142112133       0.76865736839083354     
  -3.6336734678015787       0.83854003103113350     
  -3.6336956991769767       0.90842392479424416     
  -3.6337197081404118       0.97830915219164927     
  -3.6349668552943526        2.7961283502264247     
  -3.6350387271540585        2.8660882271791617     
  -3.6351123646977848        2.9360522945635954     
  -3.6351877672726554        3.0060206537062339     
  -3.6352649342101264        3.0759934058701068     
  -3.6353438648259888        3.1459706522532596     
  -3.6354245584203757        3.2159524939872552     
  -3.6355070142777639        3.2859390321356710     
  -3.6355912316669814        3.3559303676925980     
  -3.6356772098412113        3.4259266015811414     
  -3.6357649480379961        3.4959278346519196     
  -3.6358544454792456        3.5659341676815672     
  -3.6359457013712380        3.6359457013712380     
  -3.6360387149046298        3.7059625363451034     
  -3.6361334852544585        3.7759847731488603     
  -3.6362300115801482        3.8460125122482336     
  -3.6363282930255174        3.9160458540274803     
  -3.6364283287187833        3.9860848987878974     
  -3.6365301177725677        4.0561297467463255     
  -3.6383964152159742        5.1777179754996556     
  -3.6385278605494960        5.2478767219463878     
  -3.6386610406114879        5.3180430593552517     
  -3.5689998100495623       -5.5284506861552050     
  -3.5688640733096619       -5.4582627003559532     
  -3.5687300346757440       -5.3880826013731822     
  -3.5685976953378509       -5.3179102910916995     
  -3.5684670564708778       -5.2477456712807031     
  -3.5666089985250036       -4.1260770767250046     
  -3.5665074327068589       -4.0560280607254473     
  -3.5664075859087432       -3.9859849489568306     
  -3.5663094590163205       -3.9159476412728225     
  -3.5662130528999652       -3.8459160374411390     
  -3.5661183684147550       -3.7758900371450346     
  -3.5660254064004664       -3.7058695399847985     
  -3.5659341676815672       -3.6358544454792456     
  -3.5658446530672121       -3.5658446530672121     
  -3.5657568633512371       -3.4958400621090560     
  -3.5656707993121528       -3.4258405718881471     
  -3.5655864617131408       -3.3558460816123676     
  -3.5655038513020476       -3.2858564904156129     
  -3.5654229688113803       -3.2158716973592845     
  -3.5653438149582999       -3.1458916014337941     
  -3.5652663904446174       -3.0759161015600625     
  -3.5651906959567903       -3.0059450965910193     
  -3.5651167321659152       -2.9359784853131066     
  -3.5650444997277262       -2.8660161664477801     
  -3.5649739992825880       -2.7960580386530101     
  -3.5637506495340188      -0.97828449202894641     
  -3.5637270986990490      -0.90840102515858123     
  -3.5637052915330338      -0.83851889212541975     
  -3.5636852282291938      -0.76863799040237524     
  -3.5636669089652959      -0.69875821744417566     
  -3.5636503339036536      -0.62887947068888006     
  -3.5636355031911249      -0.55900164755939219     
  -3.5636224169591126      -0.48912464546497625     
  -3.5636110753235610      -0.41924836180277192     
  -3.5636014783849581      -0.34937269395930964     
  -3.5635936262283328      -0.27949753931202614     
  -3.5635875189232542      -0.20962279523077965     
  -3.5635831565238330      -0.13974835907936603     
  -3.5635805390687203       -6.9874128217033746E-002
  -3.5635796665811061        0.0000000000000000     
  -3.5635805390687203        6.9874128217033746E-002
  -3.5635831565238330       0.13974835907936603     
  -3.5635875189232542       0.20962279523077965     
  -3.5635936262283328       0.27949753931202614     
  -3.5636014783849581       0.34937269395930964     
  -3.5636110753235610       0.41924836180277192     
  -3.5636224169591126       0.48912464546497625     
  -3.5636355031911249       0.55900164755939219     
  -3.5636503339036536       0.62887947068888006     
  -3.5636669089652959       0.69875821744417566     
  -3.5636852282291938       0.76863799040237524     
  -3.5637052915330338       0.83851889212541975     
  -3.5637270986990490       0.90840102515858123     
  -3.5637506495340188       0.97828449202894641     
  -3.5649739992825880        2.7960580386530101     
  -3.5650444997277262        2.8660161664477801     
  -3.5651167321659152        2.9359784853131066     
  -3.5651906959567903        3.0059450965910193     
  -3.5652663904446174        3.0759161015600625     
  -3.5653438149582999        3.1458916014337941     
  -3.5654229688113803        3.2158716973592845     
  -3.5655038513020476        3.2858564904156129     
  -3.5655864617131408        3.3558460816123676     
  -3.5656707993121528        3.4258405718881471     
  -3.5657568633512371        3.4958400621090560     
  -3.5658446530672121        3.5658446530672121     
  -3.5659341676815672        3.6358544454792456     
  -3.5660254064004664        3.7058695399847985     
  -3.5661183684147550        3.7758900371450346     
  -3.5662130528999652        3.8459160374411390     
  -3.5663094590163205        3.9159476412728225     
  -3.5664075859087432        3.9859849489568306     
  -3.5665074327068589        4.0560280607254473     
  -3.5666089985250036        4.1260770767250046     
  -3.5684670564708778        5.2477456712807031     
  -3.5685976953378509        5.3179102910916995     
  -3.5687300346757440        5.3880826013731822     
  -3.5688640733096619        5.4582627003559532     
  -3.5689998100495623        5.5284506861552050     
  -3.4993430802895622       -5.7389226516748826     
  -3.4992049970719403       -5.6687120952565433     
  -3.4990685753266999       -5.5985097205227188     
  -3.4989338162651351       -5.5283154296989139     
  -3.4988007210837146       -5.4581291248905943     
  -3.4986692909640706       -5.3879507080846682     
  -3.4985395270729933       -5.3177800811509499     
  -3.4984114305624212       -5.2476171458436323     
  -3.4965895324393315       -4.1259756482784109     
  -3.4964899432156620       -4.0559283341301677     
  -3.4963920395591614       -3.9858869250974447     
  -3.4962958223381890       -3.9158513210187720     
  -3.4962012924061114       -3.8458214216467224     
  -3.4961084506012976       -3.7757971266494010     
  -3.4960172977471142       -3.7057783356119414     
  -3.4959278346519196       -3.6357649480379961     
  -3.4958400621090560       -3.5657568633512371     
  -3.4957539808968479       -3.4957539808968479     
  -3.4956695917785940       -3.4257561999430224     
  -3.4955868955025626       -3.3557634196824599     
  -3.4955058928019871       -3.2857755392338679     
  -3.4954265843950605       -3.2157924576434556     
  -3.4953489709849297       -3.1458140738864366     
  -3.4952730532596923       -3.0758402868685293     
  -3.4951988318923921       -3.0058709954274572     
  -3.4951263075410122       -2.9359060983344500     
  -3.4950554808484720       -2.8659454942957470     
  -3.4937868109333912      -0.97826030706134948     
  -3.4937637184353330      -0.90837856679318651     
  -3.4937423356717097      -0.83849816056121029     
  -3.4937226628319662      -0.76861898582303256     
  -3.4937047000903956      -0.69874094001807907     
  -3.4936884476061398      -0.62886392056910512     
  -3.4936739055231869      -0.55898782488371002     
  -3.4936610739703720      -0.48911255035585205     
  -3.4936499530613734      -0.41923799436736475     
  -3.4936405428947150      -0.34936405428947148     
  -3.4936328435537649      -0.27949062748430120     
  -3.4936268551067324      -0.20961761130640394     
  -3.4936225776066712      -0.13974490310426688     
  -3.4936200110914766       -6.9872400221829528E-002
  -3.4936191555838851        0.0000000000000000     
  -3.4936200110914766        6.9872400221829528E-002
  -3.4936225776066712       0.13974490310426688     
  -3.4936268551067324       0.20961761130640394     
  -3.4936328435537649       0.27949062748430120     
  -3.4936405428947150       0.34936405428947148     
  -3.4936499530613734       0.41923799436736475     
  -3.4936610739703720       0.48911255035585205     
  -3.4936739055231869       0.55898782488371002     
  -3.4936884476061398       0.62886392056910512     
  -3.4937047000903956       0.69874094001807907     
  -3.4937226628319662       0.76861898582303256     
  -3.4937423356717097       0.83849816056121029     
  -3.4937637184353330       0.90837856679318651     
  -3.4937868109333912       0.97826030706134948     
  -3.4950554808484720        2.8659454942957470     
  -3.4951263075410122        2.9359060983344500     
  -3.4951988318923921        3.0058709954274572     
  -3.4952730532596923        3.0758402868685293     
  -3.4953489709849297        3.1458140738864366     
  -3.4954265843950605        3.2157924576434556     
  -3.4955058928019871        3.2857755392338679     
  -3.4955868955025626        3.3557634196824599     
  -3.4956695917785940        3.4257561999430224     
  -3.4957539808968479        3.4957539808968479     
  -3.4958400621090560        3.5657568633512371     
  -3.4959278346519196        3.6357649480379961     
  -3.4960172977471142        3.7057783356119414     
  -3.4961084506012976        3.7757971266494010     
  -3.4962012924061114        3.8458214216467224     
  -3.4962958223381890        3.9158513210187720     
  -3.4963920395591614        3.9858869250974447     
  -3.4964899432156620        4.0559283341301677     
  -3.4965895324393315        4.1259756482784109     
  -3.4984114305624212        5.2476171458436323     
  -3.4985395270729933        5.3177800811509499     
  -3.4986692909640706        5.3879507080846682     
  -3.4988007210837146        5.4581291248905943     
  -3.4989338162651351        5.5283154296989139     
  -3.4990685753266999        5.5985097205227188     
  -3.4992049970719403        5.6687120952565433     
  -3.4993430802895622        5.7389226516748826     
  -3.4296898165646423       -5.9494619266937674     
  -3.4295495969378642       -5.8792278804649092     
  -3.4294110021473028       -5.8090023097597161     
  -3.4292740334236509       -5.7387851171579465     
  -3.4291386919830957       -5.6685762051149124     
  -3.4290049790273098       -5.5983754759629543     
  -3.4288728957434431       -5.5281828319128987     
  -3.4287424433041154       -5.4579981750555309     
  -3.4286136228674065       -5.3878214073630666     
  -3.4284864355768478       -5.3176524306906217     
  -3.4283608825614178       -5.2474911467776799     
  -3.4265751604424510       -4.1258762135939717     
  -3.4264775486969690       -4.0558305678453914     
  -3.4263815890507598       -3.9857908280794554     
  -3.4262872823548718       -3.9157568941198533     
  -3.4261946294456607       -3.8457286657043133     
  -3.4261036311447848       -3.7757060424860889     
  -3.4260142882591968       -3.7056889240354578     
  -3.4259266015811414       -3.6356772098412113     
  -3.4258405718881471       -3.5656707993121528     
  -3.4257561999430224       -3.4956695917785940     
  -3.4256734864938507       -3.4256734864938507     
  -3.4255924322739846       -3.3556823826357394     
  -3.4255130380020402       -3.2856961793080792     
  -3.4254353043818946       -3.2157147755421867     
  -3.4253592321026782       -3.1457380702983775     
  -3.4252848218387717       -3.0757659624674685     
  -3.4252120742498020       -3.0057983508722752     
  -3.4251409899806360       -2.9358351342691162     
  -3.4250715696613772       -2.8658762113493155     
  -3.4238280912602059      -0.97823659750291592     
  -3.4238054573034411      -0.90835654989683134     
  -3.4237844991314561      -0.83847783652198915     
  -3.4237652169299184      -0.76860035482100209     
  -3.4237476108696470      -0.69872400221829523     
  -3.4237316811066112      -0.62884867612162243     
  -3.4237174277819289      -0.55897427392358023     
  -3.4237048510218662      -0.48910069300312370     
  -3.4236939509378361      -0.41922783072708192     
  -3.4236847276263980      -0.34935558445167325     
  -3.4236771811692579      -0.27948385152402105     
  -3.4236713116332660      -0.20961252928366933     
  -3.4236671190704175      -0.13974151506409868     
  -3.4236646035178522       -6.9870706194241891E-002
  -3.4236637649978547        0.0000000000000000     
  -3.4236646035178522        6.9870706194241891E-002
  -3.4236671190704175       0.13974151506409868     
  -3.4236713116332660       0.20961252928366933     
  -3.4236771811692579       0.27948385152402105     
  -3.4236847276263980       0.34935558445167325     
  -3.4236939509378361       0.41922783072708192     
  -3.4237048510218662       0.48910069300312370     
  -3.4237174277819289       0.55897427392358023     
  -3.4237316811066112       0.62884867612162243     
  -3.4237476108696470       0.69872400221829523     
  -3.4237652169299184       0.76860035482100209     
  -3.4237844991314561       0.83847783652198915     
  -3.4238054573034411       0.90835654989683134     
  -3.4238280912602059       0.97823659750291592     
  -3.4250715696613772        2.8658762113493155     
  -3.4251409899806360        2.9358351342691162     
  -3.4252120742498020        3.0057983508722752     
  -3.4252848218387717        3.0757659624674685     
  -3.4253592321026782        3.1457380702983775     
  -3.4254353043818946        3.2157147755421867     
  -3.4255130380020402        3.2856961793080792     
  -3.4255924322739846        3.3556823826357394     
  -3.4256734864938507        3.4256734864938507     
  -3.4257561999430224        3.4956695917785940     
  -3.4258405718881471        3.5656707993121528     
  -3.4259266015811414        3.6356772098412113     
  -3.4260142882591968        3.7056889240354578     
  -3.4261036311447848        3.7757060424860889     
  -3.4261946294456607        3.8457286657043133     
  -3.4262872823548718        3.9157568941198533     
  -3.4263815890507598        3.9857908280794554     
  -3.4264775486969690        4.0558305678453914     
  -3.4265751604424510        4.1258762135939717     
  -3.4283608825614178        5.2474911467776799     
  -3.4284864355768478        5.3176524306906217     
  -3.4286136228674065        5.3878214073630666     
  -3.4287424433041154        5.4579981750555309     
  -3.4288728957434431        5.5281828319128987     
  -3.4290049790273098        5.5983754759629543     
  -3.4291386919830957        5.6685762051149124     
  -3.4292740334236509        5.7387851171579465     
  -3.4294110021473028        5.8090023097597161     
  -3.4295495969378642        5.8792278804649092     
  -3.4296898165646423        5.9494619266937674     
  -3.3598968388413892       -6.0898130204000180     
  -3.3597562809120034       -6.0195633366340058     
  -3.3596173124368875       -5.9493223241069888     
  -3.3594799346500945       -5.8790898856376659     
  -3.3593441487714846       -5.8088659239173586     
  -3.3592099560067159       -5.7386503415114740     
  -3.3590773575472359       -5.6684430408609607     
  -3.3589463545702722       -5.5982439242837865     
  -3.3588169482388261       -5.5280528939764020     
  -3.3586891397016636       -5.4578698520152038     
  -3.3585629300933060       -5.3876947003580113     
  -3.3584383205340238       -5.3175273408455386     
  -3.3583153121298284       -5.2473676752028569     
  -3.3565657818744836       -4.1257787735540523     
  -3.3564701484733250       -4.0557347627386005     
  -3.3563761336888041       -3.9856966587554550     
  -3.3562837383546555       -3.9156643614137647     
  -3.3561929632902214       -3.8456377704367122     
  -3.3561038093004441       -3.7756167854629994     
  -3.3560162771758604       -3.7056013060483459     
  -3.3559303676925980       -3.6355912316669814     
  -3.3558460816123676       -3.5655864617131408     
  -3.3557634196824599       -3.4955868955025626     
  -3.3556823826357394       -3.4255924322739846     
  -3.3556029711906392       -3.3556029711906392     
  -3.3555251860511572       -3.2856184113417579     
  -3.3554490279068494       -3.2156386517440643     
  -3.3553744974328281       -3.1456635913432764     
  -3.3553015952897542       -3.0756931290156082     
  -3.3552303221238344       -3.0057271635692686     
  -3.3551606785668180       -2.9357655937459657     
  -3.3550926652359885       -2.8658083182224070     
  -3.3538743893605294      -0.97821336356348776     
  -3.3538522141453750      -0.90833497466437252     
  -3.3538316807505097      -0.83845792018762744     
  -3.3538127893578240      -0.76858209756116802     
  -3.3537955401346613      -0.69870740419472110     
  -3.3537799332338176      -0.62883373748134086     
  -3.3537659687935406      -0.55896099479892347     
  -3.3537536469375269      -0.48908907351172265     
  -3.3537429677749229      -0.41921787097186536     
  -3.3537339314003241      -0.34934728452086711     
  -3.3537265378937735      -0.27947721149114785     
  -3.3537207873207620      -0.20960754920754762     
  -3.3537166797322264      -0.13973819498884277     
  -3.3537142151645511       -6.9869046149261496E-002
  -3.3537133936395671        0.0000000000000000     
  -3.3537142151645511        6.9869046149261496E-002
  -3.3537166797322264       0.13973819498884277     
  -3.3537207873207620       0.20960754920754762     
  -3.3537265378937735       0.27947721149114785     
  -3.3537339314003241       0.34934728452086711     
  -3.3537429677749229       0.41921787097186536     
  -3.3537536469375269       0.48908907351172265     
  -3.3537659687935406       0.55896099479892347     
  -3.3537799332338176       0.62883373748134086     
  -3.3537955401346613       0.69870740419472110     
  -3.3538127893578240       0.76858209756116802     
  -3.3538316807505097       0.83845792018762744     
  -3.3538522141453750       0.90833497466437252     
  -3.3538743893605294       0.97821336356348776     
  -3.3550926652359885        2.8658083182224070     
  -3.3551606785668180        2.9357655937459657     
  -3.3552303221238344        3.0057271635692686     
  -3.3553015952897542        3.0756931290156082     
  -3.3553744974328281        3.1456635913432764     
  -3.3554490279068494        3.2156386517440643     
  -3.3555251860511572        3.2856184113417579     
  -3.3556029711906392        3.3556029711906392     
  -3.3556823826357394        3.4255924322739846     
  -3.3557634196824599        3.4955868955025626     
  -3.3558460816123676        3.5655864617131408     
  -3.3559303676925980        3.6355912316669814     
  -3.3560162771758604        3.7056013060483459     
  -3.3561038093004441        3.7756167854629994     
  -3.3561929632902214        3.8456377704367122     
  -3.3562837383546555        3.9156643614137647     
  -3.3563761336888041        3.9856966587554550     
  -3.3564701484733250        4.0557347627386005     
  -3.3565657818744836        4.1257787735540523     
  -3.3583153121298284        5.2473676752028569     
  -3.3584383205340238        5.3175273408455386     
  -3.3585629300933060        5.3876947003580113     
  -3.3586891397016636        5.4578698520152038     
  -3.3588169482388261        5.5280528939764020     
  -3.3589463545702722        5.5982439242837865     
  -3.3590773575472359        5.6684430408609607     
  -3.3592099560067159        5.7386503415114740     
  -3.3593441487714846        5.8088659239173586     
  -3.3594799346500945        5.8790898856376659     
  -3.3596173124368875        5.9493223241069888     
  -3.3597562809120034        6.0195633366340058     
  -3.3598968388413892        6.0898130204000180     
  -3.2898234154403045       -6.0896731307086487     
  -3.2896857663818975       -6.0194250193370884     
  -3.2895496738863619       -5.9491855804327827     
  -3.2894151391621218       -5.8789547168003882     
  -3.2892821634037031       -5.8087323311171772     
  -3.2891507477917239       -5.7385183259344972     
  -3.2890208934928862       -5.6683126036792295     
  -3.2888926016599696       -5.5981150666552670     
  -3.2887658734318204       -5.5279256170449749     
  -3.2886407099333463       -5.4577441569106595     
  -3.2885171122755059       -5.3875705881960414     
  -3.2883950815553029       -5.3174048127277240     
  -3.2866565344989427       -4.1957317461688630     
  -3.2865612960016062       -4.1256833290232926     
  -3.2864676417933238       -4.0556409196598464     
  -3.2863755727046042       -3.9856044179609031     
  -3.2862850895518663       -3.9155737237213724     
  -3.2861961931374335       -3.8455487366501884     
  -3.2861088842495301       -3.7755293563718002     
  -3.2860231636622736       -3.7055154824276704     
  -3.2859390321356710       -3.6355070142777639     
  -3.2858564904156129       -3.5655038513020476     
  -3.2857755392338679       -3.4955058928019871     
  -3.2856961793080792       -3.4255130380020402     
  -3.2856184113417579       -3.3555251860511572     
  -3.2855422360242796       -3.2855422360242796     
  -3.2854676540308785       -3.2155640869238389     
  -3.2853946660226443       -3.1455906376812548     
  -3.2853232726465156       -3.0756217871584401     
  -3.2852534745352777       -3.0056574341492963     
  -3.2851852723075567       -2.9356974773812210     
  -3.2851186665678171       -2.8657418155166066     
  -3.2839256040063187      -0.97819060544869063     
  -3.2839038877290245      -0.90831384128675152     
  -3.2838837792929954      -0.83843841173438172     
  -3.2838652788763425      -0.76856421420510146     
  -3.2838483866429349      -0.69869114609424143     
  -3.2838331027423941      -0.62881910478045844     
  -3.2838194273100960      -0.55894798762725051     
  -3.2838073604671685      -0.48907769198447187     
  -3.2837969023204905      -0.41920811518984985     
  -3.2837880529626928      -0.34933915457049919     
  -3.2837808124721559      -0.27947070744443880     
  -3.2837751809130094      -0.20960267112210698     
  -3.2837711583351337      -0.13973494290787805     
  -3.2837687447741568       -6.9867420101577815E-002
  -3.2837679402514559        0.0000000000000000     
  -3.2837687447741568        6.9867420101577815E-002
  -3.2837711583351337       0.13973494290787805     
  -3.2837751809130094       0.20960267112210698     
  -3.2837808124721559       0.27947070744443880     
  -3.2837880529626928       0.34933915457049919     
  -3.2837969023204905       0.41920811518984985     
  -3.2838073604671685       0.48907769198447187     
  -3.2838194273100960       0.55894798762725051     
  -3.2838331027423941       0.62881910478045844     
  -3.2838483866429349       0.69869114609424143     
  -3.2838652788763425       0.76856421420510146     
  -3.2838837792929954       0.83843841173438172     
  -3.2839038877290245       0.90831384128675152     
  -3.2839256040063187       0.97819060544869063     
  -3.2851186665678171        2.8657418155166066     
  -3.2851852723075567        2.9356974773812210     
  -3.2852534745352777        3.0056574341492963     
  -3.2853232726465156        3.0756217871584401     
  -3.2853946660226443        3.1455906376812548     
  -3.2854676540308785        3.2155640869238389     
  -3.2855422360242796        3.2855422360242796     
  -3.2856184113417579        3.3555251860511572     
  -3.2856961793080792        3.4255130380020402     
  -3.2857755392338679        3.4955058928019871     
  -3.2858564904156129        3.5655038513020476     
  -3.2859390321356710        3.6355070142777639     
  -3.2860231636622736        3.7055154824276704     
  -3.2861088842495301        3.7755293563718002     
  -3.2861961931374335        3.8455487366501884     
  -3.2862850895518663        3.9155737237213724     
  -3.2863755727046042        3.9856044179609031     
  -3.2864676417933238        4.0556409196598464     
  -3.2865612960016062        4.1256833290232926     
  -3.2866565344989427        4.1957317461688630     
  -3.2883950815553029        5.3174048127277240     
  -3.2885171122755059        5.3875705881960414     
  -3.2886407099333463        5.4577441569106595     
  -3.2887658734318204        5.5279256170449749     
  -3.2888926016599696        5.5981150666552670     
  -3.2890208934928862        5.6683126036792295     
  -3.2891507477917239        5.7385183259344972     
  -3.2892821634037031        5.8087323311171772     
  -3.2894151391621218        5.8789547168003882     
  -3.2895496738863619        5.9491855804327827     
  -3.2896857663818975        6.0194250193370884     
  -3.2898234154403045        6.0896731307086487     
  -3.2197547549357264       -6.0895361669436561     
  -3.2196200159735739       -6.0192895950810286     
  -3.2194868006688733       -5.9490516968881355     
  -3.2193551102044142       -5.8788223751558863     
  -3.2192249457493833       -5.8086015325478000     
  -3.2190963084593536       -5.7383890716014561     
  -3.2189691994762777       -5.6681848947299667     
  -3.2188436199284811       -5.5979889042234445     
  -3.2187195709306509       -5.5278010022504658     
  -3.2185970535838320       -5.4576210908595408     
  -3.2184760689754150       -5.3874490719805861     
  -3.2183566181791337       -5.3172848474263947     
  -3.2166548269974489       -4.1956367308662381     
  -3.2165616020175487       -4.1255898808485947     
  -3.2164699278331064       -4.0555490394417424     
  -3.2163798052570121       -3.9855141065141240     
  -3.2162912350883648       -3.9154849818467046     
  -3.2162042181124675       -3.8454615651344719     
  -3.2161187551008221       -3.7754437559879208     
  -3.2160348468111235       -3.7054314539345552     
  -3.2159524939872552       -3.6354245584203757     
  -3.2158716973592845       -3.5654229688113803     
  -3.2157924576434556       -3.4954265843950605     
  -3.2157147755421867       -3.4254353043818946     
  -3.2156386517440643       -3.3554490279068494     
  -3.2155640869238389       -3.2854676540308785     
  -3.2154910817424196       -3.2154910817424196     
  -3.2154196368468710       -3.1455192099588953     
  -3.2153497528704076       -3.0755519375282159     
  -3.2152814304323898       -3.0055891632302769     
  -3.2152146701383195       -2.9356307857784656     
  -3.2151494725798373       -2.8656767038211592     
  -3.2140044647039030       -1.0480449341425770     
  -3.2139816338969189      -0.97816832335993176     
  -3.2139603767496672      -0.90829314995099297     
  -3.2139406934504233      -0.83841931133489289     
  -3.2139225841735199      -0.76854670491105914     
  -3.2139060490793496      -0.69867522806072802     
  -3.2138910883143592      -0.62880477814846147     
  -3.2138777020110525      -0.55893525252366127     
  -3.2138658902879875      -0.48906654852208503     
  -3.2138556532497766      -0.41919856346736212     
  -3.2138469909870842      -0.34933119467250912     
  -3.2138399035766279      -0.27946433944144594     
  -3.2138343910811780      -0.20959789507051160     
  -3.2138304535495554      -0.13973175884998068     
  -3.2138280910166328       -6.9865828065578978E-002
  -3.2138273035033338        0.0000000000000000     
  -3.2138280910166328        6.9865828065578978E-002
  -3.2138304535495554       0.13973175884998068     
  -3.2138343910811780       0.20959789507051160     
  -3.2138399035766279       0.27946433944144594     
  -3.2138469909870842       0.34933119467250912     
  -3.2138556532497766       0.41919856346736212     
  -3.2138658902879875       0.48906654852208503     
  -3.2138777020110525       0.55893525252366127     
  -3.2138910883143592       0.62880477814846147     
  -3.2139060490793496       0.69867522806072802     
  -3.2139225841735199       0.76854670491105914     
  -3.2139406934504233       0.83841931133489289     
  -3.2139603767496672       0.90829314995099297     
  -3.2139816338969189       0.97816832335993176     
  -3.2140044647039030        1.0480449341425770     
  -3.2151494725798373        2.8656767038211592     
  -3.2152146701383195        2.9356307857784656     
  -3.2152814304323898        3.0055891632302769     
  -3.2153497528704076        3.0755519375282159     
  -3.2154196368468710        3.1455192099588953     
  -3.2154910817424196        3.2154910817424196     
  -3.2155640869238389        3.2854676540308785     
  -3.2156386517440643        3.3554490279068494     
  -3.2157147755421867        3.4254353043818946     
  -3.2157924576434556        3.4954265843950605     
  -3.2158716973592845        3.5654229688113803     
  -3.2159524939872552        3.6354245584203757     
  -3.2160348468111235        3.7054314539345552     
  -3.2161187551008221        3.7754437559879208     
  -3.2162042181124675        3.8454615651344719     
  -3.2162912350883648        3.9154849818467046     
  -3.2163798052570121        3.9855141065141240     
  -3.2164699278331064        4.0555490394417424     
  -3.2165616020175487        4.1255898808485947     
  -3.2166548269974489        4.1956367308662381     
  -3.2183566181791337        5.3172848474263947     
  -3.2184760689754150        5.3874490719805861     
  -3.2185970535838320        5.4576210908595408     
  -3.2187195709306509        5.5278010022504658     
  -3.2188436199284811        5.5979889042234445     
  -3.2189691994762777        5.6681848947299667     
  -3.2190963084593536        5.7383890716014561     
  -3.2192249457493833        5.8086015325478000     
  -3.2193551102044142        5.8788223751558863     
  -3.2194868006688733        5.9490516968881355     
  -3.2196200159735739        6.0192895950810286     
  -3.2197547549357264        6.0895361669436561     
  -3.1496907570642834       -6.0894021303242818     
  -3.1495589293977191       -6.0191570650711963     
  -3.1494285924694632       -5.9489206746645413     
  -3.1492997474366655       -5.8786928618817758     
  -3.1491723954431681       -5.8084735293729537     
  -3.1490465376194940       -5.7382625796621900     
  -3.1489221750828427       -5.6680599151491169     
  -3.1487993089370794       -5.5978654381103636     
  -3.1486779402727292       -5.5276790507010132     
  -3.1485580701669673       -5.4575006549560765     
  -3.1484396996836144       -5.3873301527919617     
  -3.1483228298731265       -5.3171674460079474     
  -3.1466578096803484       -4.1955437462404648     
  -3.1465665990450908       -4.1254984298591193     
  -3.1464769056978583       -4.0554591228994612     
  -3.1463887304339182       -3.9854257252162970     
  -3.1463020740350469       -3.9153981365769472     
  -3.1462169372695223       -3.8453762566627496     
  -3.1461333208921221       -3.7753599850705464     
  -3.1460512256441153       -3.7053492213141803     
  -3.1459706522532596       -3.6353438648259888     
  -3.1458916014337941       -3.5653438149582999     
  -3.1458140738864366       -3.4953489709849297     
  -3.1457380702983775       -3.4253592321026782     
  -3.1456635913432764       -3.3553744974328281     
  -3.1455906376812548       -3.2853946660226443     
  -3.1455192099588953       -3.2154196368468710     
  -3.1454493088092343       -3.1454493088092343     
  -3.1453809348517590       -3.0754835807439420     
  -3.1453140886924023       -3.0055223514171843     
  -3.1452487709235402       -2.9355655195286379     
  -3.1452487709235402        2.9355655195286379     
  -3.1453140886924023        3.0055223514171843     
  -3.1453809348517590        3.0754835807439420     
  -3.1454493088092343        3.1454493088092343     
  -3.1455192099588953        3.2154196368468710     
  -3.1455906376812548        3.2853946660226443     
  -3.1456635913432764        3.3553744974328281     
  -3.1457380702983775        3.4253592321026782     
  -3.1458140738864366        3.4953489709849297     
  -3.1458916014337941        3.5653438149582999     
  -3.1459706522532596        3.6353438648259888     
  -3.1460512256441153        3.7053492213141803     
  -3.1461333208921221        3.7753599850705464     
  -3.1462169372695223        3.8453762566627496     
  -3.1463020740350469        3.9153981365769472     
  -3.1463887304339182        3.9854257252162970     
  -3.1464769056978583        4.0554591228994612     
  -3.1465665990450908        4.1254984298591193     
  -3.1466578096803484        4.1955437462404648     
  -3.1483228298731265        5.3171674460079474     
  -3.1484396996836144        5.3873301527919617     
  -3.1485580701669673        5.4575006549560765     
  -3.1486779402727292        5.5276790507010132     
  -3.1487993089370794        5.5978654381103636     
  -3.1489221750828427        5.6680599151491169     
  -3.1490465376194940        5.7382625796621900     
  -3.1491723954431681        5.8084735293729537     
  -3.1492997474366655        5.8786928618817758     
  -3.1494285924694632        5.9489206746645413     
  -3.1495589293977191        6.0191570650711963     
  -3.1496907570642834        6.0894021303242818     
  -3.0797616933521663       -6.1595233867043326     
  -3.0796313214933506       -6.0892710220436701     
  -3.0795024062957590       -6.0190274304871645     
  -3.0793749489039040       -5.9487925149279963     
  -3.0792489504492919       -5.8785661781304661     
  -3.0791244120504144       -5.8083483227314625     
  -3.0790013348127414       -5.7381388512419269     
  -3.0788797198287123       -5.6679376660483118     
  -3.0787595681777296       -5.5977446694140536     
  -3.0786408809261494       -5.5275597634810412     
  -3.0785236591272755       -5.4573828502710793     
  -3.0784079038213519       -5.3872138316873652     
  -3.0782936160355545       -5.3170526095159580     
  -3.0766653816188723       -4.1954527931166448     
  -3.0765761861375651       -4.1254089768662805     
  -3.0764884744233121       -4.0553711708307292     
  -3.0764022472537547       -3.9853392748514551     
  -3.0763175053933427       -3.9153131886824362     
  -3.0762342495933277       -3.8452928119916598     
  -3.0761524805917584       -3.7752780443626124     
  -3.0760721991134754       -3.7052687852957771     
  -3.0759934058701068       -3.6352649342101264     
  -3.0759161015600625       -3.5652663904446174     
  -3.0758402868685293       -3.4952730532596923     
  -3.0757659624674685       -3.4252848218387717     
  -3.0756931290156082       -3.3553015952897542     
  -3.0756217871584401       -3.2853232726465156     
  -3.0755519375282159       -3.2153497528704076     
  -3.0754835807439420       -3.1453809348517590     
  -3.0754167174113758       -3.0754167174113758     
  -3.0753513481230210       -3.0054569993020430     
  -3.0752874734581246       -2.9355016792100277     
  -3.0752874734581246        2.9355016792100277     
  -3.0753513481230210        3.0054569993020430     
  -3.0754167174113758        3.0754167174113758     
  -3.0754835807439420        3.1453809348517590     
  -3.0755519375282159        3.2153497528704076     
  -3.0756217871584401        3.2853232726465156     
  -3.0756931290156082        3.3553015952897542     
  -3.0757659624674685        3.4252848218387717     
  -3.0758402868685293        3.4952730532596923     
  -3.0759161015600625        3.5652663904446174     
  -3.0759934058701068        3.6352649342101264     
  -3.0760721991134754        3.7052687852957771     
  -3.0761524805917584        3.7752780443626124     
  -3.0762342495933277        3.8452928119916598     
  -3.0763175053933427        3.9153131886824362     
  -3.0764022472537547        3.9853392748514551     
  -3.0764884744233121        4.0553711708307292     
  -3.0765761861375651        4.1254089768662805     
  -3.0766653816188723        4.1954527931166448     
  -3.0782936160355545        5.3170526095159580     
  -3.0784079038213519        5.3872138316873652     
  -3.0785236591272755        5.4573828502710793     
  -3.0786408809261494        5.5275597634810412     
  -3.0787595681777296        5.5977446694140536     
  -3.0788797198287123        5.6679376660483118     
  -3.0790013348127414        5.7381388512419269     
  -3.0791244120504144        5.8083483227314625     
  -3.0792489504492919        5.8785661781304661     
  -3.0793749489039040        5.9487925149279963     
  -3.0795024062957590        6.0190274304871645     
  -3.0796313214933506        6.0892710220436701     
  -3.0797616933521663        6.1595233867043326     
  -3.0097037731452017       -6.1593937682971571     
  -3.0095763478225428       -6.0891428432688661     
  -3.0094503462413500       -6.0189006924827000     
  -3.0093257695201916       -5.9486672188189837     
  -3.0092026187649248       -5.8784423250291562     
  -3.0090808950686876       -5.8082259137372345     
  -3.0089605995118909       -5.7380178874412806     
  -3.0088417331622104       -5.6678181485148622     
  -3.0087242970745800       -5.5976265992085210     
  -3.0086082922911839       -5.5274431416512453     
  -3.0084937198414492       -5.4572676778519318     
  -3.0083805807420392       -5.3871001097008611     
  -3.0066774418163078       -4.1953638723018249     
  -3.0065902622803535       -4.1253215226637412     
  -3.0065045329772437       -4.0552851840158164     
  -3.0064202546669914       -3.9852547561864773     
  -3.0063374280967166       -3.9152301389166544     
  -3.0062560540006409       -3.8452112318612852     
  -3.0061761331000816       -3.7751979345907998     
  -3.0060976661034471       -3.7051901465926211     
  -3.0060206537062339       -3.6351877672726554     
  -3.0059450965910193       -3.5651906959567903     
  -3.0058709954274572       -3.4951988318923921     
  -3.0057983508722752       -3.4252120742498020     
  -3.0057271635692686       -3.3552303221238344     
  -3.0056574341492963       -3.2852534745352777     
  -3.0055891632302769       -3.2152814304323898     
  -3.0055223514171843       -3.1453140886924023     
  -3.0054569993020430       -3.0753513481230210     
  -3.0053931074639255       -3.0053931074639255     
  -3.0053306764689465       -2.9354392653882733     
  -3.0053306764689465        2.9354392653882733     
  -3.0053931074639255        3.0053931074639255     
  -3.0054569993020430        3.0753513481230210     
  -3.0055223514171843        3.1453140886924023     
  -3.0055891632302769        3.2152814304323898     
  -3.0056574341492963        3.2852534745352777     
  -3.0057271635692686        3.3552303221238344     
  -3.0057983508722752        3.4252120742498020     
  -3.0058709954274572        3.4951988318923921     
  -3.0059450965910193        3.5651906959567903     
  -3.0060206537062339        3.6351877672726554     
  -3.0060976661034471        3.7051901465926211     
  -3.0061761331000816        3.7751979345907998     
  -3.0062560540006409        3.8452112318612852     
  -3.0063374280967166        3.9152301389166544     
  -3.0064202546669914        3.9852547561864773     
  -3.0065045329772437        4.0552851840158164     
  -3.0065902622803535        4.1253215226637412     
  -3.0066774418163078        4.1953638723018249     
  -3.0083805807420392        5.3871001097008611     
  -3.0084937198414492        5.4572676778519318     
  -3.0086082922911839        5.5274431416512453     
  -3.0087242970745800        5.5976265992085210     
  -3.0088417331622104        5.6678181485148622     
  -3.0089605995118909        5.7380178874412806     
  -3.0090808950686876        5.8082259137372345     
  -3.0092026187649248        5.8784423250291562     
  -3.0093257695201916        5.9486672188189837     
  -3.0094503462413500        6.0189006924827000     
  -3.0095763478225428        6.0891428432688661     
  -3.0097037731452017        6.1593937682971571     
  -2.9396502132374276       -6.1592671134498485     
  -2.9395257355852151       -6.0890175951408034     
  -2.9394026487418814       -6.0187768521857565     
  -2.9392809538000457       -5.9485447874524739     
  -2.9391606518399129       -5.8783213036798259     
  -2.9390417439292618       -5.8081063034792546     
  -2.9389242311234391       -5.7378996893362393     
  -2.9388081144653535       -5.6677013636117533     
  -2.9386933949854659       -5.5975112285437447     
  -2.9385800737017838       -5.5273291862485943     
  -2.9384681516198534       -5.4571551387225847     
  -2.9383576297327529       -5.3869889878433801     
  -2.9367804679573326       -4.2653240129856496     
  -2.9366938892094989       -4.1952769845849982     
  -2.9366087263923899       -4.1252360680274043     
  -2.9365249802609767       -4.0552011632175384     
  -2.9364426515576407       -3.9851721699710843     
  -2.9363617410121701       -3.9151489880162265     
  -2.9362822493417515       -3.8451315169951505     
  -2.9362041772509690       -3.7751196564655314     
  -2.9361275254317967       -3.7051133059020289     
  -2.9360522945635954       -3.6351123646977848     
  -2.9359784853131066       -3.5651167321659152     
  -2.9359060983344500       -3.4951263075410122     
  -2.9358351342691162       -3.4251409899806360     
  -2.9357655937459657       -3.3551606785668180     
  -2.9356974773812210       -3.2851852723075567     
  -2.9356307857784656       -3.2152146701383195     
  -2.9355655195286379       -3.1452487709235402     
  -2.9355016792100277       -3.0752874734581246     
  -2.9354392653882733       -3.0053306764689465     
  -2.9353782786163558       -2.9353782786163558     
  -2.9353782786163558        2.9353782786163558     
  -2.9354392653882733        3.0053306764689465     
  -2.9355016792100277        3.0752874734581246     
  -2.9355655195286379        3.1452487709235402     
  -2.9356307857784656        3.2152146701383195     
  -2.9356974773812210        3.2851852723075567     
  -2.9357655937459657        3.3551606785668180     
  -2.9358351342691162        3.4251409899806360     
  -2.9359060983344500        3.4951263075410122     
  -2.9359784853131066        3.5651167321659152     
  -2.9360522945635954        3.6351123646977848     
  -2.9361275254317967        3.7051133059020289     
  -2.9362041772509690        3.7751196564655314     
  -2.9362822493417515        3.8451315169951505     
  -2.9363617410121701        3.9151489880162265     
  -2.9364426515576407        3.9851721699710843     
  -2.9365249802609767        4.0552011632175384     
  -2.9366087263923899        4.1252360680274043     
  -2.9366938892094989        4.1952769845849982     
  -2.9367804679573326        4.2653240129856496     
  -2.9383576297327529        5.3869889878433801     
  -2.9384681516198534        5.4571551387225847     
  -2.9385800737017838        5.5273291862485943     
  -2.9386933949854659        5.5975112285437447     
  -2.9388081144653535        5.6677013636117533     
  -2.9389242311234391        5.7378996893362393     
  -2.9390417439292618        5.8081063034792546     
  -2.9391606518399129        5.8783213036798259     
  -2.9392809538000457        5.9485447874524739     
  -2.9394026487418814        6.0187768521857565     
  -2.9395257355852151        6.0890175951408034     
  -2.9396502132374276        6.1592671134498485     
  -2.8696009131237035       -6.1591434232899003     
  -2.8694793842499555       -6.0888952787742952     
  -2.8693592132399668       -6.0186559106984658     
  -2.8692404011604045       -5.9484252219179119     
  -2.8691229490658143       -5.8782031151592289     
  -2.8690068579986128       -5.8079894930215810     
  -2.8688921289890783       -5.7377842579781566     
  -2.8687787630553472       -5.6675873123776368     
  -2.8686667612034040       -5.5973985584456658     
  -2.8685561244270743       -5.5272178982863132     
  -2.8684468537080194       -5.4570452338835489     
  -2.8683389500157288       -5.3868804671027091     
  -2.8667991504019046       -4.2652377603540526     
  -2.8667146226703468       -4.1951921307370927     
  -2.8666314773276595       -4.1251526137154126     
  -2.8665497151108807       -4.0551191091812449     
  -2.8664693367447565       -3.9850915169378323     
  -2.8663903429417390       -3.9150697367009117     
  -2.8663127344019794       -3.8450536681002165     
  -2.8662365118133248       -3.7750432106809639     
  -2.8661616758513113       -3.7050382639053532     
  -2.8660882271791617       -3.6350387271540585     
  -2.8660161664477801       -3.5650444997277262     
  -2.8659454942957470       -3.4950554808484720     
  -2.8658762113493155       -3.4250715696613772     
  -2.8658083182224070       -3.3550926652359885     
  -2.8657418155166066       -3.2851186665678171     
  -2.8656767038211592       -3.2151494725798373     
  -2.8656767038211592        3.2151494725798373     
  -2.8657418155166066        3.2851186665678171     
  -2.8658083182224070        3.3550926652359885     
  -2.8658762113493155        3.4250715696613772     
  -2.8659454942957470        3.4950554808484720     
  -2.8660161664477801        3.5650444997277262     
  -2.8660882271791617        3.6350387271540585     
  -2.8661616758513113        3.7050382639053532     
  -2.8662365118133248        3.7750432106809639     
  -2.8663127344019794        3.8450536681002165     
  -2.8663903429417390        3.9150697367009117     
  -2.8664693367447565        3.9850915169378323     
  -2.8665497151108807        4.0551191091812449     
  -2.8666314773276595        4.1251526137154126     
  -2.8667146226703468        4.1951921307370927     
  -2.8667991504019046        4.2652377603540526     
  -2.8683389500157288        5.3868804671027091     
  -2.8684468537080194        5.4570452338835489     
  -2.8685561244270743        5.5272178982863132     
  -2.8686667612034040        5.5973985584456658     
  -2.8687787630553472        5.6675873123776368     
  -2.8688921289890783        5.7377842579781566     
  -2.8690068579986128        5.8079894930215810     
  -2.8691229490658143        5.8782031151592289     
  -2.8692404011604045        5.9484252219179119     
  -2.8693592132399668        6.0186559106984658     
  -2.8694793842499555        6.0888952787742952     
  -2.8696009131237035        6.1591434232899003     
  -2.7995557722356277       -6.1590226989183812     
  -2.7994371932220834       -6.0887758952580322     
  -2.7993199391149450       -6.0185378690971314     
  -2.7992040109549219       -5.9483085232792092     
  -2.7990894097708972       -5.8780877605188842     
  -2.7989761365799191       -5.8078754834033326     
  -2.7988641923871955       -5.7376715943937517     
  -2.7987535781860848       -5.6674759958268224     
  -2.7986442949580903       -5.5972885899161806     
  -2.7985363436728536       -5.5271092787538860     
  -2.7984297252881456       -5.4569379643118845     
  -2.7983244407498633       -5.3867745484434870     
  -2.7968220169726012       -4.2651535758832173     
  -2.7967395410073119       -4.1951093115109677     
  -2.7966584138767026       -4.1250711604681367     
  -2.7965786362998744       -4.0550390226348174     
  -2.7965002089839359       -3.9850127978021095     
  -2.7964231326240010       -3.9149923856736013     
  -2.7963474079031809       -3.8449776858668741     
  -2.7962730354925829       -3.7749685979149867     
  -2.7962000160513036       -3.7049650212679772     
  -2.7961283502264247       -3.6349668552943526     
  -2.7960580386530101       -3.5649739992825880     
  -2.7960580386530101        3.5649739992825880     
  -2.7961283502264247        3.6349668552943526     
  -2.7962000160513036        3.7049650212679772     
  -2.7962730354925829        3.7749685979149867     
  -2.7963474079031809        3.8449776858668741     
  -2.7964231326240010        3.9149923856736013     
  -2.7965002089839359        3.9850127978021095     
  -2.7965786362998744        4.0550390226348174     
  -2.7966584138767026        4.1250711604681367     
  -2.7967395410073119        4.1951093115109677     
  -2.7968220169726012        4.2651535758832173     
  -2.7983244407498633        5.3867745484434870     
  -2.7984297252881456        5.4569379643118845     
  -2.7985363436728536        5.5271092787538860     
  -2.7986442949580903        5.5972885899161806     
  -2.7987535781860848        5.6674759958268224     
  -2.7988641923871955        5.7376715943937517     
  -2.7989761365799191        5.8078754834033326     
  -2.7990894097708972        5.8780877605188842     
  -2.7992040109549219        5.9483085232792092     
  -2.7993199391149450        6.0185378690971314     
  -2.7994371932220834        6.0887758952580322     
  -2.7995557722356277        6.1590226989183812     
  -2.7296316089517654       -6.2291593127360807     
  -2.7295146899430374       -6.1589049414099311     
  -2.7293990618451511       -6.0886594456545673     
  -2.7292847256843791       -6.0184227284322205     
  -2.7291716824754699       -5.9481946925747424     
  -2.7290599332216390       -5.8779752407850685     
  -2.7289494789145632       -5.8077642756386849     
  -2.7288403205343736       -5.7375616995850933     
  -2.7287324590496480       -5.6673674149492692     
  -2.7286258954174047       -5.5971813239331381     
  -2.7285206305830960       -5.5270033286170408     
  -2.7284166654805997       -5.4568333309611994     
  -2.7283140010322153       -5.3866712328071937     
  -2.7268489664341722       -4.2650714603201152     
  -2.7267685429669175       -4.1950285276414121     
  -2.7266894347681170       -4.1249917090081762     
  -2.7266116425389297       -4.0549609042886647     
  -2.7265351669688251       -3.9849360132621294     
  -2.7264600087355748       -3.9149169356203126     
  -2.7263861685052491       -3.8449035709689410     
  -2.7263861685052491        3.8449035709689410     
  -2.7264600087355748        3.9149169356203126     
  -2.7265351669688251        3.9849360132621294     
  -2.7266116425389297        4.0549609042886647     
  -2.7266894347681170        4.1249917090081762     
  -2.7267685429669175        4.1950285276414121     
  -2.7268489664341722        4.2650714603201152     
  -2.7283140010322153        5.3866712328071937     
  -2.7284166654805997        5.4568333309611994     
  -2.7285206305830960        5.5270033286170408     
  -2.7286258954174047        5.5971813239331381     
  -2.7287324590496480        5.6673674149492692     
  -2.7288403205343736        5.7375616995850933     
  -2.7289494789145632        5.8077642756386849     
  -2.7290599332216390        5.8779752407850685     
  -2.7291716824754699        5.9481946925747424     
  -2.7292847256843791        6.0184227284322205     
  -2.7293990618451511        6.0886594456545673     
  -2.7295146899430374        6.1589049414099311     
  -2.7296316089517654        6.2291593127360807     
  -2.6595914996647450       -6.2290432492147971     
  -2.6594775655555054       -6.1587901518127488     
  -2.6593648894024375       -6.0885459310003167     
  -2.6592534722055530       -6.0183104897283561     
  -2.6591433149536332       -5.9480837308173378     
  -2.6590344186242239       -5.8778655569588096     
  -2.6589267841836248       -5.8076558707168644     
  -2.6588204125868877       -5.7374545745295995     
  -2.6587153047778047       -5.6672615707105836     
  -2.6586114616889054       -5.5970767614503263     
  -2.6585088842414479       -5.5269000488177467     
  -2.6584075733454142       -5.4567313347616393     
  -2.6568798974909340       -4.2649914143933412     
  -2.6568015272352516       -4.1949497798451336     
  -2.6567244386700586       -4.1249142600403532     
  -2.6567244386700586        4.1249142600403532     
  -2.6568015272352516        4.1949497798451336     
  -2.6568798974909340        4.2649914143933412     
  -2.6584075733454142        5.4567313347616393     
  -2.6585088842414479        5.5269000488177467     
  -2.6586114616889054        5.5970767614503263     
  -2.6587153047778047        5.6672615707105836     
  -2.6588204125868877        5.7374545745295995     
  -2.6589267841836248        5.8076558707168644     
  -2.6590344186242239        5.8778655569588096     
  -2.6591433149536332        5.9480837308173378     
  -2.6592534722055530        6.0183104897283561     
  -2.6593648894024375        6.0885459310003167     
  -2.6594775655555054        6.1587901518127488     
  -2.6595914996647450        6.2290432492147971     
  -2.5895552465193914       -6.2289301875736722     
  -2.5894442983238397       -6.1586783311485922     
  -2.5893345751184502       -6.0884353523055461     
  -2.5892260778769707       -6.0182011539843101     
  -2.5891188075622114       -5.9479756389942704     
  -2.5890127651260433       -5.8777587100158817     
  -2.5889079515093862       -5.8075502696021370     
  -2.5888043676422070       -5.7373502201800273     
  -2.5887020144435100       -5.6671584640520081     
  -2.5886008928213307       -5.5969749033974709     
  -2.5885010036727305       -5.5267994402742087     
  -2.5884023478837905       -5.4566319766198834     
  -2.5884023478837905        5.4566319766198834     
  -2.5885010036727305        5.5267994402742087     
  -2.5886008928213307        5.5969749033974709     
  -2.5887020144435100        5.6671584640520081     
  -2.5888043676422070        5.7373502201800273     
  -2.5889079515093862        5.8075502696021370     
  -2.5890127651260433        5.8777587100158817     
  -2.5891188075622114        5.9479756389942704     
  -2.5892260778769707        6.0182011539843101     
  -2.5893345751184502        6.0884353523055461     
  -2.5894442983238397        6.1586783311485922     
  -2.5895552465193914        6.2289301875736722     
  -2.5195227487358549       -6.2288201288191969     
  -2.5194147874415842       -6.1585694804127620     
  -2.5193080181604270       -6.0883277105543652     
  -2.5192024418398598       -6.0180947221729975     
  -2.5190980594167200       -5.9478704180672555     
  -2.5189948718171982       -5.8776547009067954     
  -2.5188928799568315       -5.8074474732338057     
  -2.5187920847404981       -5.7372486374644680     
  -2.5186924870624088       -5.6670580958904191     
  -2.5185940878061031       -5.5968757506802289     
  -2.5184968878444418       -5.5267015038808589     
  -2.5184008880396012       -5.4565352574191355     
  -2.5184008880396012        5.4565352574191355     
  -2.5184968878444418        5.5267015038808589     
  -2.5185940878061031        5.5968757506802289     
  -2.5186924870624088        5.6670580958904191     
  -2.5187920847404981        5.7372486374644680     
  -2.5188928799568315        5.8074474732338057     
  -2.5189948718171982        5.8776547009067954     
  -2.5190980594167200        5.9478704180672555     
  -2.5192024418398598        6.0180947221729975     
  -2.5193080181604270        6.0883277105543652     
  -2.5194147874415842        6.1585694804127620     
  -2.5195227487358549        6.2288201288191969     
  -2.4494939054785245       -6.2287130739311056     
  -2.4493889320465181       -6.1584636005741027     
  -2.4492851176398314       -6.0882230067047232     
  -2.4491824631796684       -6.0179911952414695     
  -2.4490809695768876       -5.9477680689724410     
  -2.4489806377319971       -5.8775535305567930     
  -2.4488814685351463       -5.8073474825262030     
  -2.4487834628661203       -5.7371498272863386     
  -2.4486866215943346       -5.6669604671183169     
  -2.4485909455788279       -5.5967793041801777     
  -2.4484964356682566       -5.5266062405083503     
  -2.4484030927008886       -5.4564411780191229     
  -2.4484030927008886        5.4564411780191229     
  -2.4484964356682566        5.5266062405083503     
  -2.4485909455788279        5.5967793041801777     
  -2.4486866215943346        5.6669604671183169     
  -2.4487834628661203        5.7371498272863386     
  -2.4488814685351463        5.8073474825262030     
  -2.4489806377319971        5.8775535305567930     
  -2.4490809695768876        5.9477680689724410     
  -2.4491824631796684        6.0179911952414695     
  -2.4492851176398314        6.0882230067047232     
  -2.4493889320465181        6.1584636005741027     
  -2.4494939054785245        6.2287130739311056     
  -2.3795717256150200       -6.2988663325103467     
  -2.3794686158575331       -6.2286090238623668     
  -2.3793666312221555       -6.1583606925749912     
  -2.3792657726138584       -6.0881212416884019     
  -2.3791660409275677       -6.0178905741109068     
  -2.3790674370481613       -5.9476685926204036     
  -2.3789699618504589       -5.8774551998658406     
  -2.3788736161992197       -5.8072502983686833     
  -2.3787784009491326       -5.7370537905243797     
  -2.3786843169448133       -5.6668655786038205     
  -2.3785913650207959       -5.5966855647548144     
  -2.3784995460015295       -5.5265136510035537     
  -2.3784088607013696       -5.4563497392560834     
  -2.3784088607013696        5.4563497392560834     
  -2.3784995460015295        5.5265136510035537     
  -2.3785913650207959        5.5966855647548144     
  -2.3786843169448133        5.6668655786038205     
  -2.3787784009491326        5.7370537905243797     
  -2.3788736161992197        5.8072502983686833     
  -2.3789699618504589        5.8774551998658406     
  -2.3790674370481613        5.9476685926204036     
  -2.3791660409275677        6.0178905741109068     
  -2.3792657726138584        6.0881212416884019     
  -2.3793666312221555        6.1583606925749912     
  -2.3794686158575331        6.2286090238623668     
  -2.3795717256150200        6.2988663325103467     
  -2.3095468660015639       -6.2987641800042642     
  -2.3094467789302584       -6.2285079795391818     
  -2.3093477839992502       -6.1582607573313330     
  -2.3092498820869336       -6.0880224164110066     
  -2.3091530740619555       -6.0177928596766099     
  -2.3090573607832061       -5.9475719898961374     
  -2.3089627430998165       -5.8773597097086236     
  -2.3088692218511495       -5.8071559216256183     
  -2.3087767978667957       -5.7369605280326432     
  -2.3086854719665659       -5.6667734311906619     
  -2.3085952449604883       -5.5965945332375462     
  -2.3085952449604883        5.5965945332375462     
  -2.3086854719665659        5.6667734311906619     
  -2.3087767978667957        5.7369605280326432     
  -2.3088692218511495        5.8071559216256183     
  -2.3089627430998165        5.8773597097086236     
  -2.3090573607832061        5.9475719898961374     
  -2.3091530740619555        6.0177928596766099     
  -2.3092498820869336        6.0880224164110066     
  -2.3093477839992502        6.1582607573313330     
  -2.3094467789302584        6.2285079795391818     
  -2.3095468660015639        6.2987641800042642     
  -2.2395253571969902       -6.2986650671165334     
  -2.2394282937028227       -6.2284099418609751     
  -2.2393322893572929       -6.1581637957325546     
  -2.2392373450122158       -6.0879265317519611     
  -2.2391434615099541       -6.0176980528080009     
  -2.2390506396834087       -5.9474782616590538     
  -2.2389588803560163       -5.8772670609345417     
  -2.2389588803560163        5.8772670609345417     
  -2.2390506396834087        5.9474782616590538     
  -2.2391434615099541        6.0176980528080009     
  -2.2392373450122158        6.0879265317519611     
  -2.2393322893572929        6.1581637957325546     
  -2.2394282937028227        6.2284099418609751     
  -2.2395253571969902        6.2986650671165334     
  -2.1695070981846030       -6.2985689947294921     
  -2.1694130591315952       -6.2283149117003873     
  -2.1693200462260167       -6.1580698086415957     
  -2.1693200462260167        6.1580698086415957     
  -2.1694130591315952        6.2283149117003873     
  -2.1695070981846030        6.2985689947294921     
  -1.1872706617724114       -1.1872706617724114     
  -1.1872610354781210       -1.1174221510382316     
  -1.1872519921690028       -1.0475752872079438     
  -1.1872435319250372      -0.97772996746767771     
  -1.1872356548210468      -0.90788608898080059     
  -1.1872283609266967      -0.83804354888943300     
  -1.1872216503064930      -0.76820224431596607     
  -1.1872155230197829      -0.69836207236457815     
  -1.1872099791207547      -0.62852293012275251     
  -1.1872050186584366      -0.55868471466279379     
  -1.1872006416766971      -0.48884732304334588     
  -1.1871968482142443      -0.41901065231090973     
  -1.1871936383046255      -0.34917459950136043     
  -1.1871910119762275      -0.27933906164146532     
  -1.1871889692522761      -0.20950393575040169     
  -1.1871875101508360      -0.13966911884127486     
  -1.1871866346848106       -6.9834507922635930E-002
  -1.1871863428619420        0.0000000000000000     
  -1.1871866346848106        6.9834507922635930E-002
  -1.1871875101508360       0.13966911884127486     
  -1.1871889692522761       0.20950393575040169     
  -1.1871910119762275       0.27933906164146532     
  -1.1871936383046255       0.34917459950136043     
  -1.1871968482142443       0.41901065231090973     
  -1.1872006416766971       0.48884732304334588     
  -1.1872050186584366       0.55868471466279379     
  -1.1872099791207547       0.62852293012275251     
  -1.1872155230197829       0.69836207236457815     
  -1.1872216503064930       0.76820224431596607     
  -1.1872283609266967       0.83804354888943300     
  -1.1872356548210468       0.90788608898080059     
  -1.1872435319250372       0.97772996746767771     
  -1.1872519921690028        1.0475752872079438     
  -1.1872610354781210        1.1174221510382316     
  -1.1872706617724114        1.1872706617724114     
  -1.1174221510382316       -1.1872610354781210     
  -1.1174130905557773       -1.1174130905557773     
  -1.1174045787919542       -1.0475667926174570     
  -1.1173966158220396      -0.97772203884428455     
  -1.1173892017164564      -0.90787872639462086     
  -1.1173823365407731      -0.83803675240557973     
  -1.1173760203557028      -0.76819601399454562     
  -1.1173702532171030      -0.69835640826068934     
  -1.1173650351759754      -0.62851783228648606     
  -1.1173603662784652      -0.55868018313923262     
  -1.1173562465658613      -0.48884335787256428     
  -1.1173526760745958      -0.41900725352797330     
  -1.1173496548362429      -0.34917176713632586     
  -1.1173471828775208      -0.27933679571938019     
  -1.1173452602202893      -0.20950223629130421     
  -1.1173438868815506      -0.13966798586019383     
  -1.1173430628734495       -6.9833941429590596E-002
  -1.1173427882032729        0.0000000000000000     
  -1.1173430628734495        6.9833941429590596E-002
  -1.1173438868815506       0.13966798586019383     
  -1.1173452602202893       0.20950223629130421     
  -1.1173471828775208       0.27933679571938019     
  -1.1173496548362429       0.34917176713632586     
  -1.1173526760745958       0.41900725352797330     
  -1.1173562465658613       0.48884335787256428     
  -1.1173603662784652       0.55868018313923262     
  -1.1173650351759754       0.62851783228648606     
  -1.1173702532171030       0.69835640826068934     
  -1.1173760203557028       0.76819601399454562     
  -1.1173823365407731       0.83803675240557973     
  -1.1173892017164564       0.90787872639462086     
  -1.1173966158220396       0.97772203884428455     
  -1.1174045787919542        1.0475667926174570     
  -1.1174130905557773        1.1174130905557773     
  -1.1174221510382316        1.1872610354781210     
  -1.0480449341425770       -3.2140044647039030     
  -1.0475752872079438       -1.1872519921690028     
  -1.0475667926174570       -1.1174045787919542     
  -1.0475588124742057       -1.0475588124742057     
  -1.0475513468487636      -0.97771459039217934     
  -1.0475443958071540      -0.90787180969953341     
  -1.0475379594108480      -0.83803036752867832     
  -1.0475320377167656      -0.76819016099229476     
  -1.0475266307772744      -0.69835108718484951     
  -1.0475217386401892      -0.62851304318411350     
  -1.0475173613487725      -0.55867592605267868     
  -1.0475134989417327      -0.48883963283947529     
  -1.0475101514532261      -0.41900406058129047     
  -1.0475073189128545      -0.34916910630428477     
  -1.0475050013456659      -0.27933466702551091     
  -1.0475031987721546      -0.20950063975443090     
  -1.0475019112082606      -0.13966692149443477     
  -1.0475011386653701       -6.9833409244358005E-002
  -1.0475008811503139        0.0000000000000000     
  -1.0475011386653701        6.9833409244358005E-002
  -1.0475019112082606       0.13966692149443477     
  -1.0475031987721546       0.20950063975443090     
  -1.0475050013456659       0.27933466702551091     
  -1.0475073189128545       0.34916910630428477     
  -1.0475101514532261       0.41900406058129047     
  -1.0475134989417327       0.48883963283947529     
  -1.0475173613487725       0.55867592605267868     
  -1.0475217386401892       0.62851304318411350     
  -1.0475266307772744       0.69835108718484951     
  -1.0475320377167656       0.76819016099229476     
  -1.0475379594108480       0.83803036752867832     
  -1.0475443958071540       0.90787180969953341     
  -1.0475513468487636       0.97771459039217934     
  -1.0475588124742057        1.0475588124742057     
  -1.0475667926174570        1.1174045787919542     
  -1.0475752872079438        1.1872519921690028     
  -1.0480449341425770        3.2140044647039030     
 -0.97841254036492264       -3.9136501614596906     
 -0.97838598164662249       -3.8436592136117316     
 -0.97835989722507610       -3.7736738892967221     
 -0.97833428733118699       -3.7036940877537794     
 -0.97830915219164927       -3.6337197081404118     
 -0.97828449202894641       -3.5637506495340188     
 -0.97826030706134948       -3.4937868109333912     
 -0.97823659750291592       -3.4238280912602059     
 -0.97821336356348776       -3.3538743893605294     
 -0.97819060544869063       -3.2839256040063187     
 -0.97816832335993176       -3.2139816338969189     
 -0.97772996746767771       -1.1872435319250372     
 -0.97772203884428455       -1.1173966158220396     
 -0.97771459039217934       -1.0475513468487636     
 -0.97770762217723250      -0.97770762217723250     
 -0.97770113426106653      -0.90786533895670474     
 -0.97769512670105596      -0.83802439431519082     
 -0.97768959955032697      -0.76818468536097129     
 -0.97768455285775691      -0.69834610918411200     
 -0.97767998666797384      -0.62850856285798318     
 -0.97767590102135671      -0.55867194344077531     
 -0.97767229595403449      -0.48883614797701724     
 -0.97766917149788657      -0.41900107349909421     
 -0.97766652768054185      -0.34916661702876489     
 -0.97766436452537908      -0.27933267557867975     
 -0.97766268205152662      -0.20949914615389856     
 -0.97766148027386224      -0.13966592575340891     
 -0.97766075920301276       -6.9832911371643769E-002
 -0.97766051884535443        0.0000000000000000     
 -0.97766075920301276        6.9832911371643769E-002
 -0.97766148027386224       0.13966592575340891     
 -0.97766268205152662       0.20949914615389856     
 -0.97766436452537908       0.27933267557867975     
 -0.97766652768054185       0.34916661702876489     
 -0.97766917149788657       0.41900107349909421     
 -0.97767229595403449       0.48883614797701724     
 -0.97767590102135671       0.55867194344077531     
 -0.97767998666797384       0.62850856285798318     
 -0.97768455285775691       0.69834610918411200     
 -0.97768959955032697       0.76818468536097129     
 -0.97769512670105596       0.83802439431519082     
 -0.97770113426106653       0.90786533895670474     
 -0.97770762217723250       0.97770762217723250     
 -0.97771459039217934        1.0475513468487636     
 -0.97772203884428455        1.1173966158220396     
 -0.97772996746767771        1.1872435319250372     
 -0.97816832335993176        3.2139816338969189     
 -0.97819060544869063        3.2839256040063187     
 -0.97821336356348776        3.3538743893605294     
 -0.97823659750291592        3.4238280912602059     
 -0.97826030706134948        3.4937868109333912     
 -0.97828449202894641        3.5637506495340188     
 -0.97830915219164927        3.6337197081404118     
 -0.97833428733118699        3.7036940877537794     
 -0.97835989722507610        3.7736738892967221     
 -0.97838598164662249        3.8436592136117316     
 -0.97841254036492264        3.9136501614596906     
 -0.90876167809621500       -4.5438083904810744     
 -0.90873306181363300       -4.4737627658517320     
 -0.90870488386175174       -4.4037236679454121     
 -0.90867714449009451       -4.3336909967989117     
 -0.90864984394428983       -4.2636646523539747     
 -0.90862298246607043       -4.1936445344587865     
 -0.90859656029327085       -4.1236305428694600     
 -0.90857057765982607       -4.0536225772515309     
 -0.90854503479577020       -3.9836205371814541     
 -0.90851993192723468       -3.9136243221480878     
 -0.90849526927644664       -3.8436338315541971     
 -0.90847104706172743       -3.7736489647179443     
 -0.90844726549749144       -3.7036696208743880     
 -0.90842392479424416       -3.6336956991769767     
 -0.90840102515858123       -3.5637270986990490     
 -0.90837856679318651       -3.4937637184353330     
 -0.90835654989683134       -3.4238054573034411     
 -0.90833497466437252       -3.3538522141453750     
 -0.90831384128675152       -3.2839038877290245     
 -0.90829314995099297       -3.2139603767496672     
 -0.90788608898080059       -1.1872356548210468     
 -0.90787872639462086       -1.1173892017164564     
 -0.90787180969953341       -1.0475443958071540     
 -0.90786533895670474      -0.97770113426106653     
 -0.90785931422335664      -0.90785931422335664     
 -0.90785373555276672      -0.83801883281793843     
 -0.90784860299426706      -0.76817958714899515     
 -0.90784391659324459      -0.69834147430249571     
 -0.90783967639114060      -0.62850439134771263     
 -0.90783588242545021      -0.55866823533873866     
 -0.90783253472972270      -0.48883290331600449     
 -0.90782963333356048      -0.41899829230779712     
 -0.90782717826261983      -0.34916429933177684     
 -0.90782516953860981      -0.27933082139649534     
 -0.90782360717929267      -0.20949775550291369     
 -0.90782249119848379      -0.13966499864592061     
 -0.90782182160605118       -6.9832447815850102E-002
 -0.90782159840791588        0.0000000000000000     
 -0.90782182160605118        6.9832447815850102E-002
 -0.90782249119848379       0.13966499864592061     
 -0.90782360717929267       0.20949775550291369     
 -0.90782516953860981       0.27933082139649534     
 -0.90782717826261983       0.34916429933177684     
 -0.90782963333356048       0.41899829230779712     
 -0.90783253472972270       0.48883290331600449     
 -0.90783588242545021       0.55866823533873866     
 -0.90783967639114060       0.62850439134771263     
 -0.90784391659324459       0.69834147430249571     
 -0.90784860299426706       0.76817958714899515     
 -0.90785373555276672       0.83801883281793843     
 -0.90785931422335664       0.90785931422335664     
 -0.90786533895670474       0.97770113426106653     
 -0.90787180969953341        1.0475443958071540     
 -0.90787872639462086        1.1173892017164564     
 -0.90788608898080059        1.1872356548210468     
 -0.90829314995099297        3.2139603767496672     
 -0.90831384128675152        3.2839038877290245     
 -0.90833497466437252        3.3538522141453750     
 -0.90835654989683134        3.4238054573034411     
 -0.90837856679318651        3.4937637184353330     
 -0.90840102515858123        3.5637270986990490     
 -0.90842392479424416        3.6336956991769767     
 -0.90844726549749144        3.7036696208743880     
 -0.90847104706172743        3.7736489647179443     
 -0.90849526927644664        3.8436338315541971     
 -0.90851993192723468        3.9136243221480878     
 -0.90854503479577020        3.9836205371814541     
 -0.90857057765982607        4.0536225772515309     
 -0.90859656029327085        4.1236305428694600     
 -0.90862298246607043        4.1936445344587865     
 -0.90864984394428983        4.2636646523539747     
 -0.90867714449009451        4.3336909967989117     
 -0.90870488386175174        4.4037236679454121     
 -0.90873306181363300        4.4737627658517320     
 -0.90876167809621500        4.5438083904810744     
 -0.83885181482902604       -4.5437806636572242     
 -0.83882539882243856       -4.4737354603863393     
 -0.83879938744386229       -4.4036967840802772     
 -0.83877378092363053       -4.3336645347720912     
 -0.83874857948848114       -4.2636386123997783     
 -0.83872378336155562       -4.1936189168077780     
 -0.83869939276239724       -4.1236053477484536     
 -0.83867540790694994       -4.0535978048835917     
 -0.83865182900755642       -3.9835961877858934     
 -0.83862865627295669       -3.9136003959404646     
 -0.83860588990828722       -3.8436103287463164     
 -0.83858353011507869       -3.7736258855178542     
 -0.83856157709125545       -3.7036469654863784     
 -0.83854003103113350       -3.6336734678015787     
 -0.83851889212541975       -3.5637052915330338     
 -0.83849816056121029       -3.4937423356717097     
 -0.83847783652198915       -3.4237844991314561     
 -0.83845792018762744       -3.3538316807505097     
 -0.83843841173438172       -3.2838837792929954     
 -0.83841931133489289       -3.2139406934504233     
 -0.83804354888943300       -1.1872283609266967     
 -0.83803675240557973       -1.1173823365407731     
 -0.83803036752867832       -1.0475379594108480     
 -0.83802439431519082      -0.97769512670105596     
 -0.83801883281793843      -0.90785373555276672     
 -0.83801368308610102      -0.83801368308610102     
 -0.83800894516521685      -0.76817486640144883     
 -0.83800461909718216      -0.69833718258098509     
 -0.83800070492025114      -0.62850052869018835     
 -0.83799720266903532      -0.55866480177935696     
 -0.83799411237450350      -0.48882989888512707     
 -0.83799143406398180      -0.41899571703199090     
 -0.83798916776115306      -0.34916215323381372     
 -0.83798731348605682      -0.27932910449535231     
 -0.83798587125508928      -0.20949646781377232     
 -0.83798484108100335      -0.13966414018016726     
 -0.83798422297290820       -6.9832018581075683E-002
 -0.83798401693626912        0.0000000000000000     
 -0.83798422297290820        6.9832018581075683E-002
 -0.83798484108100335       0.13966414018016726     
 -0.83798587125508928       0.20949646781377232     
 -0.83798731348605682       0.27932910449535231     
 -0.83798916776115306       0.34916215323381372     
 -0.83799143406398180       0.41899571703199090     
 -0.83799411237450350       0.48882989888512707     
 -0.83799720266903532       0.55866480177935696     
 -0.83800070492025114       0.62850052869018835     
 -0.83800461909718216       0.69833718258098509     
 -0.83800894516521685       0.76817486640144883     
 -0.83801368308610102       0.83801368308610102     
 -0.83801883281793843       0.90785373555276672     
 -0.83802439431519082       0.97769512670105596     
 -0.83803036752867832        1.0475379594108480     
 -0.83803675240557973        1.1173823365407731     
 -0.83804354888943300        1.1872283609266967     
 -0.83841931133489289        3.2139406934504233     
 -0.83843841173438172        3.2838837792929954     
 -0.83845792018762744        3.3538316807505097     
 -0.83847783652198915        3.4237844991314561     
 -0.83849816056121029        3.4937423356717097     
 -0.83851889212541975        3.5637052915330338     
 -0.83854003103113350        3.6336734678015787     
 -0.83856157709125545        3.7036469654863784     
 -0.83858353011507869        3.7736258855178542     
 -0.83860588990828722        3.8436103287463164     
 -0.83862865627295669        3.9136003959404646     
 -0.83865182900755642        3.9835961877858934     
 -0.83867540790694994        4.0535978048835917     
 -0.83869939276239724        4.1236053477484536     
 -0.83872378336155562        4.1936189168077780     
 -0.83874857948848114        4.2636386123997783     
 -0.83877378092363053        4.3336645347720912     
 -0.83879938744386229        4.4036967840802772     
 -0.83882539882243856        4.4737354603863393     
 -0.83885181482902604        4.5437806636572242     
 -0.76950502912849705       -5.9461752250838407     
 -0.76947344459931422       -5.8759790314856719     
 -0.76944222607935420       -5.8057913422351266     
 -0.76941137384533242       -5.7356120595742963     
 -0.76938088817070260       -5.6654410856206283     
 -0.76894317992020855       -4.5437551540739589     
 -0.76891896442396501       -4.4737103384667058     
 -0.76889511984942993       -4.4036720500467350     
 -0.76887164640774530       -4.3336401888436553     
 -0.76884854430675753       -4.2636146547920184     
 -0.76882581375101622       -4.1935953477328161     
 -0.76880345494177238       -4.1235821674149609     
 -0.76878146807697778       -4.0535750134967916     
 -0.76875985335128294       -3.9835737855475570     
 -0.76873861095603579       -3.9135783830489093     
 -0.76871774107928104       -3.8435887053964048     
 -0.76869724390575811       -3.7736046519009938     
 -0.76867711961690033       -3.7036261217905193     
 -0.76865736839083354       -3.6336530142112133     
 -0.76863799040237524       -3.5636852282291938     
 -0.76861898582303256       -3.4937226628319662     
 -0.76860035482100209       -3.4237652169299184     
 -0.76858209756116802       -3.3538127893578240     
 -0.76856421420510146       -3.2838652788763425     
 -0.76854670491105914       -3.2139225841735199     
 -0.76820224431596607       -1.1872216503064930     
 -0.76819601399454562       -1.1173760203557028     
 -0.76819016099229476       -1.0475320377167656     
 -0.76818468536097129      -0.97768959955032697     
 -0.76817958714899515      -0.90784860299426706     
 -0.76817486640144883      -0.83800894516521685     
 -0.76817052316007617      -0.76817052316007617     
 -0.76816655746328288      -0.69833323405752978     
 -0.76816296934613559      -0.62849697491956547     
 -0.76815975884036214      -0.55866164279299069     
 -0.76815692597435103      -0.48882713471095063     
 -0.76815447077315158      -0.41899334769444629     
 -0.76815239325847329      -0.34916017875385147     
 -0.76815069344868614      -0.27932752489043133     
 -0.76814937135882033      -0.20949528309786009     
 -0.76814842700056596      -0.13966335036373928     
 -0.76814786038227323       -6.9831623671115756E-002
 -0.76814767150895236        0.0000000000000000     
 -0.76814786038227323        6.9831623671115756E-002
 -0.76814842700056596       0.13966335036373928     
 -0.76814937135882033       0.20949528309786009     
 -0.76815069344868614       0.27932752489043133     
 -0.76815239325847329       0.34916017875385147     
 -0.76815447077315158       0.41899334769444629     
 -0.76815692597435103       0.48882713471095063     
 -0.76815975884036214       0.55866164279299069     
 -0.76816296934613559       0.62849697491956547     
 -0.76816655746328288       0.69833323405752978     
 -0.76817052316007617       0.76817052316007617     
 -0.76817486640144883       0.83800894516521685     
 -0.76817958714899515       0.90784860299426706     
 -0.76818468536097129       0.97768959955032697     
 -0.76819016099229476        1.0475320377167656     
 -0.76819601399454562        1.1173760203557028     
 -0.76820224431596607        1.1872216503064930     
 -0.76854670491105914        3.2139225841735199     
 -0.76856421420510146        3.2838652788763425     
 -0.76858209756116802        3.3538127893578240     
 -0.76860035482100209        3.4237652169299184     
 -0.76861898582303256        3.4937226628319662     
 -0.76863799040237524        3.5636852282291938     
 -0.76865736839083354        3.6336530142112133     
 -0.76867711961690033        3.7036261217905193     
 -0.76869724390575811        3.7736046519009938     
 -0.76871774107928104        3.8435887053964048     
 -0.76873861095603579        3.9135783830489093     
 -0.76875985335128294        3.9835737855475570     
 -0.76878146807697778        4.0535750134967916     
 -0.76880345494177238        4.1235821674149609     
 -0.76882581375101622        4.1935953477328161     
 -0.76884854430675753        4.2636146547920184     
 -0.76887164640774530        4.3336401888436553     
 -0.76889511984942993        4.4036720500467350     
 -0.76891896442396501        4.4737103384667058     
 -0.76894317992020855        4.5437551540739589     
 -0.76938088817070260        5.6654410856206283     
 -0.76941137384533242        5.7356120595742963     
 -0.76944222607935420        5.8057913422351266     
 -0.76947344459931422        5.8759790314856719     
 -0.76950502912849705        5.9461752250838407     
 -0.69975675281139127       -6.4377621258648006     
 -0.69972571677887097       -6.3675040226877258     
 -0.69969501164865899       -6.2972551048379311     
 -0.69966463769302623       -6.2270152754679344     
 -0.69963459518129079       -6.1567844375953591     
 -0.69960488437981616       -6.0865624941044008     
 -0.69957550555200954       -6.0163493477472825     
 -0.69954645895831991       -5.9461449011457201     
 -0.69951774485623608       -5.8759490567923836     
 -0.69948936350028501       -5.8057617170523663     
 -0.69946131514203003       -5.7355827841646470     
 -0.69943360003006894       -5.6654121602435588     
 -0.69903567107039966       -4.5437318619575979     
 -0.69901365629932610       -4.4736874003156872     
 -0.69899197874034580       -4.4036494660641790     
 -0.69897063858540864       -4.3336179592295334     
 -0.69894963602346871       -4.2635927797431590     
 -0.69892897124048281       -4.1935738274428971     
 -0.69890864441940903       -4.1235610020745135     
 -0.69888865574020609       -4.0535542032931957     
 -0.69886900537983154       -3.9835533306650399     
 -0.69884969351224047       -3.9135582836685470     
 -0.69883072030838511       -3.8435689616961182     
 -0.69881208593621269       -3.7735852640555483     
 -0.69879379056066493       -3.7036070899715243     
 -0.69877583434367696       -3.6336343385871204     
 -0.69875821744417566       -3.5636669089652959     
 -0.69874094001807907       -3.4937047000903956     
 -0.69872400221829523       -3.4237476108696470     
 -0.69870740419472110       -3.3537955401346613     
 -0.69869114609424143       -3.2838483866429349     
 -0.69867522806072802       -3.2139060490793496     
 -0.69836207236457815       -1.1872155230197829     
 -0.69835640826068934       -1.1173702532171030     
 -0.69835108718484951       -1.0475266307772744     
 -0.69834610918411200      -0.97768455285775691     
 -0.69834147430249571      -0.90784391659324459     
 -0.69833718258098509      -0.83800461909718216     
 -0.69833323405752978      -0.76816655746328288     
 -0.69832962876704441      -0.69832962876704441     
 -0.69832636674140824      -0.62849373006726739     
 -0.69832344800946511      -0.55865875840757218     
 -0.69832087259702313      -0.48882461081791623     
 -0.69831864052685477      -0.41899118431611287     
 -0.69831675181869624      -0.34915837590934812     
 -0.69831520648924772      -0.27932608259569913     
 -0.69831400455217318      -0.20949420136565197     
 -0.69831314601810013      -0.13966262920362005     
 -0.69831263089461981       -6.9831263089461998E-002
 -0.69831245918628693        0.0000000000000000     
 -0.69831263089461981        6.9831263089461998E-002
 -0.69831314601810013       0.13966262920362005     
 -0.69831400455217318       0.20949420136565197     
 -0.69831520648924772       0.27932608259569913     
 -0.69831675181869624       0.34915837590934812     
 -0.69831864052685477       0.41899118431611287     
 -0.69832087259702313       0.48882461081791623     
 -0.69832344800946511       0.55865875840757218     
 -0.69832636674140824       0.62849373006726739     
 -0.69832962876704441       0.69832962876704441     
 -0.69833323405752978       0.76816655746328288     
 -0.69833718258098509       0.83800461909718216     
 -0.69834147430249571       0.90784391659324459     
 -0.69834610918411200       0.97768455285775691     
 -0.69835108718484951        1.0475266307772744     
 -0.69835640826068934        1.1173702532171030     
 -0.69836207236457815        1.1872155230197829     
 -0.69867522806072802        3.2139060490793496     
 -0.69869114609424143        3.2838483866429349     
 -0.69870740419472110        3.3537955401346613     
 -0.69872400221829523        3.4237476108696470     
 -0.69874094001807907        3.4937047000903956     
 -0.69875821744417566        3.5636669089652959     
 -0.69877583434367696        3.6336343385871204     
 -0.69879379056066493        3.7036070899715243     
 -0.69881208593621269        3.7735852640555483     
 -0.69883072030838511        3.8435689616961182     
 -0.69884969351224047        3.9135582836685470     
 -0.69886900537983154        3.9835533306650399     
 -0.69888865574020609        4.0535542032931957     
 -0.69890864441940903        4.1235610020745135     
 -0.69892897124048281        4.1935738274428971     
 -0.69894963602346871        4.2635927797431590     
 -0.69897063858540864        4.3336179592295334     
 -0.69899197874034580        4.4036494660641790     
 -0.69901365629932610        4.4736874003156872     
 -0.69903567107039966        4.5437318619575979     
 -0.69943360003006894        5.6654121602435588     
 -0.69946131514203003        5.7355827841646470     
 -0.69948936350028501        5.8057617170523663     
 -0.69951774485623608        5.8759490567923836     
 -0.69954645895831991        5.9461449011457201     
 -0.69957550555200954        6.0163493477472825     
 -0.69960488437981616        6.0865624941044008     
 -0.69963459518129079        6.1567844375953591     
 -0.69966463769302623        6.2270152754679344     
 -0.69969501164865899        6.2972551048379311     
 -0.69972571677887097        6.3675040226877258     
 -0.69975675281139127        6.4377621258648006     
 -0.62977817779477996       -6.4377324841244175     
 -0.62975024457811934       -6.3674746951787622     
 -0.62972260918204481       -6.2972260918204483     
 -0.62969527185160334       -6.2269865771991890     
 -0.62966823282918427       -6.1567560543298017     
 -0.62964149235451794       -6.0865344260936736     
 -0.62961505066467416       -6.0163215952402194     
 -0.62958890799405998       -5.9461174643883448     
 -0.62956306457441835       -5.8759219360279040     
 -0.62953752063482649       -5.8057349125211779     
 -0.62951227640169449       -5.7355562961043285     
 -0.62948733209876329       -5.6653859888888691     
 -0.62912918596358558       -4.5437107875147849     
 -0.62910937211298290       -4.4736666461367678     
 -0.62908986176184689       -4.4036290323329279     
 -0.62907065508293469       -4.3335978461268834     
 -0.62905175224630716       -4.2635729874471933     
 -0.62903315341932764       -4.1935543561288515     
 -0.62901485876666052       -4.1235418519147746     
 -0.62899686845027070       -4.0535353744572999     
 -0.62897918262942198       -3.9835348233196726     
 -0.62896180146067604       -3.9135400979775397     
 -0.62894472509789179       -3.8435510978204501     
 -0.62892795369222376       -3.7735677221533424     
 -0.62891148739212144       -3.7035898701980488     
 -0.62889532634332823       -3.6336174410947852     
 -0.62887947068888006       -3.5636503339036536     
 -0.62886392056910512       -3.4936884476061398     
 -0.62884867612162243       -3.4237316811066112     
 -0.62883373748134086       -3.3537799332338176     
 -0.62881910478045844       -3.2838331027423941     
 -0.62880477814846147       -3.2138910883143592     
 -0.62852293012275251       -1.1872099791207547     
 -0.62851783228648606       -1.1173650351759754     
 -0.62851304318411350       -1.0475217386401892     
 -0.62850856285798318      -0.97767998666797384     
 -0.62850439134771263      -0.90783967639114060     
 -0.62850052869018835      -0.83800070492025114     
 -0.62849697491956547      -0.76816296934613559     
 -0.62849373006726739      -0.69832636674140824     
 -0.62849079416198605      -0.62849079416198605     
 -0.62848816722968115      -0.55865614864860547     
 -0.62848584929358031      -0.48882232722834018     
 -0.62848384037417881      -0.41898922691611917     
 -0.62848214048923967      -0.34915674471624425     
 -0.62848074965379319      -0.27932477762390812     
 -0.62847966788013709      -0.20949322262671233     
 -0.62847889517783617      -0.13966197670618583     
 -0.62847843155372285       -6.9830936839302540E-002
 -0.62847827701189618        0.0000000000000000     
 -0.62847843155372285        6.9830936839302540E-002
 -0.62847889517783617       0.13966197670618583     
 -0.62847966788013709       0.20949322262671233     
 -0.62848074965379319       0.27932477762390812     
 -0.62848214048923967       0.34915674471624425     
 -0.62848384037417881       0.41898922691611917     
 -0.62848584929358031       0.48882232722834018     
 -0.62848816722968115       0.55865614864860547     
 -0.62849079416198605       0.62849079416198605     
 -0.62849373006726739       0.69832636674140824     
 -0.62849697491956547       0.76816296934613559     
 -0.62850052869018835       0.83800070492025114     
 -0.62850439134771263       0.90783967639114060     
 -0.62850856285798318       0.97767998666797384     
 -0.62851304318411350        1.0475217386401892     
 -0.62851783228648606        1.1173650351759754     
 -0.62852293012275251        1.1872099791207547     
 -0.62880477814846147        3.2138910883143592     
 -0.62881910478045844        3.2838331027423941     
 -0.62883373748134086        3.3537799332338176     
 -0.62884867612162243        3.4237316811066112     
 -0.62886392056910512        3.4936884476061398     
 -0.62887947068888006        3.5636503339036536     
 -0.62889532634332823        3.6336174410947852     
 -0.62891148739212144        3.7035898701980488     
 -0.62892795369222376        3.7735677221533424     
 -0.62894472509789179        3.8435510978204501     
 -0.62896180146067604        3.9135400979775397     
 -0.62897918262942198        3.9835348233196726     
 -0.62899686845027070        4.0535353744572999     
 -0.62901485876666052        4.1235418519147746     
 -0.62903315341932764        4.1935543561288515     
 -0.62905175224630716        4.2635729874471933     
 -0.62907065508293469        4.3335978461268834     
 -0.62908986176184689        4.4036290323329279     
 -0.62910937211298290        4.4736666461367678     
 -0.62912918596358558        4.5437107875147849     
 -0.62948733209876329        5.6653859888888691     
 -0.62951227640169449        5.7355562961043285     
 -0.62953752063482649        5.8057349125211779     
 -0.62956306457441835        5.8759219360279040     
 -0.62958890799405998        5.9461174643883448     
 -0.62961505066467416        6.0163215952402194     
 -0.62964149235451794        6.0865344260936736     
 -0.62966823282918427        6.1567560543298017     
 -0.62969527185160334        6.2269865771991890     
 -0.62972260918204481        6.2972260918204483     
 -0.62975024457811934        6.3674746951787622     
 -0.62977817779477996        6.4377324841244175     
 -0.55980051842251433       -6.4377059618589145     
 -0.55977568827035595       -6.3674484540752987     
 -0.55975112285437456       -6.2972001321117128     
 -0.55972682239239202       -6.2269608991153618     
 -0.55970278709986843       -6.1567306580985521     
 -0.55967901718989976       -6.0865093119401594     
 -0.55965551287321713       -6.0162967633870830     
 -0.55963227435818486       -5.9460929150557140     
 -0.55960930185079927       -5.8758976694333915     
 -0.55958659555468682       -5.8057109288798747     
 -0.55956415567110318       -5.7355325956288077     
 -0.55954198239893171       -5.6653625717891831     
 -0.55922362226861400       -4.5436919309324884     
 -0.55920600951425670       -4.4736480761140536     
 -0.55918866654402932       -4.4036107490342307     
 -0.55917159351149548       -4.3335798497140887     
 -0.55915479056782202       -4.2635552780796422     
 -0.55913825786177818       -4.1935369339633368     
 -0.55912199553973407       -4.1235247171055383     
 -0.55910600374566000       -4.0535185271560348     
 -0.55909028262112548       -3.9835182636755189     
 -0.55907483230529809       -3.9135238261370864     
 -0.55905965293494286       -3.8435351139277318     
 -0.55904474464442089       -3.7735520263498401     
 -0.55903010756568872       -3.7035744626226879     
 -0.55901574182829761       -3.6336023218839344     
 -0.55900164755939219       -3.5636355031911249     
 -0.55898782488371002       -3.4936739055231869     
 -0.55897427392358023       -3.4237174277819289     
 -0.55896099479892347       -3.3537659687935406     
 -0.55894798762725051       -3.2838194273100960     
 -0.55893525252366127       -3.2138777020110525     
 -0.55868471466279379       -1.1872050186584366     
 -0.55868018313923262       -1.1173603662784652     
 -0.55867592605267868       -1.0475173613487725     
 -0.55867194344077531      -0.97767590102135671     
 -0.55866823533873866      -0.90783588242545021     
 -0.55866480177935696      -0.83799720266903532     
 -0.55866164279299069      -0.76815975884036214     
 -0.55865875840757218      -0.69832344800946511     
 -0.55865614864860547      -0.62848816722968115     
 -0.55865381353916632      -0.55865381353916632     
 -0.55865175309990156      -0.48882028396241384     
 -0.55864996734902972      -0.41898747551177218     
 -0.55864845630233995      -0.34915528518896238     
 -0.55864721997319289      -0.27932360998659644     
 -0.55864625837251980      -0.20949234688969490     
 -0.55864557150882310      -0.13966139287720578     
 -0.55864515938817583       -6.9830644923521978E-002
 -0.55864502201422184        0.0000000000000000     
 -0.55864515938817583        6.9830644923521978E-002
 -0.55864557150882310       0.13966139287720578     
 -0.55864625837251980       0.20949234688969490     
 -0.55864721997319289       0.27932360998659644     
 -0.55864845630233995       0.34915528518896238     
 -0.55864996734902972       0.41898747551177218     
 -0.55865175309990156       0.48882028396241384     
 -0.55865381353916632       0.55865381353916632     
 -0.55865614864860547       0.62848816722968115     
 -0.55865875840757218       0.69832344800946511     
 -0.55866164279299069       0.76815975884036214     
 -0.55866480177935696       0.83799720266903532     
 -0.55866823533873866       0.90783588242545021     
 -0.55867194344077531       0.97767590102135671     
 -0.55867592605267868        1.0475173613487725     
 -0.55868018313923262        1.1173603662784652     
 -0.55868471466279379        1.1872050186584366     
 -0.55893525252366127        3.2138777020110525     
 -0.55894798762725051        3.2838194273100960     
 -0.55896099479892347        3.3537659687935406     
 -0.55897427392358023        3.4237174277819289     
 -0.55898782488371002        3.4936739055231869     
 -0.55900164755939219        3.5636355031911249     
 -0.55901574182829761        3.6336023218839344     
 -0.55903010756568872        3.7035744626226879     
 -0.55904474464442089        3.7735520263498401     
 -0.55905965293494286        3.8435351139277318     
 -0.55907483230529809        3.9135238261370864     
 -0.55909028262112548        3.9835182636755189     
 -0.55910600374566000        4.0535185271560348     
 -0.55912199553973407        4.1235247171055383     
 -0.55913825786177818        4.1935369339633368     
 -0.55915479056782202        4.2635552780796422     
 -0.55917159351149548        4.3335798497140887     
 -0.55918866654402932        4.4036107490342307     
 -0.55920600951425670        4.4736480761140536     
 -0.55922362226861400        4.5436919309324884     
 -0.55954198239893171        5.6653625717891831     
 -0.55956415567110318        5.7355325956288077     
 -0.55958659555468682        5.8057109288798747     
 -0.55960930185079927        5.8758976694333915     
 -0.55963227435818486        5.9460929150557140     
 -0.55965551287321713        6.0162967633870830     
 -0.55967901718989976        6.0865093119401594     
 -0.55970278709986843        6.1567306580985521     
 -0.55972682239239202        6.2269608991153618     
 -0.55975112285437456        6.2972001321117128     
 -0.55977568827035595        6.3674484540752987     
 -0.55980051842251433        6.4377059618589145     
 -0.48982367299055141       -6.4376825593043909     
 -0.48980194612391514       -6.3674252996108969     
 -0.48978045090665834       -6.2971772259427494     
 -0.48975918752937719       -6.2269382414449392     
 -0.48973815618060107       -6.1567082491275569     
 -0.48971735704679115       -6.0864871518672619     
 -0.48969679031233898       -6.0162748524087357     
 -0.48967645615956523       -5.9460712533661493     
 -0.48965635476871844       -5.8758762572246210     
 -0.48963648631797380       -5.8056897663416889     
 -0.48961685098343177       -5.7355116829487729     
 -0.48959744893911705       -5.6653419091526400     
 -0.48931887764070753       -4.5436752923779977     
 -0.48930346613884274       -4.4736316904122768     
 -0.48928829070336177       -4.4035946163302562     
 -0.48927335146863432       -4.3335639701507613     
 -0.48925864856693274       -4.2635396517975561     
 -0.48924418212843129       -4.1935215611008401     
 -0.48922995228120519       -4.1235095977987291     
 -0.48921595915122973       -4.0535036615387607     
 -0.48920220286237953       -3.9835036518793765     
 -0.48918868353642742       -3.9135094682914193     
 -0.48917540129304399       -3.8435210101596318     
 -0.48916235624979648       -3.7735381767841440     
 -0.48914954852214804       -3.7035608673819778     
 -0.48913697822345703       -3.6335889810885380     
 -0.48912464546497625       -3.5636224169591126     
 -0.48911255035585205       -3.4936610739703720     
 -0.48910069300312370       -3.4237048510218662     
 -0.48908907351172265       -3.3537536469375269     
 -0.48907769198447187       -3.2838073604671685     
 -0.48906654852208503       -3.2138658902879875     
 -0.48884732304334588       -1.1872006416766971     
 -0.48884335787256428       -1.1173562465658613     
 -0.48883963283947529       -1.0475134989417327     
 -0.48883614797701724      -0.97767229595403449     
 -0.48883290331600449      -0.90783253472972270     
 -0.48882989888512707      -0.83799411237450350     
 -0.48882713471095063      -0.76815692597435103     
 -0.48882461081791623      -0.69832087259702313     
 -0.48882232722834018      -0.62848584929358031     
 -0.48882028396241384      -0.55865175309990156     
 -0.48881848103820352      -0.48881848103820352     
 -0.48881691847165037      -0.41898593011855745     
 -0.48881559627657029      -0.34915399734040731     
 -0.48881451446465379      -0.27932257969408791     
 -0.48881367304546591      -0.20949157416234254     
 -0.48881307202644630      -0.13966087772184183     
 -0.48881271141290894       -6.9830387344701275E-002
 -0.48881259120804216        0.0000000000000000     
 -0.48881271141290894        6.9830387344701275E-002
 -0.48881307202644630       0.13966087772184183     
 -0.48881367304546591       0.20949157416234254     
 -0.48881451446465379       0.27932257969408791     
 -0.48881559627657029       0.34915399734040731     
 -0.48881691847165037       0.41898593011855745     
 -0.48881848103820352       0.48881848103820352     
 -0.48882028396241384       0.55865175309990156     
 -0.48882232722834018       0.62848584929358031     
 -0.48882461081791623       0.69832087259702313     
 -0.48882713471095063       0.76815692597435103     
 -0.48882989888512707       0.83799411237450350     
 -0.48883290331600449       0.90783253472972270     
 -0.48883614797701724       0.97767229595403449     
 -0.48883963283947529        1.0475134989417327     
 -0.48884335787256428        1.1173562465658613     
 -0.48884732304334588        1.1872006416766971     
 -0.48906654852208503        3.2138658902879875     
 -0.48907769198447187        3.2838073604671685     
 -0.48908907351172265        3.3537536469375269     
 -0.48910069300312370        3.4237048510218662     
 -0.48911255035585205        3.4936610739703720     
 -0.48912464546497625        3.5636224169591126     
 -0.48913697822345703        3.6335889810885380     
 -0.48914954852214804        3.7035608673819778     
 -0.48916235624979648        3.7735381767841440     
 -0.48917540129304399        3.8435210101596318     
 -0.48918868353642742        3.9135094682914193     
 -0.48920220286237953        3.9835036518793765     
 -0.48921595915122973        4.0535036615387607     
 -0.48922995228120519        4.1235095977987291     
 -0.48924418212843129        4.1935215611008401     
 -0.48925864856693274        4.2635396517975561     
 -0.48927335146863432        4.3335639701507613     
 -0.48928829070336177        4.4035946163302562     
 -0.48930346613884274        4.4736316904122768     
 -0.48931887764070753        4.5436752923779977     
 -0.48959744893911705        5.6653419091526400     
 -0.48961685098343177        5.7355116829487729     
 -0.48963648631797380        5.8056897663416889     
 -0.48965635476871844        5.8758762572246210     
 -0.48967645615956523        5.9460712533661493     
 -0.48969679031233898        6.0162748524087357     
 -0.48971735704679115        6.0864871518672619     
 -0.48973815618060107        6.1567082491275569     
 -0.48975918752937719        6.2269382414449392     
 -0.48978045090665834        6.2971772259427494     
 -0.48980194612391514        6.3674252996108969     
 -0.48982367299055141        6.4376825593043909     
 -0.41984753978277212       -6.4376622766691733     
 -0.41982891639505360       -6.3674052319916461     
 -0.41981049156782718       -6.2971573735174076     
 -0.41979226546446258       -6.2269186043895290     
 -0.41977423824655791       -6.1566888276161835     
 -0.41975641007393838       -6.0864679460721067     
 -0.41973878110465535       -6.0162558625000599     
 -0.41972135149498507       -5.9460524795122884     
 -0.41970412139942770       -5.8758576995919878     
 -0.41968709097070622       -5.8056714250947694     
 -0.41967026035976529       -5.7354935582501261     
 -0.41965362971577014       -5.6653240011628974     
 -0.41941484972297788       -4.5436608719989264     
 -0.41940163961032401       -4.4736174891767906     
 -0.41938863184420000       -4.4035806343641006     
 -0.41937582653978078       -4.3335502075777343     
 -0.41936322381044366       -4.2635261087395104     
 -0.41935082376776761       -4.1935082376776762     
 -0.41933862652153231       -4.1234964941284007     
 -0.41932663217971755       -4.0534907777372693     
 -0.41931484084850251       -3.9834909880607743     
 -0.41930325263226487       -3.9134970245678056     
 -0.41929186763358028       -3.8435087866411526     
 -0.41928068595322149       -3.7735261735789933     
 -0.41926970769015787       -3.7035490845963945     
 -0.41925893294155453       -3.6335774188268064     
 -0.41924836180277192       -3.5636110753235610     
 -0.41923799436736475       -3.4936499530613734     
 -0.41922783072708192       -3.4236939509378361     
 -0.41921787097186536       -3.3537429677749229     
 -0.41920811518984985       -3.2837969023204905     
 -0.41919856346736212       -3.2138556532497766     
 -0.41901065231090973       -1.1871968482142443     
 -0.41900725352797330       -1.1173526760745958     
 -0.41900406058129047       -1.0475101514532261     
 -0.41900107349909421      -0.97766917149788657     
 -0.41899829230779712      -0.90782963333356048     
 -0.41899571703199090      -0.83799143406398180     
 -0.41899334769444629      -0.76815447077315158     
 -0.41899118431611287      -0.69831864052685477     
 -0.41898922691611917      -0.62848384037417881     
 -0.41898747551177218      -0.55864996734902972     
 -0.41898593011855745      -0.48881691847165037     
 -0.41898459075013894      -0.41898459075013894     
 -0.41898345741835896      -0.34915288118196575     
 -0.41898253013323800      -0.27932168675549202     
 -0.41898180890297476      -0.20949090445148738     
 -0.41898129373394610      -0.13966043124464872     
 -0.41898098463070699       -6.9830164105117831E-002
 -0.41898088159599023        0.0000000000000000     
 -0.41898098463070699        6.9830164105117831E-002
 -0.41898129373394610       0.13966043124464872     
 -0.41898180890297476       0.20949090445148738     
 -0.41898253013323800       0.27932168675549202     
 -0.41898345741835896       0.34915288118196575     
 -0.41898459075013894       0.41898459075013894     
 -0.41898593011855745       0.48881691847165037     
 -0.41898747551177218       0.55864996734902972     
 -0.41898922691611917       0.62848384037417881     
 -0.41899118431611287       0.69831864052685477     
 -0.41899334769444629       0.76815447077315158     
 -0.41899571703199090       0.83799143406398180     
 -0.41899829230779712       0.90782963333356048     
 -0.41900107349909421       0.97766917149788657     
 -0.41900406058129047        1.0475101514532261     
 -0.41900725352797330        1.1173526760745958     
 -0.41901065231090973        1.1871968482142443     
 -0.41919856346736212        3.2138556532497766     
 -0.41920811518984985        3.2837969023204905     
 -0.41921787097186536        3.3537429677749229     
 -0.41922783072708192        3.4236939509378361     
 -0.41923799436736475        3.4936499530613734     
 -0.41924836180277192        3.5636110753235610     
 -0.41925893294155453        3.6335774188268064     
 -0.41926970769015787        3.7035490845963945     
 -0.41928068595322149        3.7735261735789933     
 -0.41929186763358028        3.8435087866411526     
 -0.41930325263226487        3.9134970245678056     
 -0.41931484084850251        3.9834909880607743     
 -0.41932663217971755        4.0534907777372693     
 -0.41933862652153231        4.1234964941284007     
 -0.41935082376776761        4.1935082376776762     
 -0.41936322381044366        4.2635261087395104     
 -0.41937582653978078        4.3335502075777343     
 -0.41938863184420000        4.4035806343641006     
 -0.41940163961032401        4.4736174891767906     
 -0.41941484972297788        4.5436608719989264     
 -0.41965362971577014        5.6653240011628974     
 -0.41967026035976529        5.7354935582501261     
 -0.41968709097070622        5.8056714250947694     
 -0.41970412139942770        5.8758576995919878     
 -0.41972135149498507        5.9460524795122884     
 -0.41973878110465535        6.0162558625000599     
 -0.41975641007393838        6.0864679460721067     
 -0.41977423824655791        6.1566888276161835     
 -0.41979226546446258        6.2269186043895290     
 -0.41981049156782718        6.2971573735174076     
 -0.41982891639505360        6.3674052319916461     
 -0.41984753978277212        6.4376622766691733     
 -0.34987201707248988       -6.4376451141338151     
 -0.34985649732945923       -6.3673882513961590     
 -0.34984114305624214       -6.2971405750123584     
 -0.34982595438898101       -6.2269019881238625     
 -0.34981093146234193       -6.1566723937372192     
 -0.34979607440951371       -6.0864516947255387     
 -0.34978138336220677       -6.0162397938299561     
 -0.34976685845065225       -5.9460365936610895     
 -0.34975249980360140       -5.8758419967005038     
 -0.34973830754832425       -5.8056559053021823     
 -0.34972428181060894       -5.7354782216939864     
 -0.34971042271476083       -5.6653088479791256     
 -0.34951143614793895       -4.5436486699232068     
 -0.34950042754168509       -4.4736054725335697     
 -0.34948958756030002       -4.4035688032597804     
 -0.34947891629976363       -4.3335385621170692     
 -0.34946841385455774       -4.2635146490256046     
 -0.34945808031766551       -4.1934969638119863     
 -0.34944791578057072       -4.1234854062107349     
 -0.34943792033325716       -4.0534798758657828     
 -0.34942809406420816       -3.9834802723319731     
 -0.34941843706040571       -3.9134864950765444     
 -0.34940894940733019       -3.8434984434806330     
 -0.34939963118895961       -3.7735160168407638     
 -0.34939048248776894       -3.7035391143703507     
 -0.34938150338472973       -3.6335676352011896     
 -0.34937269395930964       -3.5636014783849581     
 -0.34936405428947148       -3.4936405428947150     
 -0.34935558445167325       -3.4236847276263980     
 -0.34934728452086711       -3.3537339314003241     
 -0.34933915457049919       -3.2837880529626928     
 -0.34933119467250912       -3.2138469909870842     
 -0.34917459950136043       -1.1871936383046255     
 -0.34917176713632586       -1.1173496548362429     
 -0.34916910630428477       -1.0475073189128545     
 -0.34916661702876489      -0.97766652768054185     
 -0.34916429933177684      -0.90782717826261983     
 -0.34916215323381372      -0.83798916776115306     
 -0.34916017875385147      -0.76815239325847329     
 -0.34915837590934812      -0.69831675181869624     
 -0.34915674471624425      -0.62848214048923967     
 -0.34915528518896238      -0.55864845630233995     
 -0.34915399734040731      -0.48881559627657029     
 -0.34915288118196575      -0.41898345741835896     
 -0.34915193672350636      -0.34915193672350636     
 -0.34915116397337959      -0.27932093117870371     
 -0.34915056293841779      -0.20949033776305068     
 -0.34915013362393499      -0.13966005344957402     
 -0.34914987603372699       -6.9829975206745401E-002
 -0.34914979017007125        0.0000000000000000     
 -0.34914987603372699        6.9829975206745401E-002
 -0.34915013362393499       0.13966005344957402     
 -0.34915056293841779       0.20949033776305068     
 -0.34915116397337959       0.27932093117870371     
 -0.34915193672350636       0.34915193672350636     
 -0.34915288118196575       0.41898345741835896     
 -0.34915399734040731       0.48881559627657029     
 -0.34915528518896238       0.55864845630233995     
 -0.34915674471624425       0.62848214048923967     
 -0.34915837590934812       0.69831675181869624     
 -0.34916017875385147       0.76815239325847329     
 -0.34916215323381372       0.83798916776115306     
 -0.34916429933177684       0.90782717826261983     
 -0.34916661702876489       0.97766652768054185     
 -0.34916910630428477        1.0475073189128545     
 -0.34917176713632586        1.1173496548362429     
 -0.34917459950136043        1.1871936383046255     
 -0.34933119467250912        3.2138469909870842     
 -0.34933915457049919        3.2837880529626928     
 -0.34934728452086711        3.3537339314003241     
 -0.34935558445167325        3.4236847276263980     
 -0.34936405428947148        3.4936405428947150     
 -0.34937269395930964        3.5636014783849581     
 -0.34938150338472973        3.6335676352011896     
 -0.34939048248776894        3.7035391143703507     
 -0.34939963118895961        3.7735160168407638     
 -0.34940894940733019        3.8434984434806330     
 -0.34941843706040571        3.9134864950765444     
 -0.34942809406420816        3.9834802723319731     
 -0.34943792033325716        4.0534798758657828     
 -0.34944791578057072        4.1234854062107349     
 -0.34945808031766551        4.1934969638119863     
 -0.34946841385455774        4.2635146490256046     
 -0.34947891629976363        4.3335385621170692     
 -0.34948958756030002        4.4035688032597804     
 -0.34950042754168509        4.4736054725335697     
 -0.34951143614793895        4.5436486699232068     
 -0.34971042271476083        5.6653088479791256     
 -0.34972428181060894        5.7354782216939864     
 -0.34973830754832425        5.8056559053021823     
 -0.34975249980360140        5.8758419967005038     
 -0.34976685845065225        5.9460365936610895     
 -0.34978138336220677        6.0162397938299561     
 -0.34979607440951371        6.0864516947255387     
 -0.34981093146234193        6.1566723937372192     
 -0.34982595438898101        6.2269019881238625     
 -0.34984114305624214        6.2971405750123584     
 -0.34985649732945923        6.3673882513961590     
 -0.34987201707248988        6.4376451141338151     
 -0.27989700312396065       -6.4376310718510945     
 -0.27988458716376136       -6.3673743579755708     
 -0.27987230358120430       -6.2971268305770955     
 -0.27986015248520407       -6.2268883927957903     
 -0.27984813398349417       -6.1566589476368714     
 -0.27983624818262631       -6.0864383979721222     
 -0.27982449518796948       -6.0162266465413436     
 -0.27981287510370934       -5.9460235959538235     
 -0.27980138803284743       -5.8758291486897951     
 -0.27979003407720038       -5.8056432071019071     
 -0.27977881333739946       -5.7354656734166882     
 -0.27976772591288945       -5.6652964497360108     
 -0.27960853453902090       -4.5436386862590892     
 -0.27959972753682566       -4.4735956405892106     
 -0.27959105543633239       -4.4035591231222355     
 -0.27958251831432557       -4.3335290338720460     
 -0.27957411624639111       -4.2635052727574632     
 -0.27956584930691586       -4.1934877396037376     
 -0.27955771756908743       -4.1234763341440388     
 -0.27954972110489323       -4.0534709560209512     
 -0.27954185998512032       -3.9834715047879645     
 -0.27953413427935481       -3.9134778799109671     
 -0.27952654405598137       -3.8434899807697436     
 -0.27951908938218278       -3.7735077066594673     
 -0.27951177032393948       -3.7035309567921981     
 -0.27950458694602914       -3.6335596302983784     
 -0.27949753931202614       -3.5635936262283328     
 -0.27949062748430120       -3.4936328435537649     
 -0.27948385152402105       -3.4236771811692579     
 -0.27947721149114785       -3.3537265378937735     
 -0.27947070744443880       -3.2837808124721559     
 -0.27946433944144594       -3.2138399035766279     
 -0.27933906164146532       -1.1871910119762275     
 -0.27933679571938019       -1.1173471828775208     
 -0.27933466702551091       -1.0475050013456659     
 -0.27933267557867975      -0.97766436452537908     
 -0.27933082139649534      -0.90782516953860981     
 -0.27932910449535231      -0.83798731348605682     
 -0.27932752489043133      -0.76815069344868614     
 -0.27932608259569913      -0.69831520648924772     
 -0.27932477762390812      -0.62848074965379319     
 -0.27932360998659644      -0.55864721997319289     
 -0.27932257969408791      -0.48881451446465379     
 -0.27932168675549202      -0.41898253013323800     
 -0.27932093117870371      -0.34915116397337959     
 -0.27932031297040344      -0.27932031297040344     
 -0.27931983213605704      -0.20948987410204276     
 -0.27931948867991585      -0.13965974433995793     
 -0.27931928260501643       -6.9829820651254107E-002
 -0.27931921391318087        0.0000000000000000     
 -0.27931928260501643        6.9829820651254107E-002
 -0.27931948867991585       0.13965974433995793     
 -0.27931983213605704       0.20948987410204276     
 -0.27932031297040344       0.27932031297040344     
 -0.27932093117870371       0.34915116397337959     
 -0.27932168675549202       0.41898253013323800     
 -0.27932257969408791       0.48881451446465379     
 -0.27932360998659644       0.55864721997319289     
 -0.27932477762390812       0.62848074965379319     
 -0.27932608259569913       0.69831520648924772     
 -0.27932752489043133       0.76815069344868614     
 -0.27932910449535231       0.83798731348605682     
 -0.27933082139649534       0.90782516953860981     
 -0.27933267557867975       0.97766436452537908     
 -0.27933466702551091        1.0475050013456659     
 -0.27933679571938019        1.1173471828775208     
 -0.27933906164146532        1.1871910119762275     
 -0.27946433944144594        3.2138399035766279     
 -0.27947070744443880        3.2837808124721559     
 -0.27947721149114785        3.3537265378937735     
 -0.27948385152402105        3.4236771811692579     
 -0.27949062748430120        3.4936328435537649     
 -0.27949753931202614        3.5635936262283328     
 -0.27950458694602914        3.6335596302983784     
 -0.27951177032393948        3.7035309567921981     
 -0.27951908938218278        3.7735077066594673     
 -0.27952654405598137        3.8434899807697436     
 -0.27953413427935481        3.9134778799109671     
 -0.27954185998512032        3.9834715047879645     
 -0.27954972110489323        4.0534709560209512     
 -0.27955771756908743        4.1234763341440388     
 -0.27956584930691586        4.1934877396037376     
 -0.27957411624639111        4.2635052727574632     
 -0.27958251831432557        4.3335290338720460     
 -0.27959105543633239        4.4035591231222355     
 -0.27959972753682566        4.4735956405892106     
 -0.27960853453902090        4.5436386862590892     
 -0.27976772591288945        5.6652964497360108     
 -0.27977881333739946        5.7354656734166882     
 -0.27979003407720038        5.8056432071019071     
 -0.27980138803284743        5.8758291486897951     
 -0.27981287510370934        5.9460235959538235     
 -0.27982449518796948        6.0162266465413436     
 -0.27983624818262631        6.0864383979721222     
 -0.27984813398349417        6.1566589476368714     
 -0.27986015248520407        6.2268883927957903     
 -0.27987230358120430        6.2971268305770955     
 -0.27988458716376136        6.3673743579755708     
 -0.27989700312396065        6.4376310718510945     
 -0.20992239619389166       -6.4376201499460119     
 -0.20991308412703980       -6.3673635518535407     
 -0.20990387134446448       -6.2971161403339346     
 -0.20989475792785217       -6.2268778185262814     
 -0.20988574395800336       -6.1566484894347662     
 -0.20987682951483222       -6.0864280559301349     
 -0.20986801467736588       -6.0162164207511557     
 -0.20985929952374396       -5.9460134865060796     
 -0.20985068413121796       -5.8758191556741028     
 -0.20984216857615079       -5.8056333306068382     
 -0.20983375293401618       -5.7354559135297762     
 -0.20982543727939817       -5.6652868065437509     
 -0.20970604251208366       -4.5436309210951462     
 -0.20969943719207473       -4.4735879934309279     
 -0.20969293304939643       -4.4035515940373253     
 -0.20968653014163730       -4.3335216229271705     
 -0.20968022852548701       -4.2634979800182355     
 -0.20967402825673609       -4.1934805651347222     
 -0.20966792939027537       -4.1234692780087494     
 -0.20966193198009575       -4.0534640182818515     
 -0.20965603607928779       -3.9834646855064682     
 -0.20965024174004127       -3.9134711791474368     
 -0.20964454901364493       -3.8434833985834906     
 -0.20963895795048612       -3.7735012431087500     
 -0.20963346860005042       -3.7035246119342240     
 -0.20962808101092123       -3.6335534041893016     
 -0.20962279523077965       -3.5635875189232542     
 -0.20961761130640394       -3.4936268551067324     
 -0.20961252928366933       -3.4236713116332660     
 -0.20960754920754762       -3.3537207873207620     
 -0.20960267112210698       -3.2837751809130094     
 -0.20959789507051160       -3.2138343910811780     
 -0.20950393575040169       -1.1871889692522761     
 -0.20950223629130421       -1.1173452602202893     
 -0.20950063975443090       -1.0475031987721546     
 -0.20949914615389856      -0.97766268205152662     
 -0.20949775550291369      -0.90782360717929267     
 -0.20949646781377232      -0.83798587125508928     
 -0.20949528309786009      -0.76814937135882033     
 -0.20949420136565197      -0.69831400455217318     
 -0.20949322262671233      -0.62847966788013709     
 -0.20949234688969490      -0.55864625837251980     
 -0.20949157416234254      -0.48881367304546591     
 -0.20949090445148738      -0.41898180890297476     
 -0.20949033776305068      -0.34915056293841779     
 -0.20948987410204276      -0.27931983213605704     
 -0.20948951347256306      -0.20948951347256306     
 -0.20948925587780007      -0.13965950391853341     
 -0.20948910132003129       -6.9829700440010439E-002
 -0.20948904980062319        0.0000000000000000     
 -0.20948910132003129        6.9829700440010439E-002
 -0.20948925587780007       0.13965950391853341     
 -0.20948951347256306       0.20948951347256306     
 -0.20948987410204276       0.27931983213605704     
 -0.20949033776305068       0.34915056293841779     
 -0.20949090445148738       0.41898180890297476     
 -0.20949157416234254       0.48881367304546591     
 -0.20949234688969490       0.55864625837251980     
 -0.20949322262671233       0.62847966788013709     
 -0.20949420136565197       0.69831400455217318     
 -0.20949528309786009       0.76814937135882033     
 -0.20949646781377232       0.83798587125508928     
 -0.20949775550291369       0.90782360717929267     
 -0.20949914615389856       0.97766268205152662     
 -0.20950063975443090        1.0475031987721546     
 -0.20950223629130421        1.1173452602202893     
 -0.20950393575040169        1.1871889692522761     
 -0.20959789507051160        3.2138343910811780     
 -0.20960267112210698        3.2837751809130094     
 -0.20960754920754762        3.3537207873207620     
 -0.20961252928366933        3.4236713116332660     
 -0.20961761130640394        3.4936268551067324     
 -0.20962279523077965        3.5635875189232542     
 -0.20962808101092123        3.6335534041893016     
 -0.20963346860005042        3.7035246119342240     
 -0.20963895795048612        3.7735012431087500     
 -0.20964454901364493        3.8434833985834906     
 -0.20965024174004127        3.9134711791474368     
 -0.20965603607928779        3.9834646855064682     
 -0.20966193198009575        4.0534640182818515     
 -0.20966792939027537        4.1234692780087494     
 -0.20967402825673609        4.1934805651347222     
 -0.20968022852548701        4.2634979800182355     
 -0.20968653014163730        4.3335216229271705     
 -0.20969293304939643        4.4035515940373253     
 -0.20969943719207473        4.4735879934309279     
 -0.20970604251208366        4.5436309210951462     
 -0.20982543727939817        5.6652868065437509     
 -0.20983375293401618        5.7354559135297762     
 -0.20984216857615079        5.8056333306068382     
 -0.20985068413121796        5.8758191556741028     
 -0.20985929952374396        5.9460134865060796     
 -0.20986801467736588        6.0162164207511557     
 -0.20987682951483222        6.0864280559301349     
 -0.20988574395800336        6.1566484894347662     
 -0.20989475792785217        6.2268778185262814     
 -0.20990387134446448        6.2971161403339346     
 -0.20991308412703980        6.3673635518535407     
 -0.20992239619389166        6.4376201499460119     
 -0.13994809453295201       -6.4376123485157928     
 -0.13994188644233510       -6.3673558331262470     
 -0.13993574454173355       -6.2971085043780084     
 -0.13992966888560507       -6.2268702654094259     
 -0.13992365952781693       -6.1566410192239447     
 -0.13991771652164542       -6.0864206686915745     
 -0.13991183991977543       -6.0162091165503417     
 -0.13990602977430022       -5.9460062654077595     
 -0.13990028613672104       -5.8758120177422830     
 -0.13989460905794662       -5.8056262759047836     
 -0.13988899858829296       -5.7354489421200112     
 -0.13988345477748293       -5.6652799184880580     
 -0.13980385767693126       -4.5436253745002650     
 -0.13979945409770497       -4.4735825311265591     
 -0.13979511797053434       -4.4035462160718319     
 -0.13979084933381192       -4.3335163293481687     
 -0.13978664822533093       -4.2634927708725927     
 -0.13978251468228520       -4.1934754404685552     
 -0.13977844874126871       -4.1234642378674264     
 -0.13977445043827552       -4.0534590627099893     
 -0.13977051980869948       -3.9834598145479347     
 -0.13976665688733386       -3.9134663928453479     
 -0.13976286170837132       -3.8434786969802111     
 -0.13975913430540352       -3.7734966262458940     
 -0.13975547471142089       -3.7035200798526531     
 -0.13975188295881258       -3.6335489569291268     
 -0.13974835907936603       -3.5635831565238330     
 -0.13974490310426688       -3.4936225776066712     
 -0.13974151506409868       -3.4236671190704175     
 -0.13973819498884277       -3.3537166797322264     
 -0.13973494290787805       -3.2837711583351337     
 -0.13973175884998068       -3.2138304535495554     
 -0.13966911884127486       -1.1871875101508360     
 -0.13966798586019383       -1.1173438868815506     
 -0.13966692149443477       -1.0475019112082606     
 -0.13966592575340891      -0.97766148027386224     
 -0.13966499864592061      -0.90782249119848379     
 -0.13966414018016726      -0.83798484108100335     
 -0.13966335036373928      -0.76814842700056596     
 -0.13966262920362005      -0.69831314601810013     
 -0.13966197670618583      -0.62847889517783617     
 -0.13966139287720578      -0.55864557150882310     
 -0.13966087772184183      -0.48881307202644630     
 -0.13966043124464872      -0.41898129373394610     
 -0.13966005344957402      -0.34915013362393499     
 -0.13965974433995793      -0.27931948867991585     
 -0.13965950391853341      -0.20948925587780007     
 -0.13965933218742613      -0.13965933218742613     
 -0.13965922914815443       -6.9829614574077215E-002
 -0.13965919480162930        0.0000000000000000     
 -0.13965922914815443        6.9829614574077215E-002
 -0.13965933218742613       0.13965933218742613     
 -0.13965950391853341       0.20948925587780007     
 -0.13965974433995793       0.27931948867991585     
 -0.13966005344957402       0.34915013362393499     
 -0.13966043124464872       0.41898129373394610     
 -0.13966087772184183       0.48881307202644630     
 -0.13966139287720578       0.55864557150882310     
 -0.13966197670618583       0.62847889517783617     
 -0.13966262920362005       0.69831314601810013     
 -0.13966335036373928       0.76814842700056596     
 -0.13966414018016726       0.83798484108100335     
 -0.13966499864592061       0.90782249119848379     
 -0.13966592575340891       0.97766148027386224     
 -0.13966692149443477        1.0475019112082606     
 -0.13966798586019383        1.1173438868815506     
 -0.13966911884127486        1.1871875101508360     
 -0.13973175884998068        3.2138304535495554     
 -0.13973494290787805        3.2837711583351337     
 -0.13973819498884277        3.3537166797322264     
 -0.13974151506409868        3.4236671190704175     
 -0.13974490310426688        3.4936225776066712     
 -0.13974835907936603        3.5635831565238330     
 -0.13975188295881258        3.6335489569291268     
 -0.13975547471142089        3.7035200798526531     
 -0.13975913430540352        3.7734966262458940     
 -0.13976286170837132        3.8434786969802111     
 -0.13976665688733386        3.9134663928453479     
 -0.13977051980869948        3.9834598145479347     
 -0.13977445043827552        4.0534590627099893     
 -0.13977844874126871        4.1234642378674264     
 -0.13978251468228520        4.1934754404685552     
 -0.13978664822533093        4.2634927708725927     
 -0.13979084933381192        4.3335163293481687     
 -0.13979511797053434        4.4035462160718319     
 -0.13979945409770497        4.4735825311265591     
 -0.13980385767693126        4.5436253745002650     
 -0.13988345477748293        5.6652799184880580     
 -0.13988899858829296        5.7354489421200112     
 -0.13989460905794662        5.8056262759047836     
 -0.13990028613672104        5.8758120177422830     
 -0.13990602977430022        5.9460062654077595     
 -0.13991183991977543        6.0162091165503417     
 -0.13991771652164542        6.0864206686915745     
 -0.13992365952781693        6.1566410192239447     
 -0.13992966888560507        6.2268702654094259     
 -0.13993574454173355        6.2971085043780084     
 -0.13994188644233510        6.3673558331262470     
 -0.13994809453295201        6.4376123485157928     
  -6.9973996387281329E-002  -6.4376076676298819     
  -6.9970892328158146E-002  -6.3673512018623910     
  -6.9967821364191912E-002  -6.2971039227772714     
  -6.9964783522611568E-002  -6.2268657335124296     
  -6.9961778830350790E-002  -6.1566365370708684     
  -6.9958807314047744E-002  -6.0864162363221537     
  -6.9955869000044996E-002  -6.0162047340038685     
  -6.9952963914389196E-002  -5.9460019327230809     
  -6.9950092082830997E-002  -5.8758077349578040     
  -6.9947253530824857E-002  -5.8056220430584631     
  -6.9944448283528818E-002  -5.7354447592493631     
  -6.9941676365804367E-002  -5.6652757856301523     
  -6.9901877638825452E-002  -4.5436220465236543     
  -6.9899675839446174E-002  -4.4735792537245551     
  -6.9897507766245329E-002  -4.4035429892734550     
  -6.9895373438419187E-002  -4.3335131531819888     
  -6.9893272874864423E-002  -4.2634896453667297     
  -6.9891206094177996E-002  -4.1934723656506794     
  -6.9889173114656922E-002  -4.1234612137647577     
  -6.9887173954298276E-002  -4.0534560893492992     
  -6.9885208630799014E-002  -3.9834568919555435     
  -6.9883277161555804E-002  -3.9134635210471247     
  -6.9881379563665011E-002  -3.8434758760015755     
  -6.9879515853922491E-002  -3.7734938561118141     
  -6.9877686048823523E-002  -3.7035173605876466     
  -6.9875890164562693E-002  -3.6335462885572594     
  -6.9874128217033746E-002  -3.5635805390687203     
  -6.9872400221829528E-002  -3.4936200110914766     
  -6.9870706194241891E-002  -3.4236646035178522     
  -6.9869046149261496E-002  -3.3537142151645511     
  -6.9867420101577815E-002  -3.2837687447741568     
  -6.9865828065578978E-002  -3.2138280910166328     
  -6.9834507922635930E-002  -1.1871866346848106     
  -6.9833941429590596E-002  -1.1173430628734495     
  -6.9833409244358005E-002  -1.0475011386653701     
  -6.9832911371643769E-002 -0.97766075920301276     
  -6.9832447815850102E-002 -0.90782182160605118     
  -6.9832018581075683E-002 -0.83798422297290820     
  -6.9831623671115756E-002 -0.76814786038227323     
  -6.9831263089461998E-002 -0.69831263089461981     
  -6.9830936839302540E-002 -0.62847843155372285     
  -6.9830644923521978E-002 -0.55864515938817583     
  -6.9830387344701275E-002 -0.48881271141290894     
  -6.9830164105117831E-002 -0.41898098463070699     
  -6.9829975206745401E-002 -0.34914987603372699     
  -6.9829820651254107E-002 -0.27931928260501643     
  -6.9829700440010439E-002 -0.20948910132003129     
  -6.9829614574077215E-002 -0.13965922914815443     
  -6.9829563054213617E-002  -6.9829563054213617E-002
  -6.9829545880875130E-002   0.0000000000000000     
  -6.9829563054213617E-002   6.9829563054213617E-002
  -6.9829614574077215E-002  0.13965922914815443     
  -6.9829700440010439E-002  0.20948910132003129     
  -6.9829820651254107E-002  0.27931928260501643     
  -6.9829975206745401E-002  0.34914987603372699     
  -6.9830164105117831E-002  0.41898098463070699     
  -6.9830387344701275E-002  0.48881271141290894     
  -6.9830644923521978E-002  0.55864515938817583     
  -6.9830936839302540E-002  0.62847843155372285     
  -6.9831263089461998E-002  0.69831263089461981     
  -6.9831623671115756E-002  0.76814786038227323     
  -6.9832018581075683E-002  0.83798422297290820     
  -6.9832447815850102E-002  0.90782182160605118     
  -6.9832911371643769E-002  0.97766075920301276     
  -6.9833409244358005E-002   1.0475011386653701     
  -6.9833941429590596E-002   1.1173430628734495     
  -6.9834507922635930E-002   1.1871866346848106     
  -6.9865828065578978E-002   3.2138280910166328     
  -6.9867420101577815E-002   3.2837687447741568     
  -6.9869046149261496E-002   3.3537142151645511     
  -6.9870706194241891E-002   3.4236646035178522     
  -6.9872400221829528E-002   3.4936200110914766     
  -6.9874128217033746E-002   3.5635805390687203     
  -6.9875890164562693E-002   3.6335462885572594     
  -6.9877686048823523E-002   3.7035173605876466     
  -6.9879515853922491E-002   3.7734938561118141     
  -6.9881379563665011E-002   3.8434758760015755     
  -6.9883277161555804E-002   3.9134635210471247     
  -6.9885208630799014E-002   3.9834568919555435     
  -6.9887173954298276E-002   4.0534560893492992     
  -6.9889173114656922E-002   4.1234612137647577     
  -6.9891206094177996E-002   4.1934723656506794     
  -6.9893272874864423E-002   4.2634896453667297     
  -6.9895373438419187E-002   4.3335131531819888     
  -6.9897507766245329E-002   4.4035429892734550     
  -6.9899675839446174E-002   4.4735792537245551     
  -6.9901877638825452E-002   4.5436220465236543     
  -6.9941676365804367E-002   5.6652757856301523     
  -6.9944448283528818E-002   5.7354447592493631     
  -6.9947253530824857E-002   5.8056220430584631     
  -6.9950092082830997E-002   5.8758077349578040     
  -6.9952963914389196E-002   5.9460019327230809     
  -6.9955869000044996E-002   6.0162047340038685     
  -6.9958807314047744E-002   6.0864162363221537     
  -6.9961778830350790E-002   6.1566365370708684     
  -6.9964783522611568E-002   6.2268657335124296     
  -6.9967821364191912E-002   6.2971039227772714     
  -6.9970892328158146E-002   6.3673512018623910     
  -6.9973996387281329E-002   6.4376076676298819     
   0.0000000000000000       -6.4376061073299491     
   0.0000000000000000       -6.3673496581031923     
   0.0000000000000000       -6.2971023955724954     
   0.0000000000000000       -6.2268642228756166     
   0.0000000000000000       -6.1566350430154122     
   0.0000000000000000       -6.0864147588612987     
   0.0000000000000000       -6.0162032731507127     
   0.0000000000000000       -5.9460004884905739     
   0.0000000000000000       -5.8758063073587463     
   0.0000000000000000       -5.8056206321055077     
   0.0000000000000000       -5.7354433649550156     
   0.0000000000000000       -5.6652744080067690     
   0.0000000000000000       -4.5436209371948362     
   0.0000000000000000       -4.4735781612539904     
   0.0000000000000000       -4.4035419136708160     
   0.0000000000000000       -4.3335120944567986     
   0.0000000000000000       -4.2634886035283621     
   0.0000000000000000       -4.1934713407083581     
   0.0000000000000000       -4.1234602057275556     
   0.0000000000000000       -4.0534550982261406     
   0.0000000000000000       -3.9834559177552009     
   0.0000000000000000       -3.9134625637782219     
   0.0000000000000000       -3.8434749356725852     
   0.0000000000000000       -3.7734929327310596     
   0.0000000000000000       -3.7035164541633003     
   0.0000000000000000       -3.6335453990973434     
   0.0000000000000000       -3.5635796665811061     
   0.0000000000000000       -3.4936191555838851     
   0.0000000000000000       -3.4236637649978547     
   0.0000000000000000       -3.3537133936395671     
   0.0000000000000000       -3.2837679402514559     
   0.0000000000000000       -3.2138273035033338     
   0.0000000000000000       -1.1871863428619420     
   0.0000000000000000       -1.1173427882032729     
   0.0000000000000000       -1.0475008811503139     
   0.0000000000000000      -0.97766051884535443     
   0.0000000000000000      -0.90782159840791588     
   0.0000000000000000      -0.83798401693626912     
   0.0000000000000000      -0.76814767150895236     
   0.0000000000000000      -0.69831245918628693     
   0.0000000000000000      -0.62847827701189618     
   0.0000000000000000      -0.55864502201422184     
   0.0000000000000000      -0.48881259120804216     
   0.0000000000000000      -0.41898088159599023     
   0.0000000000000000      -0.34914979017007125     
   0.0000000000000000      -0.27931921391318087     
   0.0000000000000000      -0.20948904980062319     
   0.0000000000000000      -0.13965919480162930     
   0.0000000000000000       -6.9829545880875130E-002
   0.0000000000000000        0.0000000000000000     
   0.0000000000000000        6.9829545880875130E-002
   0.0000000000000000       0.13965919480162930     
   0.0000000000000000       0.20948904980062319     
   0.0000000000000000       0.27931921391318087     
   0.0000000000000000       0.34914979017007125     
   0.0000000000000000       0.41898088159599023     
   0.0000000000000000       0.48881259120804216     
   0.0000000000000000       0.55864502201422184     
   0.0000000000000000       0.62847827701189618     
   0.0000000000000000       0.69831245918628693     
   0.0000000000000000       0.76814767150895236     
   0.0000000000000000       0.83798401693626912     
   0.0000000000000000       0.90782159840791588     
   0.0000000000000000       0.97766051884535443     
   0.0000000000000000        1.0475008811503139     
   0.0000000000000000        1.1173427882032729     
   0.0000000000000000        1.1871863428619420     
   0.0000000000000000        3.2138273035033338     
   0.0000000000000000        3.2837679402514559     
   0.0000000000000000        3.3537133936395671     
   0.0000000000000000        3.4236637649978547     
   0.0000000000000000        3.4936191555838851     
   0.0000000000000000        3.5635796665811061     
   0.0000000000000000        3.6335453990973434     
   0.0000000000000000        3.7035164541633003     
   0.0000000000000000        3.7734929327310596     
   0.0000000000000000        3.8434749356725852     
   0.0000000000000000        3.9134625637782219     
   0.0000000000000000        3.9834559177552009     
   0.0000000000000000        4.0534550982261406     
   0.0000000000000000        4.1234602057275556     
   0.0000000000000000        4.1934713407083581     
   0.0000000000000000        4.2634886035283621     
   0.0000000000000000        4.3335120944567986     
   0.0000000000000000        4.4035419136708160     
   0.0000000000000000        4.4735781612539904     
   0.0000000000000000        4.5436209371948362     
   0.0000000000000000        5.6652744080067690     
   0.0000000000000000        5.7354433649550156     
   0.0000000000000000        5.8056206321055077     
   0.0000000000000000        5.8758063073587463     
   0.0000000000000000        5.9460004884905739     
   0.0000000000000000        6.0162032731507127     
   0.0000000000000000        6.0864147588612987     
   0.0000000000000000        6.1566350430154122     
   0.0000000000000000        6.2268642228756166     
   0.0000000000000000        6.2971023955724954     
   0.0000000000000000        6.3673496581031923     
   0.0000000000000000        6.4376061073299491     
   6.9973996387281329E-002  -6.4376076676298819     
   6.9970892328158146E-002  -6.3673512018623910     
   6.9967821364191912E-002  -6.2971039227772714     
   6.9964783522611568E-002  -6.2268657335124296     
   6.9961778830350790E-002  -6.1566365370708684     
   6.9958807314047744E-002  -6.0864162363221537     
   6.9955869000044996E-002  -6.0162047340038685     
   6.9952963914389196E-002  -5.9460019327230809     
   6.9950092082830997E-002  -5.8758077349578040     
   6.9947253530824857E-002  -5.8056220430584631     
   6.9944448283528818E-002  -5.7354447592493631     
   6.9941676365804367E-002  -5.6652757856301523     
   6.9901877638825452E-002  -4.5436220465236543     
   6.9899675839446174E-002  -4.4735792537245551     
   6.9897507766245329E-002  -4.4035429892734550     
   6.9895373438419187E-002  -4.3335131531819888     
   6.9893272874864423E-002  -4.2634896453667297     
   6.9891206094177996E-002  -4.1934723656506794     
   6.9889173114656922E-002  -4.1234612137647577     
   6.9887173954298276E-002  -4.0534560893492992     
   6.9885208630799014E-002  -3.9834568919555435     
   6.9883277161555804E-002  -3.9134635210471247     
   6.9881379563665011E-002  -3.8434758760015755     
   6.9879515853922491E-002  -3.7734938561118141     
   6.9877686048823523E-002  -3.7035173605876466     
   6.9875890164562693E-002  -3.6335462885572594     
   6.9874128217033746E-002  -3.5635805390687203     
   6.9872400221829528E-002  -3.4936200110914766     
   6.9870706194241891E-002  -3.4236646035178522     
   6.9869046149261496E-002  -3.3537142151645511     
   6.9867420101577815E-002  -3.2837687447741568     
   6.9865828065578978E-002  -3.2138280910166328     
   6.9834507922635930E-002  -1.1871866346848106     
   6.9833941429590596E-002  -1.1173430628734495     
   6.9833409244358005E-002  -1.0475011386653701     
   6.9832911371643769E-002 -0.97766075920301276     
   6.9832447815850102E-002 -0.90782182160605118     
   6.9832018581075683E-002 -0.83798422297290820     
   6.9831623671115756E-002 -0.76814786038227323     
   6.9831263089461998E-002 -0.69831263089461981     
   6.9830936839302540E-002 -0.62847843155372285     
   6.9830644923521978E-002 -0.55864515938817583     
   6.9830387344701275E-002 -0.48881271141290894     
   6.9830164105117831E-002 -0.41898098463070699     
   6.9829975206745401E-002 -0.34914987603372699     
   6.9829820651254107E-002 -0.27931928260501643     
   6.9829700440010439E-002 -0.20948910132003129     
   6.9829614574077215E-002 -0.13965922914815443     
   6.9829563054213617E-002  -6.9829563054213617E-002
   6.9829545880875130E-002   0.0000000000000000     
   6.9829563054213617E-002   6.9829563054213617E-002
   6.9829614574077215E-002  0.13965922914815443     
   6.9829700440010439E-002  0.20948910132003129     
   6.9829820651254107E-002  0.27931928260501643     
   6.9829975206745401E-002  0.34914987603372699     
   6.9830164105117831E-002  0.41898098463070699     
   6.9830387344701275E-002  0.48881271141290894     
   6.9830644923521978E-002  0.55864515938817583     
   6.9830936839302540E-002  0.62847843155372285     
   6.9831263089461998E-002  0.69831263089461981     
   6.9831623671115756E-002  0.76814786038227323     
   6.9832018581075683E-002  0.83798422297290820     
   6.9832447815850102E-002  0.90782182160605118     
   6.9832911371643769E-002  0.97766075920301276     
   6.9833409244358005E-002   1.0475011386653701     
   6.9833941429590596E-002   1.1173430628734495     
   6.9834507922635930E-002   1.1871866346848106     
   6.9865828065578978E-002   3.2138280910166328     
   6.9867420101577815E-002   3.2837687447741568     
   6.9869046149261496E-002   3.3537142151645511     
   6.9870706194241891E-002   3.4236646035178522     
   6.9872400221829528E-002   3.4936200110914766     
   6.9874128217033746E-002   3.5635805390687203     
   6.9875890164562693E-002   3.6335462885572594     
   6.9877686048823523E-002   3.7035173605876466     
   6.9879515853922491E-002   3.7734938561118141     
   6.9881379563665011E-002   3.8434758760015755     
   6.9883277161555804E-002   3.9134635210471247     
   6.9885208630799014E-002   3.9834568919555435     
   6.9887173954298276E-002   4.0534560893492992     
   6.9889173114656922E-002   4.1234612137647577     
   6.9891206094177996E-002   4.1934723656506794     
   6.9893272874864423E-002   4.2634896453667297     
   6.9895373438419187E-002   4.3335131531819888     
   6.9897507766245329E-002   4.4035429892734550     
   6.9899675839446174E-002   4.4735792537245551     
   6.9901877638825452E-002   4.5436220465236543     
   6.9941676365804367E-002   5.6652757856301523     
   6.9944448283528818E-002   5.7354447592493631     
   6.9947253530824857E-002   5.8056220430584631     
   6.9950092082830997E-002   5.8758077349578040     
   6.9952963914389196E-002   5.9460019327230809     
   6.9955869000044996E-002   6.0162047340038685     
   6.9958807314047744E-002   6.0864162363221537     
   6.9961778830350790E-002   6.1566365370708684     
   6.9964783522611568E-002   6.2268657335124296     
   6.9967821364191912E-002   6.2971039227772714     
   6.9970892328158146E-002   6.3673512018623910     
   6.9973996387281329E-002   6.4376076676298819     
  0.13994809453295201       -6.4376123485157928     
  0.13994188644233510       -6.3673558331262470     
  0.13993574454173355       -6.2971085043780084     
  0.13992966888560507       -6.2268702654094259     
  0.13992365952781693       -6.1566410192239447     
  0.13991771652164542       -6.0864206686915745     
  0.13991183991977543       -6.0162091165503417     
  0.13990602977430022       -5.9460062654077595     
  0.13990028613672104       -5.8758120177422830     
  0.13989460905794662       -5.8056262759047836     
  0.13988899858829296       -5.7354489421200112     
  0.13988345477748293       -5.6652799184880580     
  0.13980385767693126       -4.5436253745002650     
  0.13979945409770497       -4.4735825311265591     
  0.13979511797053434       -4.4035462160718319     
  0.13979084933381192       -4.3335163293481687     
  0.13978664822533093       -4.2634927708725927     
  0.13978251468228520       -4.1934754404685552     
  0.13977844874126871       -4.1234642378674264     
  0.13977445043827552       -4.0534590627099893     
  0.13977051980869948       -3.9834598145479347     
  0.13976665688733386       -3.9134663928453479     
  0.13976286170837132       -3.8434786969802111     
  0.13975913430540352       -3.7734966262458940     
  0.13975547471142089       -3.7035200798526531     
  0.13975188295881258       -3.6335489569291268     
  0.13974835907936603       -3.5635831565238330     
  0.13974490310426688       -3.4936225776066712     
  0.13974151506409868       -3.4236671190704175     
  0.13973819498884277       -3.3537166797322264     
  0.13973494290787805       -3.2837711583351337     
  0.13973175884998068       -3.2138304535495554     
  0.13966911884127486       -1.1871875101508360     
  0.13966798586019383       -1.1173438868815506     
  0.13966692149443477       -1.0475019112082606     
  0.13966592575340891      -0.97766148027386224     
  0.13966499864592061      -0.90782249119848379     
  0.13966414018016726      -0.83798484108100335     
  0.13966335036373928      -0.76814842700056596     
  0.13966262920362005      -0.69831314601810013     
  0.13966197670618583      -0.62847889517783617     
  0.13966139287720578      -0.55864557150882310     
  0.13966087772184183      -0.48881307202644630     
  0.13966043124464872      -0.41898129373394610     
  0.13966005344957402      -0.34915013362393499     
  0.13965974433995793      -0.27931948867991585     
  0.13965950391853341      -0.20948925587780007     
  0.13965933218742613      -0.13965933218742613     
  0.13965922914815443       -6.9829614574077215E-002
  0.13965919480162930        0.0000000000000000     
  0.13965922914815443        6.9829614574077215E-002
  0.13965933218742613       0.13965933218742613     
  0.13965950391853341       0.20948925587780007     
  0.13965974433995793       0.27931948867991585     
  0.13966005344957402       0.34915013362393499     
  0.13966043124464872       0.41898129373394610     
  0.13966087772184183       0.48881307202644630     
  0.13966139287720578       0.55864557150882310     
  0.13966197670618583       0.62847889517783617     
  0.13966262920362005       0.69831314601810013     
  0.13966335036373928       0.76814842700056596     
  0.13966414018016726       0.83798484108100335     
  0.13966499864592061       0.90782249119848379     
  0.13966592575340891       0.97766148027386224     
  0.13966692149443477        1.0475019112082606     
  0.13966798586019383        1.1173438868815506     
  0.13966911884127486        1.1871875101508360     
  0.13973175884998068        3.2138304535495554     
  0.13973494290787805        3.2837711583351337     
  0.13973819498884277        3.3537166797322264     
  0.13974151506409868        3.4236671190704175     
  0.13974490310426688        3.4936225776066712     
  0.13974835907936603        3.5635831565238330     
  0.13975188295881258        3.6335489569291268     
  0.13975547471142089        3.7035200798526531     
  0.13975913430540352        3.7734966262458940     
  0.13976286170837132        3.8434786969802111     
  0.13976665688733386        3.9134663928453479     
  0.13977051980869948        3.9834598145479347     
  0.13977445043827552        4.0534590627099893     
  0.13977844874126871        4.1234642378674264     
  0.13978251468228520        4.1934754404685552     
  0.13978664822533093        4.2634927708725927     
  0.13979084933381192        4.3335163293481687     
  0.13979511797053434        4.4035462160718319     
  0.13979945409770497        4.4735825311265591     
  0.13980385767693126        4.5436253745002650     
  0.13988345477748293        5.6652799184880580     
  0.13988899858829296        5.7354489421200112     
  0.13989460905794662        5.8056262759047836     
  0.13990028613672104        5.8758120177422830     
  0.13990602977430022        5.9460062654077595     
  0.13991183991977543        6.0162091165503417     
  0.13991771652164542        6.0864206686915745     
  0.13992365952781693        6.1566410192239447     
  0.13992966888560507        6.2268702654094259     
  0.13993574454173355        6.2971085043780084     
  0.13994188644233510        6.3673558331262470     
  0.13994809453295201        6.4376123485157928     
  0.20992239619389166       -6.4376201499460119     
  0.20991308412703980       -6.3673635518535407     
  0.20990387134446448       -6.2971161403339346     
  0.20989475792785217       -6.2268778185262814     
  0.20988574395800336       -6.1566484894347662     
  0.20987682951483222       -6.0864280559301349     
  0.20986801467736588       -6.0162164207511557     
  0.20985929952374396       -5.9460134865060796     
  0.20985068413121796       -5.8758191556741028     
  0.20984216857615079       -5.8056333306068382     
  0.20983375293401618       -5.7354559135297762     
  0.20982543727939817       -5.6652868065437509     
  0.20970604251208366       -4.5436309210951462     
  0.20969943719207473       -4.4735879934309279     
  0.20969293304939643       -4.4035515940373253     
  0.20968653014163730       -4.3335216229271705     
  0.20968022852548701       -4.2634979800182355     
  0.20967402825673609       -4.1934805651347222     
  0.20966792939027537       -4.1234692780087494     
  0.20966193198009575       -4.0534640182818515     
  0.20965603607928779       -3.9834646855064682     
  0.20965024174004127       -3.9134711791474368     
  0.20964454901364493       -3.8434833985834906     
  0.20963895795048612       -3.7735012431087500     
  0.20963346860005042       -3.7035246119342240     
  0.20962808101092123       -3.6335534041893016     
  0.20962279523077965       -3.5635875189232542     
  0.20961761130640394       -3.4936268551067324     
  0.20961252928366933       -3.4236713116332660     
  0.20960754920754762       -3.3537207873207620     
  0.20960267112210698       -3.2837751809130094     
  0.20959789507051160       -3.2138343910811780     
  0.20950393575040169       -1.1871889692522761     
  0.20950223629130421       -1.1173452602202893     
  0.20950063975443090       -1.0475031987721546     
  0.20949914615389856      -0.97766268205152662     
  0.20949775550291369      -0.90782360717929267     
  0.20949646781377232      -0.83798587125508928     
  0.20949528309786009      -0.76814937135882033     
  0.20949420136565197      -0.69831400455217318     
  0.20949322262671233      -0.62847966788013709     
  0.20949234688969490      -0.55864625837251980     
  0.20949157416234254      -0.48881367304546591     
  0.20949090445148738      -0.41898180890297476     
  0.20949033776305068      -0.34915056293841779     
  0.20948987410204276      -0.27931983213605704     
  0.20948951347256306      -0.20948951347256306     
  0.20948925587780007      -0.13965950391853341     
  0.20948910132003129       -6.9829700440010439E-002
  0.20948904980062319        0.0000000000000000     
  0.20948910132003129        6.9829700440010439E-002
  0.20948925587780007       0.13965950391853341     
  0.20948951347256306       0.20948951347256306     
  0.20948987410204276       0.27931983213605704     
  0.20949033776305068       0.34915056293841779     
  0.20949090445148738       0.41898180890297476     
  0.20949157416234254       0.48881367304546591     
  0.20949234688969490       0.55864625837251980     
  0.20949322262671233       0.62847966788013709     
  0.20949420136565197       0.69831400455217318     
  0.20949528309786009       0.76814937135882033     
  0.20949646781377232       0.83798587125508928     
  0.20949775550291369       0.90782360717929267     
  0.20949914615389856       0.97766268205152662     
  0.20950063975443090        1.0475031987721546     
  0.20950223629130421        1.1173452602202893     
  0.20950393575040169        1.1871889692522761     
  0.20959789507051160        3.2138343910811780     
  0.20960267112210698        3.2837751809130094     
  0.20960754920754762        3.3537207873207620     
  0.20961252928366933        3.4236713116332660     
  0.20961761130640394        3.4936268551067324     
  0.20962279523077965        3.5635875189232542     
  0.20962808101092123        3.6335534041893016     
  0.20963346860005042        3.7035246119342240     
  0.20963895795048612        3.7735012431087500     
  0.20964454901364493        3.8434833985834906     
  0.20965024174004127        3.9134711791474368     
  0.20965603607928779        3.9834646855064682     
  0.20966193198009575        4.0534640182818515     
  0.20966792939027537        4.1234692780087494     
  0.20967402825673609        4.1934805651347222     
  0.20968022852548701        4.2634979800182355     
  0.20968653014163730        4.3335216229271705     
  0.20969293304939643        4.4035515940373253     
  0.20969943719207473        4.4735879934309279     
  0.20970604251208366        4.5436309210951462     
  0.20982543727939817        5.6652868065437509     
  0.20983375293401618        5.7354559135297762     
  0.20984216857615079        5.8056333306068382     
  0.20985068413121796        5.8758191556741028     
  0.20985929952374396        5.9460134865060796     
  0.20986801467736588        6.0162164207511557     
  0.20987682951483222        6.0864280559301349     
  0.20988574395800336        6.1566484894347662     
  0.20989475792785217        6.2268778185262814     
  0.20990387134446448        6.2971161403339346     
  0.20991308412703980        6.3673635518535407     
  0.20992239619389166        6.4376201499460119     
  0.27989700312396065       -6.4376310718510945     
  0.27988458716376136       -6.3673743579755708     
  0.27987230358120430       -6.2971268305770955     
  0.27986015248520407       -6.2268883927957903     
  0.27984813398349417       -6.1566589476368714     
  0.27983624818262631       -6.0864383979721222     
  0.27982449518796948       -6.0162266465413436     
  0.27981287510370934       -5.9460235959538235     
  0.27980138803284743       -5.8758291486897951     
  0.27979003407720038       -5.8056432071019071     
  0.27977881333739946       -5.7354656734166882     
  0.27976772591288945       -5.6652964497360108     
  0.27960853453902090       -4.5436386862590892     
  0.27959972753682566       -4.4735956405892106     
  0.27959105543633239       -4.4035591231222355     
  0.27958251831432557       -4.3335290338720460     
  0.27957411624639111       -4.2635052727574632     
  0.27956584930691586       -4.1934877396037376     
  0.27955771756908743       -4.1234763341440388     
  0.27954972110489323       -4.0534709560209512     
  0.27954185998512032       -3.9834715047879645     
  0.27953413427935481       -3.9134778799109671     
  0.27952654405598137       -3.8434899807697436     
  0.27951908938218278       -3.7735077066594673     
  0.27951177032393948       -3.7035309567921981     
  0.27950458694602914       -3.6335596302983784     
  0.27949753931202614       -3.5635936262283328     
  0.27949062748430120       -3.4936328435537649     
  0.27948385152402105       -3.4236771811692579     
  0.27947721149114785       -3.3537265378937735     
  0.27947070744443880       -3.2837808124721559     
  0.27946433944144594       -3.2138399035766279     
  0.27933906164146532       -1.1871910119762275     
  0.27933679571938019       -1.1173471828775208     
  0.27933466702551091       -1.0475050013456659     
  0.27933267557867975      -0.97766436452537908     
  0.27933082139649534      -0.90782516953860981     
  0.27932910449535231      -0.83798731348605682     
  0.27932752489043133      -0.76815069344868614     
  0.27932608259569913      -0.69831520648924772     
  0.27932477762390812      -0.62848074965379319     
  0.27932360998659644      -0.55864721997319289     
  0.27932257969408791      -0.48881451446465379     
  0.27932168675549202      -0.41898253013323800     
  0.27932093117870371      -0.34915116397337959     
  0.27932031297040344      -0.27932031297040344     
  0.27931983213605704      -0.20948987410204276     
  0.27931948867991585      -0.13965974433995793     
  0.27931928260501643       -6.9829820651254107E-002
  0.27931921391318087        0.0000000000000000     
  0.27931928260501643        6.9829820651254107E-002
  0.27931948867991585       0.13965974433995793     
  0.27931983213605704       0.20948987410204276     
  0.27932031297040344       0.27932031297040344     
  0.27932093117870371       0.34915116397337959     
  0.27932168675549202       0.41898253013323800     
  0.27932257969408791       0.48881451446465379     
  0.27932360998659644       0.55864721997319289     
  0.27932477762390812       0.62848074965379319     
  0.27932608259569913       0.69831520648924772     
  0.27932752489043133       0.76815069344868614     
  0.27932910449535231       0.83798731348605682     
  0.27933082139649534       0.90782516953860981     
  0.27933267557867975       0.97766436452537908     
  0.27933466702551091        1.0475050013456659     
  0.27933679571938019        1.1173471828775208     
  0.27933906164146532        1.1871910119762275     
  0.27946433944144594        3.2138399035766279     
  0.27947070744443880        3.2837808124721559     
  0.27947721149114785        3.3537265378937735     
  0.27948385152402105        3.4236771811692579     
  0.27949062748430120        3.4936328435537649     
  0.27949753931202614        3.5635936262283328     
  0.27950458694602914        3.6335596302983784     
  0.27951177032393948        3.7035309567921981     
  0.27951908938218278        3.7735077066594673     
  0.27952654405598137        3.8434899807697436     
  0.27953413427935481        3.9134778799109671     
  0.27954185998512032        3.9834715047879645     
  0.27954972110489323        4.0534709560209512     
  0.27955771756908743        4.1234763341440388     
  0.27956584930691586        4.1934877396037376     
  0.27957411624639111        4.2635052727574632     
  0.27958251831432557        4.3335290338720460     
  0.27959105543633239        4.4035591231222355     
  0.27959972753682566        4.4735956405892106     
  0.27960853453902090        4.5436386862590892     
  0.27976772591288945        5.6652964497360108     
  0.27977881333739946        5.7354656734166882     
  0.27979003407720038        5.8056432071019071     
  0.27980138803284743        5.8758291486897951     
  0.27981287510370934        5.9460235959538235     
  0.27982449518796948        6.0162266465413436     
  0.27983624818262631        6.0864383979721222     
  0.27984813398349417        6.1566589476368714     
  0.27986015248520407        6.2268883927957903     
  0.27987230358120430        6.2971268305770955     
  0.27988458716376136        6.3673743579755708     
  0.27989700312396065        6.4376310718510945     
  0.34987201707248988       -6.4376451141338151     
  0.34985649732945923       -6.3673882513961590     
  0.34984114305624214       -6.2971405750123584     
  0.34982595438898101       -6.2269019881238625     
  0.34981093146234193       -6.1566723937372192     
  0.34979607440951371       -6.0864516947255387     
  0.34978138336220677       -6.0162397938299561     
  0.34976685845065225       -5.9460365936610895     
  0.34975249980360140       -5.8758419967005038     
  0.34973830754832425       -5.8056559053021823     
  0.34972428181060894       -5.7354782216939864     
  0.34971042271476083       -5.6653088479791256     
  0.34951143614793895       -4.5436486699232068     
  0.34950042754168509       -4.4736054725335697     
  0.34948958756030002       -4.4035688032597804     
  0.34947891629976363       -4.3335385621170692     
  0.34946841385455774       -4.2635146490256046     
  0.34945808031766551       -4.1934969638119863     
  0.34944791578057072       -4.1234854062107349     
  0.34943792033325716       -4.0534798758657828     
  0.34942809406420816       -3.9834802723319731     
  0.34941843706040571       -3.9134864950765444     
  0.34940894940733019       -3.8434984434806330     
  0.34939963118895961       -3.7735160168407638     
  0.34939048248776894       -3.7035391143703507     
  0.34938150338472973       -3.6335676352011896     
  0.34937269395930964       -3.5636014783849581     
  0.34936405428947148       -3.4936405428947150     
  0.34935558445167325       -3.4236847276263980     
  0.34934728452086711       -3.3537339314003241     
  0.34933915457049919       -3.2837880529626928     
  0.34933119467250912       -3.2138469909870842     
  0.34917459950136043       -1.1871936383046255     
  0.34917176713632586       -1.1173496548362429     
  0.34916910630428477       -1.0475073189128545     
  0.34916661702876489      -0.97766652768054185     
  0.34916429933177684      -0.90782717826261983     
  0.34916215323381372      -0.83798916776115306     
  0.34916017875385147      -0.76815239325847329     
  0.34915837590934812      -0.69831675181869624     
  0.34915674471624425      -0.62848214048923967     
  0.34915528518896238      -0.55864845630233995     
  0.34915399734040731      -0.48881559627657029     
  0.34915288118196575      -0.41898345741835896     
  0.34915193672350636      -0.34915193672350636     
  0.34915116397337959      -0.27932093117870371     
  0.34915056293841779      -0.20949033776305068     
  0.34915013362393499      -0.13966005344957402     
  0.34914987603372699       -6.9829975206745401E-002
  0.34914979017007125        0.0000000000000000     
  0.34914987603372699        6.9829975206745401E-002
  0.34915013362393499       0.13966005344957402     
  0.34915056293841779       0.20949033776305068     
  0.34915116397337959       0.27932093117870371     
  0.34915193672350636       0.34915193672350636     
  0.34915288118196575       0.41898345741835896     
  0.34915399734040731       0.48881559627657029     
  0.34915528518896238       0.55864845630233995     
  0.34915674471624425       0.62848214048923967     
  0.34915837590934812       0.69831675181869624     
  0.34916017875385147       0.76815239325847329     
  0.34916215323381372       0.83798916776115306     
  0.34916429933177684       0.90782717826261983     
  0.34916661702876489       0.97766652768054185     
  0.34916910630428477        1.0475073189128545     
  0.34917176713632586        1.1173496548362429     
  0.34917459950136043        1.1871936383046255     
  0.34933119467250912        3.2138469909870842     
  0.34933915457049919        3.2837880529626928     
  0.34934728452086711        3.3537339314003241     
  0.34935558445167325        3.4236847276263980     
  0.34936405428947148        3.4936405428947150     
  0.34937269395930964        3.5636014783849581     
  0.34938150338472973        3.6335676352011896     
  0.34939048248776894        3.7035391143703507     
  0.34939963118895961        3.7735160168407638     
  0.34940894940733019        3.8434984434806330     
  0.34941843706040571        3.9134864950765444     
  0.34942809406420816        3.9834802723319731     
  0.34943792033325716        4.0534798758657828     
  0.34944791578057072        4.1234854062107349     
  0.34945808031766551        4.1934969638119863     
  0.34946841385455774        4.2635146490256046     
  0.34947891629976363        4.3335385621170692     
  0.34948958756030002        4.4035688032597804     
  0.34950042754168509        4.4736054725335697     
  0.34951143614793895        4.5436486699232068     
  0.34971042271476083        5.6653088479791256     
  0.34972428181060894        5.7354782216939864     
  0.34973830754832425        5.8056559053021823     
  0.34975249980360140        5.8758419967005038     
  0.34976685845065225        5.9460365936610895     
  0.34978138336220677        6.0162397938299561     
  0.34979607440951371        6.0864516947255387     
  0.34981093146234193        6.1566723937372192     
  0.34982595438898101        6.2269019881238625     
  0.34984114305624214        6.2971405750123584     
  0.34985649732945923        6.3673882513961590     
  0.34987201707248988        6.4376451141338151     
  0.41984753978277212       -6.4376622766691733     
  0.41982891639505360       -6.3674052319916461     
  0.41981049156782718       -6.2971573735174076     
  0.41979226546446258       -6.2269186043895290     
  0.41977423824655791       -6.1566888276161835     
  0.41975641007393838       -6.0864679460721067     
  0.41973878110465535       -6.0162558625000599     
  0.41972135149498507       -5.9460524795122884     
  0.41970412139942770       -5.8758576995919878     
  0.41968709097070622       -5.8056714250947694     
  0.41967026035976529       -5.7354935582501261     
  0.41965362971577014       -5.6653240011628974     
  0.41941484972297788       -4.5436608719989264     
  0.41940163961032401       -4.4736174891767906     
  0.41938863184420000       -4.4035806343641006     
  0.41937582653978078       -4.3335502075777343     
  0.41936322381044366       -4.2635261087395104     
  0.41935082376776761       -4.1935082376776762     
  0.41933862652153231       -4.1234964941284007     
  0.41932663217971755       -4.0534907777372693     
  0.41931484084850251       -3.9834909880607743     
  0.41930325263226487       -3.9134970245678056     
  0.41929186763358028       -3.8435087866411526     
  0.41928068595322149       -3.7735261735789933     
  0.41926970769015787       -3.7035490845963945     
  0.41925893294155453       -3.6335774188268064     
  0.41924836180277192       -3.5636110753235610     
  0.41923799436736475       -3.4936499530613734     
  0.41922783072708192       -3.4236939509378361     
  0.41921787097186536       -3.3537429677749229     
  0.41920811518984985       -3.2837969023204905     
  0.41919856346736212       -3.2138556532497766     
  0.41901065231090973       -1.1871968482142443     
  0.41900725352797330       -1.1173526760745958     
  0.41900406058129047       -1.0475101514532261     
  0.41900107349909421      -0.97766917149788657     
  0.41899829230779712      -0.90782963333356048     
  0.41899571703199090      -0.83799143406398180     
  0.41899334769444629      -0.76815447077315158     
  0.41899118431611287      -0.69831864052685477     
  0.41898922691611917      -0.62848384037417881     
  0.41898747551177218      -0.55864996734902972     
  0.41898593011855745      -0.48881691847165037     
  0.41898459075013894      -0.41898459075013894     
  0.41898345741835896      -0.34915288118196575     
  0.41898253013323800      -0.27932168675549202     
  0.41898180890297476      -0.20949090445148738     
  0.41898129373394610      -0.13966043124464872     
  0.41898098463070699       -6.9830164105117831E-002
  0.41898088159599023        0.0000000000000000     
  0.41898098463070699        6.9830164105117831E-002
  0.41898129373394610       0.13966043124464872     
  0.41898180890297476       0.20949090445148738     
  0.41898253013323800       0.27932168675549202     
  0.41898345741835896       0.34915288118196575     
  0.41898459075013894       0.41898459075013894     
  0.41898593011855745       0.48881691847165037     
  0.41898747551177218       0.55864996734902972     
  0.41898922691611917       0.62848384037417881     
  0.41899118431611287       0.69831864052685477     
  0.41899334769444629       0.76815447077315158     
  0.41899571703199090       0.83799143406398180     
  0.41899829230779712       0.90782963333356048     
  0.41900107349909421       0.97766917149788657     
  0.41900406058129047        1.0475101514532261     
  0.41900725352797330        1.1173526760745958     
  0.41901065231090973        1.1871968482142443     
  0.41919856346736212        3.2138556532497766     
  0.41920811518984985        3.2837969023204905     
  0.41921787097186536        3.3537429677749229     
  0.41922783072708192        3.4236939509378361     
  0.41923799436736475        3.4936499530613734     
  0.41924836180277192        3.5636110753235610     
  0.41925893294155453        3.6335774188268064     
  0.41926970769015787        3.7035490845963945     
  0.41928068595322149        3.7735261735789933     
  0.41929186763358028        3.8435087866411526     
  0.41930325263226487        3.9134970245678056     
  0.41931484084850251        3.9834909880607743     
  0.41932663217971755        4.0534907777372693     
  0.41933862652153231        4.1234964941284007     
  0.41935082376776761        4.1935082376776762     
  0.41936322381044366        4.2635261087395104     
  0.41937582653978078        4.3335502075777343     
  0.41938863184420000        4.4035806343641006     
  0.41940163961032401        4.4736174891767906     
  0.41941484972297788        4.5436608719989264     
  0.41965362971577014        5.6653240011628974     
  0.41967026035976529        5.7354935582501261     
  0.41968709097070622        5.8056714250947694     
  0.41970412139942770        5.8758576995919878     
  0.41972135149498507        5.9460524795122884     
  0.41973878110465535        6.0162558625000599     
  0.41975641007393838        6.0864679460721067     
  0.41977423824655791        6.1566888276161835     
  0.41979226546446258        6.2269186043895290     
  0.41981049156782718        6.2971573735174076     
  0.41982891639505360        6.3674052319916461     
  0.41984753978277212        6.4376622766691733     
  0.48982367299055141       -6.4376825593043909     
  0.48980194612391514       -6.3674252996108969     
  0.48978045090665834       -6.2971772259427494     
  0.48975918752937719       -6.2269382414449392     
  0.48973815618060107       -6.1567082491275569     
  0.48971735704679115       -6.0864871518672619     
  0.48969679031233898       -6.0162748524087357     
  0.48967645615956523       -5.9460712533661493     
  0.48965635476871844       -5.8758762572246210     
  0.48963648631797380       -5.8056897663416889     
  0.48961685098343177       -5.7355116829487729     
  0.48959744893911705       -5.6653419091526400     
  0.48931887764070753       -4.5436752923779977     
  0.48930346613884274       -4.4736316904122768     
  0.48928829070336177       -4.4035946163302562     
  0.48927335146863432       -4.3335639701507613     
  0.48925864856693274       -4.2635396517975561     
  0.48924418212843129       -4.1935215611008401     
  0.48922995228120519       -4.1235095977987291     
  0.48921595915122973       -4.0535036615387607     
  0.48920220286237953       -3.9835036518793765     
  0.48918868353642742       -3.9135094682914193     
  0.48917540129304399       -3.8435210101596318     
  0.48916235624979648       -3.7735381767841440     
  0.48914954852214804       -3.7035608673819778     
  0.48913697822345703       -3.6335889810885380     
  0.48912464546497625       -3.5636224169591126     
  0.48911255035585205       -3.4936610739703720     
  0.48910069300312370       -3.4237048510218662     
  0.48908907351172265       -3.3537536469375269     
  0.48907769198447187       -3.2838073604671685     
  0.48906654852208503       -3.2138658902879875     
  0.48884732304334588       -1.1872006416766971     
  0.48884335787256428       -1.1173562465658613     
  0.48883963283947529       -1.0475134989417327     
  0.48883614797701724      -0.97767229595403449     
  0.48883290331600449      -0.90783253472972270     
  0.48882989888512707      -0.83799411237450350     
  0.48882713471095063      -0.76815692597435103     
  0.48882461081791623      -0.69832087259702313     
  0.48882232722834018      -0.62848584929358031     
  0.48882028396241384      -0.55865175309990156     
  0.48881848103820352      -0.48881848103820352     
  0.48881691847165037      -0.41898593011855745     
  0.48881559627657029      -0.34915399734040731     
  0.48881451446465379      -0.27932257969408791     
  0.48881367304546591      -0.20949157416234254     
  0.48881307202644630      -0.13966087772184183     
  0.48881271141290894       -6.9830387344701275E-002
  0.48881259120804216        0.0000000000000000     
  0.48881271141290894        6.9830387344701275E-002
  0.48881307202644630       0.13966087772184183     
  0.48881367304546591       0.20949157416234254     
  0.48881451446465379       0.27932257969408791     
  0.48881559627657029       0.34915399734040731     
  0.48881691847165037       0.41898593011855745     
  0.48881848103820352       0.48881848103820352     
  0.48882028396241384       0.55865175309990156     
  0.48882232722834018       0.62848584929358031     
  0.48882461081791623       0.69832087259702313     
  0.48882713471095063       0.76815692597435103     
  0.48882989888512707       0.83799411237450350     
  0.48883290331600449       0.90783253472972270     
  0.48883614797701724       0.97767229595403449     
  0.48883963283947529        1.0475134989417327     
  0.48884335787256428        1.1173562465658613     
  0.48884732304334588        1.1872006416766971     
  0.48906654852208503        3.2138658902879875     
  0.48907769198447187        3.2838073604671685     
  0.48908907351172265        3.3537536469375269     
  0.48910069300312370        3.4237048510218662     
  0.48911255035585205        3.4936610739703720     
  0.48912464546497625        3.5636224169591126     
  0.48913697822345703        3.6335889810885380     
  0.48914954852214804        3.7035608673819778     
  0.48916235624979648        3.7735381767841440     
  0.48917540129304399        3.8435210101596318     
  0.48918868353642742        3.9135094682914193     
  0.48920220286237953        3.9835036518793765     
  0.48921595915122973        4.0535036615387607     
  0.48922995228120519        4.1235095977987291     
  0.48924418212843129        4.1935215611008401     
  0.48925864856693274        4.2635396517975561     
  0.48927335146863432        4.3335639701507613     
  0.48928829070336177        4.4035946163302562     
  0.48930346613884274        4.4736316904122768     
  0.48931887764070753        4.5436752923779977     
  0.48959744893911705        5.6653419091526400     
  0.48961685098343177        5.7355116829487729     
  0.48963648631797380        5.8056897663416889     
  0.48965635476871844        5.8758762572246210     
  0.48967645615956523        5.9460712533661493     
  0.48969679031233898        6.0162748524087357     
  0.48971735704679115        6.0864871518672619     
  0.48973815618060107        6.1567082491275569     
  0.48975918752937719        6.2269382414449392     
  0.48978045090665834        6.2971772259427494     
  0.48980194612391514        6.3674252996108969     
  0.48982367299055141        6.4376825593043909     
  0.55980051842251433       -6.4377059618589145     
  0.55977568827035595       -6.3674484540752987     
  0.55975112285437456       -6.2972001321117128     
  0.55972682239239202       -6.2269608991153618     
  0.55970278709986843       -6.1567306580985521     
  0.55967901718989976       -6.0865093119401594     
  0.55965551287321713       -6.0162967633870830     
  0.55963227435818486       -5.9460929150557140     
  0.55960930185079927       -5.8758976694333915     
  0.55958659555468682       -5.8057109288798747     
  0.55956415567110318       -5.7355325956288077     
  0.55954198239893171       -5.6653625717891831     
  0.55922362226861400       -4.5436919309324884     
  0.55920600951425670       -4.4736480761140536     
  0.55918866654402932       -4.4036107490342307     
  0.55917159351149548       -4.3335798497140887     
  0.55915479056782202       -4.2635552780796422     
  0.55913825786177818       -4.1935369339633368     
  0.55912199553973407       -4.1235247171055383     
  0.55910600374566000       -4.0535185271560348     
  0.55909028262112548       -3.9835182636755189     
  0.55907483230529809       -3.9135238261370864     
  0.55905965293494286       -3.8435351139277318     
  0.55904474464442089       -3.7735520263498401     
  0.55903010756568872       -3.7035744626226879     
  0.55901574182829761       -3.6336023218839344     
  0.55900164755939219       -3.5636355031911249     
  0.55898782488371002       -3.4936739055231869     
  0.55897427392358023       -3.4237174277819289     
  0.55896099479892347       -3.3537659687935406     
  0.55894798762725051       -3.2838194273100960     
  0.55893525252366127       -3.2138777020110525     
  0.55868471466279379       -1.1872050186584366     
  0.55868018313923262       -1.1173603662784652     
  0.55867592605267868       -1.0475173613487725     
  0.55867194344077531      -0.97767590102135671     
  0.55866823533873866      -0.90783588242545021     
  0.55866480177935696      -0.83799720266903532     
  0.55866164279299069      -0.76815975884036214     
  0.55865875840757218      -0.69832344800946511     
  0.55865614864860547      -0.62848816722968115     
  0.55865381353916632      -0.55865381353916632     
  0.55865175309990156      -0.48882028396241384     
  0.55864996734902972      -0.41898747551177218     
  0.55864845630233995      -0.34915528518896238     
  0.55864721997319289      -0.27932360998659644     
  0.55864625837251980      -0.20949234688969490     
  0.55864557150882310      -0.13966139287720578     
  0.55864515938817583       -6.9830644923521978E-002
  0.55864502201422184        0.0000000000000000     
  0.55864515938817583        6.9830644923521978E-002
  0.55864557150882310       0.13966139287720578     
  0.55864625837251980       0.20949234688969490     
  0.55864721997319289       0.27932360998659644     
  0.55864845630233995       0.34915528518896238     
  0.55864996734902972       0.41898747551177218     
  0.55865175309990156       0.48882028396241384     
  0.55865381353916632       0.55865381353916632     
  0.55865614864860547       0.62848816722968115     
  0.55865875840757218       0.69832344800946511     
  0.55866164279299069       0.76815975884036214     
  0.55866480177935696       0.83799720266903532     
  0.55866823533873866       0.90783588242545021     
  0.55867194344077531       0.97767590102135671     
  0.55867592605267868        1.0475173613487725     
  0.55868018313923262        1.1173603662784652     
  0.55868471466279379        1.1872050186584366     
  0.55893525252366127        3.2138777020110525     
  0.55894798762725051        3.2838194273100960     
  0.55896099479892347        3.3537659687935406     
  0.55897427392358023        3.4237174277819289     
  0.55898782488371002        3.4936739055231869     
  0.55900164755939219        3.5636355031911249     
  0.55901574182829761        3.6336023218839344     
  0.55903010756568872        3.7035744626226879     
  0.55904474464442089        3.7735520263498401     
  0.55905965293494286        3.8435351139277318     
  0.55907483230529809        3.9135238261370864     
  0.55909028262112548        3.9835182636755189     
  0.55910600374566000        4.0535185271560348     
  0.55912199553973407        4.1235247171055383     
  0.55913825786177818        4.1935369339633368     
  0.55915479056782202        4.2635552780796422     
  0.55917159351149548        4.3335798497140887     
  0.55918866654402932        4.4036107490342307     
  0.55920600951425670        4.4736480761140536     
  0.55922362226861400        4.5436919309324884     
  0.55954198239893171        5.6653625717891831     
  0.55956415567110318        5.7355325956288077     
  0.55958659555468682        5.8057109288798747     
  0.55960930185079927        5.8758976694333915     
  0.55963227435818486        5.9460929150557140     
  0.55965551287321713        6.0162967633870830     
  0.55967901718989976        6.0865093119401594     
  0.55970278709986843        6.1567306580985521     
  0.55972682239239202        6.2269608991153618     
  0.55975112285437456        6.2972001321117128     
  0.55977568827035595        6.3674484540752987     
  0.55980051842251433        6.4377059618589145     
  0.62977817779477996       -6.4377324841244175     
  0.62975024457811934       -6.3674746951787622     
  0.62972260918204481       -6.2972260918204483     
  0.62969527185160334       -6.2269865771991890     
  0.62966823282918427       -6.1567560543298017     
  0.62964149235451794       -6.0865344260936736     
  0.62961505066467416       -6.0163215952402194     
  0.62958890799405998       -5.9461174643883448     
  0.62956306457441835       -5.8759219360279040     
  0.62953752063482649       -5.8057349125211779     
  0.62951227640169449       -5.7355562961043285     
  0.62948733209876329       -5.6653859888888691     
  0.62912918596358558       -4.5437107875147849     
  0.62910937211298290       -4.4736666461367678     
  0.62908986176184689       -4.4036290323329279     
  0.62907065508293469       -4.3335978461268834     
  0.62905175224630716       -4.2635729874471933     
  0.62903315341932764       -4.1935543561288515     
  0.62901485876666052       -4.1235418519147746     
  0.62899686845027070       -4.0535353744572999     
  0.62897918262942198       -3.9835348233196726     
  0.62896180146067604       -3.9135400979775397     
  0.62894472509789179       -3.8435510978204501     
  0.62892795369222376       -3.7735677221533424     
  0.62891148739212144       -3.7035898701980488     
  0.62889532634332823       -3.6336174410947852     
  0.62887947068888006       -3.5636503339036536     
  0.62886392056910512       -3.4936884476061398     
  0.62884867612162243       -3.4237316811066112     
  0.62883373748134086       -3.3537799332338176     
  0.62881910478045844       -3.2838331027423941     
  0.62880477814846147       -3.2138910883143592     
  0.62852293012275251       -1.1872099791207547     
  0.62851783228648606       -1.1173650351759754     
  0.62851304318411350       -1.0475217386401892     
  0.62850856285798318      -0.97767998666797384     
  0.62850439134771263      -0.90783967639114060     
  0.62850052869018835      -0.83800070492025114     
  0.62849697491956547      -0.76816296934613559     
  0.62849373006726739      -0.69832636674140824     
  0.62849079416198605      -0.62849079416198605     
  0.62848816722968115      -0.55865614864860547     
  0.62848584929358031      -0.48882232722834018     
  0.62848384037417881      -0.41898922691611917     
  0.62848214048923967      -0.34915674471624425     
  0.62848074965379319      -0.27932477762390812     
  0.62847966788013709      -0.20949322262671233     
  0.62847889517783617      -0.13966197670618583     
  0.62847843155372285       -6.9830936839302540E-002
  0.62847827701189618        0.0000000000000000     
  0.62847843155372285        6.9830936839302540E-002
  0.62847889517783617       0.13966197670618583     
  0.62847966788013709       0.20949322262671233     
  0.62848074965379319       0.27932477762390812     
  0.62848214048923967       0.34915674471624425     
  0.62848384037417881       0.41898922691611917     
  0.62848584929358031       0.48882232722834018     
  0.62848816722968115       0.55865614864860547     
  0.62849079416198605       0.62849079416198605     
  0.62849373006726739       0.69832636674140824     
  0.62849697491956547       0.76816296934613559     
  0.62850052869018835       0.83800070492025114     
  0.62850439134771263       0.90783967639114060     
  0.62850856285798318       0.97767998666797384     
  0.62851304318411350        1.0475217386401892     
  0.62851783228648606        1.1173650351759754     
  0.62852293012275251        1.1872099791207547     
  0.62880477814846147        3.2138910883143592     
  0.62881910478045844        3.2838331027423941     
  0.62883373748134086        3.3537799332338176     
  0.62884867612162243        3.4237316811066112     
  0.62886392056910512        3.4936884476061398     
  0.62887947068888006        3.5636503339036536     
  0.62889532634332823        3.6336174410947852     
  0.62891148739212144        3.7035898701980488     
  0.62892795369222376        3.7735677221533424     
  0.62894472509789179        3.8435510978204501     
  0.62896180146067604        3.9135400979775397     
  0.62897918262942198        3.9835348233196726     
  0.62899686845027070        4.0535353744572999     
  0.62901485876666052        4.1235418519147746     
  0.62903315341932764        4.1935543561288515     
  0.62905175224630716        4.2635729874471933     
  0.62907065508293469        4.3335978461268834     
  0.62908986176184689        4.4036290323329279     
  0.62910937211298290        4.4736666461367678     
  0.62912918596358558        4.5437107875147849     
  0.62948733209876329        5.6653859888888691     
  0.62951227640169449        5.7355562961043285     
  0.62953752063482649        5.8057349125211779     
  0.62956306457441835        5.8759219360279040     
  0.62958890799405998        5.9461174643883448     
  0.62961505066467416        6.0163215952402194     
  0.62964149235451794        6.0865344260936736     
  0.62966823282918427        6.1567560543298017     
  0.62969527185160334        6.2269865771991890     
  0.62972260918204481        6.2972260918204483     
  0.62975024457811934        6.3674746951787622     
  0.62977817779477996        6.4377324841244175     
  0.69975675281139127       -6.4377621258648006     
  0.69972571677887097       -6.3675040226877258     
  0.69969501164865899       -6.2972551048379311     
  0.69966463769302623       -6.2270152754679344     
  0.69963459518129079       -6.1567844375953591     
  0.69960488437981616       -6.0865624941044008     
  0.69957550555200954       -6.0163493477472825     
  0.69954645895831991       -5.9461449011457201     
  0.69951774485623608       -5.8759490567923836     
  0.69948936350028501       -5.8057617170523663     
  0.69946131514203003       -5.7355827841646470     
  0.69943360003006894       -5.6654121602435588     
  0.69903567107039966       -4.5437318619575979     
  0.69901365629932610       -4.4736874003156872     
  0.69899197874034580       -4.4036494660641790     
  0.69897063858540864       -4.3336179592295334     
  0.69894963602346871       -4.2635927797431590     
  0.69892897124048281       -4.1935738274428971     
  0.69890864441940903       -4.1235610020745135     
  0.69888865574020609       -4.0535542032931957     
  0.69886900537983154       -3.9835533306650399     
  0.69884969351224047       -3.9135582836685470     
  0.69883072030838511       -3.8435689616961182     
  0.69881208593621269       -3.7735852640555483     
  0.69879379056066493       -3.7036070899715243     
  0.69877583434367696       -3.6336343385871204     
  0.69875821744417566       -3.5636669089652959     
  0.69874094001807907       -3.4937047000903956     
  0.69872400221829523       -3.4237476108696470     
  0.69870740419472110       -3.3537955401346613     
  0.69869114609424143       -3.2838483866429349     
  0.69867522806072802       -3.2139060490793496     
  0.69836207236457815       -1.1872155230197829     
  0.69835640826068934       -1.1173702532171030     
  0.69835108718484951       -1.0475266307772744     
  0.69834610918411200      -0.97768455285775691     
  0.69834147430249571      -0.90784391659324459     
  0.69833718258098509      -0.83800461909718216     
  0.69833323405752978      -0.76816655746328288     
  0.69832962876704441      -0.69832962876704441     
  0.69832636674140824      -0.62849373006726739     
  0.69832344800946511      -0.55865875840757218     
  0.69832087259702313      -0.48882461081791623     
  0.69831864052685477      -0.41899118431611287     
  0.69831675181869624      -0.34915837590934812     
  0.69831520648924772      -0.27932608259569913     
  0.69831400455217318      -0.20949420136565197     
  0.69831314601810013      -0.13966262920362005     
  0.69831263089461981       -6.9831263089461998E-002
  0.69831245918628693        0.0000000000000000     
  0.69831263089461981        6.9831263089461998E-002
  0.69831314601810013       0.13966262920362005     
  0.69831400455217318       0.20949420136565197     
  0.69831520648924772       0.27932608259569913     
  0.69831675181869624       0.34915837590934812     
  0.69831864052685477       0.41899118431611287     
  0.69832087259702313       0.48882461081791623     
  0.69832344800946511       0.55865875840757218     
  0.69832636674140824       0.62849373006726739     
  0.69832962876704441       0.69832962876704441     
  0.69833323405752978       0.76816655746328288     
  0.69833718258098509       0.83800461909718216     
  0.69834147430249571       0.90784391659324459     
  0.69834610918411200       0.97768455285775691     
  0.69835108718484951        1.0475266307772744     
  0.69835640826068934        1.1173702532171030     
  0.69836207236457815        1.1872155230197829     
  0.69867522806072802        3.2139060490793496     
  0.69869114609424143        3.2838483866429349     
  0.69870740419472110        3.3537955401346613     
  0.69872400221829523        3.4237476108696470     
  0.69874094001807907        3.4937047000903956     
  0.69875821744417566        3.5636669089652959     
  0.69877583434367696        3.6336343385871204     
  0.69879379056066493        3.7036070899715243     
  0.69881208593621269        3.7735852640555483     
  0.69883072030838511        3.8435689616961182     
  0.69884969351224047        3.9135582836685470     
  0.69886900537983154        3.9835533306650399     
  0.69888865574020609        4.0535542032931957     
  0.69890864441940903        4.1235610020745135     
  0.69892897124048281        4.1935738274428971     
  0.69894963602346871        4.2635927797431590     
  0.69897063858540864        4.3336179592295334     
  0.69899197874034580        4.4036494660641790     
  0.69901365629932610        4.4736874003156872     
  0.69903567107039966        4.5437318619575979     
  0.69943360003006894        5.6654121602435588     
  0.69946131514203003        5.7355827841646470     
  0.69948936350028501        5.8057617170523663     
  0.69951774485623608        5.8759490567923836     
  0.69954645895831991        5.9461449011457201     
  0.69957550555200954        6.0163493477472825     
  0.69960488437981616        6.0865624941044008     
  0.69963459518129079        6.1567844375953591     
  0.69966463769302623        6.2270152754679344     
  0.69969501164865899        6.2972551048379311     
  0.69972571677887097        6.3675040226877258     
  0.69975675281139127        6.4377621258648006     
  0.76950502912849705       -5.9461752250838407     
  0.76947344459931422       -5.8759790314856719     
  0.76944222607935420       -5.8057913422351266     
  0.76941137384533242       -5.7356120595742963     
  0.76938088817070260       -5.6654410856206283     
  0.76894317992020855       -4.5437551540739589     
  0.76891896442396501       -4.4737103384667058     
  0.76889511984942993       -4.4036720500467350     
  0.76887164640774530       -4.3336401888436553     
  0.76884854430675753       -4.2636146547920184     
  0.76882581375101622       -4.1935953477328161     
  0.76880345494177238       -4.1235821674149609     
  0.76878146807697778       -4.0535750134967916     
  0.76875985335128294       -3.9835737855475570     
  0.76873861095603579       -3.9135783830489093     
  0.76871774107928104       -3.8435887053964048     
  0.76869724390575811       -3.7736046519009938     
  0.76867711961690033       -3.7036261217905193     
  0.76865736839083354       -3.6336530142112133     
  0.76863799040237524       -3.5636852282291938     
  0.76861898582303256       -3.4937226628319662     
  0.76860035482100209       -3.4237652169299184     
  0.76858209756116802       -3.3538127893578240     
  0.76856421420510146       -3.2838652788763425     
  0.76854670491105914       -3.2139225841735199     
  0.76820224431596607       -1.1872216503064930     
  0.76819601399454562       -1.1173760203557028     
  0.76819016099229476       -1.0475320377167656     
  0.76818468536097129      -0.97768959955032697     
  0.76817958714899515      -0.90784860299426706     
  0.76817486640144883      -0.83800894516521685     
  0.76817052316007617      -0.76817052316007617     
  0.76816655746328288      -0.69833323405752978     
  0.76816296934613559      -0.62849697491956547     
  0.76815975884036214      -0.55866164279299069     
  0.76815692597435103      -0.48882713471095063     
  0.76815447077315158      -0.41899334769444629     
  0.76815239325847329      -0.34916017875385147     
  0.76815069344868614      -0.27932752489043133     
  0.76814937135882033      -0.20949528309786009     
  0.76814842700056596      -0.13966335036373928     
  0.76814786038227323       -6.9831623671115756E-002
  0.76814767150895236        0.0000000000000000     
  0.76814786038227323        6.9831623671115756E-002
  0.76814842700056596       0.13966335036373928     
  0.76814937135882033       0.20949528309786009     
  0.76815069344868614       0.27932752489043133     
  0.76815239325847329       0.34916017875385147     
  0.76815447077315158       0.41899334769444629     
  0.76815692597435103       0.48882713471095063     
  0.76815975884036214       0.55866164279299069     
  0.76816296934613559       0.62849697491956547     
  0.76816655746328288       0.69833323405752978     
  0.76817052316007617       0.76817052316007617     
  0.76817486640144883       0.83800894516521685     
  0.76817958714899515       0.90784860299426706     
  0.76818468536097129       0.97768959955032697     
  0.76819016099229476        1.0475320377167656     
  0.76819601399454562        1.1173760203557028     
  0.76820224431596607        1.1872216503064930     
  0.76854670491105914        3.2139225841735199     
  0.76856421420510146        3.2838652788763425     
  0.76858209756116802        3.3538127893578240     
  0.76860035482100209        3.4237652169299184     
  0.76861898582303256        3.4937226628319662     
  0.76863799040237524        3.5636852282291938     
  0.76865736839083354        3.6336530142112133     
  0.76867711961690033        3.7036261217905193     
  0.76869724390575811        3.7736046519009938     
  0.76871774107928104        3.8435887053964048     
  0.76873861095603579        3.9135783830489093     
  0.76875985335128294        3.9835737855475570     
  0.76878146807697778        4.0535750134967916     
  0.76880345494177238        4.1235821674149609     
  0.76882581375101622        4.1935953477328161     
  0.76884854430675753        4.2636146547920184     
  0.76887164640774530        4.3336401888436553     
  0.76889511984942993        4.4036720500467350     
  0.76891896442396501        4.4737103384667058     
  0.76894317992020855        4.5437551540739589     
  0.76938088817070260        5.6654410856206283     
  0.76941137384533242        5.7356120595742963     
  0.76944222607935420        5.8057913422351266     
  0.76947344459931422        5.8759790314856719     
  0.76950502912849705        5.9461752250838407     
  0.83885181482902604       -4.5437806636572242     
  0.83882539882243856       -4.4737354603863393     
  0.83879938744386229       -4.4036967840802772     
  0.83877378092363053       -4.3336645347720912     
  0.83874857948848114       -4.2636386123997783     
  0.83872378336155562       -4.1936189168077780     
  0.83869939276239724       -4.1236053477484536     
  0.83867540790694994       -4.0535978048835917     
  0.83865182900755642       -3.9835961877858934     
  0.83862865627295669       -3.9136003959404646     
  0.83860588990828722       -3.8436103287463164     
  0.83858353011507869       -3.7736258855178542     
  0.83856157709125545       -3.7036469654863784     
  0.83854003103113350       -3.6336734678015787     
  0.83851889212541975       -3.5637052915330338     
  0.83849816056121029       -3.4937423356717097     
  0.83847783652198915       -3.4237844991314561     
  0.83845792018762744       -3.3538316807505097     
  0.83843841173438172       -3.2838837792929954     
  0.83841931133489289       -3.2139406934504233     
  0.83804354888943300       -1.1872283609266967     
  0.83803675240557973       -1.1173823365407731     
  0.83803036752867832       -1.0475379594108480     
  0.83802439431519082      -0.97769512670105596     
  0.83801883281793843      -0.90785373555276672     
  0.83801368308610102      -0.83801368308610102     
  0.83800894516521685      -0.76817486640144883     
  0.83800461909718216      -0.69833718258098509     
  0.83800070492025114      -0.62850052869018835     
  0.83799720266903532      -0.55866480177935696     
  0.83799411237450350      -0.48882989888512707     
  0.83799143406398180      -0.41899571703199090     
  0.83798916776115306      -0.34916215323381372     
  0.83798731348605682      -0.27932910449535231     
  0.83798587125508928      -0.20949646781377232     
  0.83798484108100335      -0.13966414018016726     
  0.83798422297290820       -6.9832018581075683E-002
  0.83798401693626912        0.0000000000000000     
  0.83798422297290820        6.9832018581075683E-002
  0.83798484108100335       0.13966414018016726     
  0.83798587125508928       0.20949646781377232     
  0.83798731348605682       0.27932910449535231     
  0.83798916776115306       0.34916215323381372     
  0.83799143406398180       0.41899571703199090     
  0.83799411237450350       0.48882989888512707     
  0.83799720266903532       0.55866480177935696     
  0.83800070492025114       0.62850052869018835     
  0.83800461909718216       0.69833718258098509     
  0.83800894516521685       0.76817486640144883     
  0.83801368308610102       0.83801368308610102     
  0.83801883281793843       0.90785373555276672     
  0.83802439431519082       0.97769512670105596     
  0.83803036752867832        1.0475379594108480     
  0.83803675240557973        1.1173823365407731     
  0.83804354888943300        1.1872283609266967     
  0.83841931133489289        3.2139406934504233     
  0.83843841173438172        3.2838837792929954     
  0.83845792018762744        3.3538316807505097     
  0.83847783652198915        3.4237844991314561     
  0.83849816056121029        3.4937423356717097     
  0.83851889212541975        3.5637052915330338     
  0.83854003103113350        3.6336734678015787     
  0.83856157709125545        3.7036469654863784     
  0.83858353011507869        3.7736258855178542     
  0.83860588990828722        3.8436103287463164     
  0.83862865627295669        3.9136003959404646     
  0.83865182900755642        3.9835961877858934     
  0.83867540790694994        4.0535978048835917     
  0.83869939276239724        4.1236053477484536     
  0.83872378336155562        4.1936189168077780     
  0.83874857948848114        4.2636386123997783     
  0.83877378092363053        4.3336645347720912     
  0.83879938744386229        4.4036967840802772     
  0.83882539882243856        4.4737354603863393     
  0.83885181482902604        4.5437806636572242     
  0.90876167809621500       -4.5438083904810744     
  0.90873306181363300       -4.4737627658517320     
  0.90870488386175174       -4.4037236679454121     
  0.90867714449009451       -4.3336909967989117     
  0.90864984394428983       -4.2636646523539747     
  0.90862298246607043       -4.1936445344587865     
  0.90859656029327085       -4.1236305428694600     
  0.90857057765982607       -4.0536225772515309     
  0.90854503479577020       -3.9836205371814541     
  0.90851993192723468       -3.9136243221480878     
  0.90849526927644664       -3.8436338315541971     
  0.90847104706172743       -3.7736489647179443     
  0.90844726549749144       -3.7036696208743880     
  0.90842392479424416       -3.6336956991769767     
  0.90840102515858123       -3.5637270986990490     
  0.90837856679318651       -3.4937637184353330     
  0.90835654989683134       -3.4238054573034411     
  0.90833497466437252       -3.3538522141453750     
  0.90831384128675152       -3.2839038877290245     
  0.90829314995099297       -3.2139603767496672     
  0.90788608898080059       -1.1872356548210468     
  0.90787872639462086       -1.1173892017164564     
  0.90787180969953341       -1.0475443958071540     
  0.90786533895670474      -0.97770113426106653     
  0.90785931422335664      -0.90785931422335664     
  0.90785373555276672      -0.83801883281793843     
  0.90784860299426706      -0.76817958714899515     
  0.90784391659324459      -0.69834147430249571     
  0.90783967639114060      -0.62850439134771263     
  0.90783588242545021      -0.55866823533873866     
  0.90783253472972270      -0.48883290331600449     
  0.90782963333356048      -0.41899829230779712     
  0.90782717826261983      -0.34916429933177684     
  0.90782516953860981      -0.27933082139649534     
  0.90782360717929267      -0.20949775550291369     
  0.90782249119848379      -0.13966499864592061     
  0.90782182160605118       -6.9832447815850102E-002
  0.90782159840791588        0.0000000000000000     
  0.90782182160605118        6.9832447815850102E-002
  0.90782249119848379       0.13966499864592061     
  0.90782360717929267       0.20949775550291369     
  0.90782516953860981       0.27933082139649534     
  0.90782717826261983       0.34916429933177684     
  0.90782963333356048       0.41899829230779712     
  0.90783253472972270       0.48883290331600449     
  0.90783588242545021       0.55866823533873866     
  0.90783967639114060       0.62850439134771263     
  0.90784391659324459       0.69834147430249571     
  0.90784860299426706       0.76817958714899515     
  0.90785373555276672       0.83801883281793843     
  0.90785931422335664       0.90785931422335664     
  0.90786533895670474       0.97770113426106653     
  0.90787180969953341        1.0475443958071540     
  0.90787872639462086        1.1173892017164564     
  0.90788608898080059        1.1872356548210468     
  0.90829314995099297        3.2139603767496672     
  0.90831384128675152        3.2839038877290245     
  0.90833497466437252        3.3538522141453750     
  0.90835654989683134        3.4238054573034411     
  0.90837856679318651        3.4937637184353330     
  0.90840102515858123        3.5637270986990490     
  0.90842392479424416        3.6336956991769767     
  0.90844726549749144        3.7036696208743880     
  0.90847104706172743        3.7736489647179443     
  0.90849526927644664        3.8436338315541971     
  0.90851993192723468        3.9136243221480878     
  0.90854503479577020        3.9836205371814541     
  0.90857057765982607        4.0536225772515309     
  0.90859656029327085        4.1236305428694600     
  0.90862298246607043        4.1936445344587865     
  0.90864984394428983        4.2636646523539747     
  0.90867714449009451        4.3336909967989117     
  0.90870488386175174        4.4037236679454121     
  0.90873306181363300        4.4737627658517320     
  0.90876167809621500        4.5438083904810744     
  0.97841254036492264       -3.9136501614596906     
  0.97838598164662249       -3.8436592136117316     
  0.97835989722507610       -3.7736738892967221     
  0.97833428733118699       -3.7036940877537794     
  0.97830915219164927       -3.6337197081404118     
  0.97828449202894641       -3.5637506495340188     
  0.97826030706134948       -3.4937868109333912     
  0.97823659750291592       -3.4238280912602059     
  0.97821336356348776       -3.3538743893605294     
  0.97819060544869063       -3.2839256040063187     
  0.97816832335993176       -3.2139816338969189     
  0.97772996746767771       -1.1872435319250372     
  0.97772203884428455       -1.1173966158220396     
  0.97771459039217934       -1.0475513468487636     
  0.97770762217723250      -0.97770762217723250     
  0.97770113426106653      -0.90786533895670474     
  0.97769512670105596      -0.83802439431519082     
  0.97768959955032697      -0.76818468536097129     
  0.97768455285775691      -0.69834610918411200     
  0.97767998666797384      -0.62850856285798318     
  0.97767590102135671      -0.55867194344077531     
  0.97767229595403449      -0.48883614797701724     
  0.97766917149788657      -0.41900107349909421     
  0.97766652768054185      -0.34916661702876489     
  0.97766436452537908      -0.27933267557867975     
  0.97766268205152662      -0.20949914615389856     
  0.97766148027386224      -0.13966592575340891     
  0.97766075920301276       -6.9832911371643769E-002
  0.97766051884535443        0.0000000000000000     
  0.97766075920301276        6.9832911371643769E-002
  0.97766148027386224       0.13966592575340891     
  0.97766268205152662       0.20949914615389856     
  0.97766436452537908       0.27933267557867975     
  0.97766652768054185       0.34916661702876489     
  0.97766917149788657       0.41900107349909421     
  0.97767229595403449       0.48883614797701724     
  0.97767590102135671       0.55867194344077531     
  0.97767998666797384       0.62850856285798318     
  0.97768455285775691       0.69834610918411200     
  0.97768959955032697       0.76818468536097129     
  0.97769512670105596       0.83802439431519082     
  0.97770113426106653       0.90786533895670474     
  0.97770762217723250       0.97770762217723250     
  0.97771459039217934        1.0475513468487636     
  0.97772203884428455        1.1173966158220396     
  0.97772996746767771        1.1872435319250372     
  0.97816832335993176        3.2139816338969189     
  0.97819060544869063        3.2839256040063187     
  0.97821336356348776        3.3538743893605294     
  0.97823659750291592        3.4238280912602059     
  0.97826030706134948        3.4937868109333912     
  0.97828449202894641        3.5637506495340188     
  0.97830915219164927        3.6337197081404118     
  0.97833428733118699        3.7036940877537794     
  0.97835989722507610        3.7736738892967221     
  0.97838598164662249        3.8436592136117316     
  0.97841254036492264        3.9136501614596906     
   1.0480449341425770       -3.2140044647039030     
   1.0475752872079438       -1.1872519921690028     
   1.0475667926174570       -1.1174045787919542     
   1.0475588124742057       -1.0475588124742057     
   1.0475513468487636      -0.97771459039217934     
   1.0475443958071540      -0.90787180969953341     
   1.0475379594108480      -0.83803036752867832     
   1.0475320377167656      -0.76819016099229476     
   1.0475266307772744      -0.69835108718484951     
   1.0475217386401892      -0.62851304318411350     
   1.0475173613487725      -0.55867592605267868     
   1.0475134989417327      -0.48883963283947529     
   1.0475101514532261      -0.41900406058129047     
   1.0475073189128545      -0.34916910630428477     
   1.0475050013456659      -0.27933466702551091     
   1.0475031987721546      -0.20950063975443090     
   1.0475019112082606      -0.13966692149443477     
   1.0475011386653701       -6.9833409244358005E-002
   1.0475008811503139        0.0000000000000000     
   1.0475011386653701        6.9833409244358005E-002
   1.0475019112082606       0.13966692149443477     
   1.0475031987721546       0.20950063975443090     
   1.0475050013456659       0.27933466702551091     
   1.0475073189128545       0.34916910630428477     
   1.0475101514532261       0.41900406058129047     
   1.0475134989417327       0.48883963283947529     
   1.0475173613487725       0.55867592605267868     
   1.0475217386401892       0.62851304318411350     
   1.0475266307772744       0.69835108718484951     
   1.0475320377167656       0.76819016099229476     
   1.0475379594108480       0.83803036752867832     
   1.0475443958071540       0.90787180969953341     
   1.0475513468487636       0.97771459039217934     
   1.0475588124742057        1.0475588124742057     
   1.0475667926174570        1.1174045787919542     
   1.0475752872079438        1.1872519921690028     
   1.0480449341425770        3.2140044647039030     
   1.1174221510382316       -1.1872610354781210     
   1.1174130905557773       -1.1174130905557773     
   1.1174045787919542       -1.0475667926174570     
   1.1173966158220396      -0.97772203884428455     
   1.1173892017164564      -0.90787872639462086     
   1.1173823365407731      -0.83803675240557973     
   1.1173760203557028      -0.76819601399454562     
   1.1173702532171030      -0.69835640826068934     
   1.1173650351759754      -0.62851783228648606     
   1.1173603662784652      -0.55868018313923262     
   1.1173562465658613      -0.48884335787256428     
   1.1173526760745958      -0.41900725352797330     
   1.1173496548362429      -0.34917176713632586     
   1.1173471828775208      -0.27933679571938019     
   1.1173452602202893      -0.20950223629130421     
   1.1173438868815506      -0.13966798586019383     
   1.1173430628734495       -6.9833941429590596E-002
   1.1173427882032729        0.0000000000000000     
   1.1173430628734495        6.9833941429590596E-002
   1.1173438868815506       0.13966798586019383     
   1.1173452602202893       0.20950223629130421     
   1.1173471828775208       0.27933679571938019     
   1.1173496548362429       0.34917176713632586     
   1.1173526760745958       0.41900725352797330     
   1.1173562465658613       0.48884335787256428     
   1.1173603662784652       0.55868018313923262     
   1.1173650351759754       0.62851783228648606     
   1.1173702532171030       0.69835640826068934     
   1.1173760203557028       0.76819601399454562     
   1.1173823365407731       0.83803675240557973     
   1.1173892017164564       0.90787872639462086     
   1.1173966158220396       0.97772203884428455     
   1.1174045787919542        1.0475667926174570     
   1.1174130905557773        1.1174130905557773     
   1.1174221510382316        1.1872610354781210     
   1.1872706617724114       -1.1872706617724114     
   1.1872610354781210       -1.1174221510382316     
   1.1872519921690028       -1.0475752872079438     
   1.1872435319250372      -0.97772996746767771     
   1.1872356548210468      -0.90788608898080059     
   1.1872283609266967      -0.83804354888943300     
   1.1872216503064930      -0.76820224431596607     
   1.1872155230197829      -0.69836207236457815     
   1.1872099791207547      -0.62852293012275251     
   1.1872050186584366      -0.55868471466279379     
   1.1872006416766971      -0.48884732304334588     
   1.1871968482142443      -0.41901065231090973     
   1.1871936383046255      -0.34917459950136043     
   1.1871910119762275      -0.27933906164146532     
   1.1871889692522761      -0.20950393575040169     
   1.1871875101508360      -0.13966911884127486     
   1.1871866346848106       -6.9834507922635930E-002
   1.1871863428619420        0.0000000000000000     
   1.1871866346848106        6.9834507922635930E-002
   1.1871875101508360       0.13966911884127486     
   1.1871889692522761       0.20950393575040169     
   1.1871910119762275       0.27933906164146532     
   1.1871936383046255       0.34917459950136043     
   1.1871968482142443       0.41901065231090973     
   1.1872006416766971       0.48884732304334588     
   1.1872050186584366       0.55868471466279379     
   1.1872099791207547       0.62852293012275251     
   1.1872155230197829       0.69836207236457815     
   1.1872216503064930       0.76820224431596607     
   1.1872283609266967       0.83804354888943300     
   1.1872356548210468       0.90788608898080059     
   1.1872435319250372       0.97772996746767771     
   1.1872519921690028        1.0475752872079438     
   1.1872610354781210        1.1174221510382316     
   1.1872706617724114        1.1872706617724114     
   2.1695070981846030       -6.2985689947294921     
   2.1694130591315952       -6.2283149117003873     
   2.1693200462260167       -6.1580698086415957     
   2.1693200462260167        6.1580698086415957     
   2.1694130591315952        6.2283149117003873     
   2.1695070981846030        6.2985689947294921     
   2.2395253571969902       -6.2986650671165334     
   2.2394282937028227       -6.2284099418609751     
   2.2393322893572929       -6.1581637957325546     
   2.2392373450122158       -6.0879265317519611     
   2.2391434615099541       -6.0176980528080009     
   2.2390506396834087       -5.9474782616590538     
   2.2389588803560163       -5.8772670609345417     
   2.2389588803560163        5.8772670609345417     
   2.2390506396834087        5.9474782616590538     
   2.2391434615099541        6.0176980528080009     
   2.2392373450122158        6.0879265317519611     
   2.2393322893572929        6.1581637957325546     
   2.2394282937028227        6.2284099418609751     
   2.2395253571969902        6.2986650671165334     
   2.3095468660015639       -6.2987641800042642     
   2.3094467789302584       -6.2285079795391818     
   2.3093477839992502       -6.1582607573313330     
   2.3092498820869336       -6.0880224164110066     
   2.3091530740619555       -6.0177928596766099     
   2.3090573607832061       -5.9475719898961374     
   2.3089627430998165       -5.8773597097086236     
   2.3088692218511495       -5.8071559216256183     
   2.3087767978667957       -5.7369605280326432     
   2.3086854719665659       -5.6667734311906619     
   2.3085952449604883       -5.5965945332375462     
   2.3085952449604883        5.5965945332375462     
   2.3086854719665659        5.6667734311906619     
   2.3087767978667957        5.7369605280326432     
   2.3088692218511495        5.8071559216256183     
   2.3089627430998165        5.8773597097086236     
   2.3090573607832061        5.9475719898961374     
   2.3091530740619555        6.0177928596766099     
   2.3092498820869336        6.0880224164110066     
   2.3093477839992502        6.1582607573313330     
   2.3094467789302584        6.2285079795391818     
   2.3095468660015639        6.2987641800042642     
   2.3795717256150200       -6.2988663325103467     
   2.3794686158575331       -6.2286090238623668     
   2.3793666312221555       -6.1583606925749912     
   2.3792657726138584       -6.0881212416884019     
   2.3791660409275677       -6.0178905741109068     
   2.3790674370481613       -5.9476685926204036     
   2.3789699618504589       -5.8774551998658406     
   2.3788736161992197       -5.8072502983686833     
   2.3787784009491326       -5.7370537905243797     
   2.3786843169448133       -5.6668655786038205     
   2.3785913650207959       -5.5966855647548144     
   2.3784995460015295       -5.5265136510035537     
   2.3784088607013696       -5.4563497392560834     
   2.3784088607013696        5.4563497392560834     
   2.3784995460015295        5.5265136510035537     
   2.3785913650207959        5.5966855647548144     
   2.3786843169448133        5.6668655786038205     
   2.3787784009491326        5.7370537905243797     
   2.3788736161992197        5.8072502983686833     
   2.3789699618504589        5.8774551998658406     
   2.3790674370481613        5.9476685926204036     
   2.3791660409275677        6.0178905741109068     
   2.3792657726138584        6.0881212416884019     
   2.3793666312221555        6.1583606925749912     
   2.3794686158575331        6.2286090238623668     
   2.3795717256150200        6.2988663325103467     
   2.4494939054785245       -6.2287130739311056     
   2.4493889320465181       -6.1584636005741027     
   2.4492851176398314       -6.0882230067047232     
   2.4491824631796684       -6.0179911952414695     
   2.4490809695768876       -5.9477680689724410     
   2.4489806377319971       -5.8775535305567930     
   2.4488814685351463       -5.8073474825262030     
   2.4487834628661203       -5.7371498272863386     
   2.4486866215943346       -5.6669604671183169     
   2.4485909455788279       -5.5967793041801777     
   2.4484964356682566       -5.5266062405083503     
   2.4484030927008886       -5.4564411780191229     
   2.4484030927008886        5.4564411780191229     
   2.4484964356682566        5.5266062405083503     
   2.4485909455788279        5.5967793041801777     
   2.4486866215943346        5.6669604671183169     
   2.4487834628661203        5.7371498272863386     
   2.4488814685351463        5.8073474825262030     
   2.4489806377319971        5.8775535305567930     
   2.4490809695768876        5.9477680689724410     
   2.4491824631796684        6.0179911952414695     
   2.4492851176398314        6.0882230067047232     
   2.4493889320465181        6.1584636005741027     
   2.4494939054785245        6.2287130739311056     
   2.5195227487358549       -6.2288201288191969     
   2.5194147874415842       -6.1585694804127620     
   2.5193080181604270       -6.0883277105543652     
   2.5192024418398598       -6.0180947221729975     
   2.5190980594167200       -5.9478704180672555     
   2.5189948718171982       -5.8776547009067954     
   2.5188928799568315       -5.8074474732338057     
   2.5187920847404981       -5.7372486374644680     
   2.5186924870624088       -5.6670580958904191     
   2.5185940878061031       -5.5968757506802289     
   2.5184968878444418       -5.5267015038808589     
   2.5184008880396012       -5.4565352574191355     
   2.5184008880396012        5.4565352574191355     
   2.5184968878444418        5.5267015038808589     
   2.5185940878061031        5.5968757506802289     
   2.5186924870624088        5.6670580958904191     
   2.5187920847404981        5.7372486374644680     
   2.5188928799568315        5.8074474732338057     
   2.5189948718171982        5.8776547009067954     
   2.5190980594167200        5.9478704180672555     
   2.5192024418398598        6.0180947221729975     
   2.5193080181604270        6.0883277105543652     
   2.5194147874415842        6.1585694804127620     
   2.5195227487358549        6.2288201288191969     
   2.5895552465193914       -6.2289301875736722     
   2.5894442983238397       -6.1586783311485922     
   2.5893345751184502       -6.0884353523055461     
   2.5892260778769707       -6.0182011539843101     
   2.5891188075622114       -5.9479756389942704     
   2.5890127651260433       -5.8777587100158817     
   2.5889079515093862       -5.8075502696021370     
   2.5888043676422070       -5.7373502201800273     
   2.5887020144435100       -5.6671584640520081     
   2.5886008928213307       -5.5969749033974709     
   2.5885010036727305       -5.5267994402742087     
   2.5884023478837905       -5.4566319766198834     
   2.5884023478837905        5.4566319766198834     
   2.5885010036727305        5.5267994402742087     
   2.5886008928213307        5.5969749033974709     
   2.5887020144435100        5.6671584640520081     
   2.5888043676422070        5.7373502201800273     
   2.5889079515093862        5.8075502696021370     
   2.5890127651260433        5.8777587100158817     
   2.5891188075622114        5.9479756389942704     
   2.5892260778769707        6.0182011539843101     
   2.5893345751184502        6.0884353523055461     
   2.5894442983238397        6.1586783311485922     
   2.5895552465193914        6.2289301875736722     
   2.6595914996647450       -6.2290432492147971     
   2.6594775655555054       -6.1587901518127488     
   2.6593648894024375       -6.0885459310003167     
   2.6592534722055530       -6.0183104897283561     
   2.6591433149536332       -5.9480837308173378     
   2.6590344186242239       -5.8778655569588096     
   2.6589267841836248       -5.8076558707168644     
   2.6588204125868877       -5.7374545745295995     
   2.6587153047778047       -5.6672615707105836     
   2.6586114616889054       -5.5970767614503263     
   2.6585088842414479       -5.5269000488177467     
   2.6584075733454142       -5.4567313347616393     
   2.6568798974909340       -4.2649914143933412     
   2.6568015272352516       -4.1949497798451336     
   2.6567244386700586       -4.1249142600403532     
   2.6567244386700586        4.1249142600403532     
   2.6568015272352516        4.1949497798451336     
   2.6568798974909340        4.2649914143933412     
   2.6584075733454142        5.4567313347616393     
   2.6585088842414479        5.5269000488177467     
   2.6586114616889054        5.5970767614503263     
   2.6587153047778047        5.6672615707105836     
   2.6588204125868877        5.7374545745295995     
   2.6589267841836248        5.8076558707168644     
   2.6590344186242239        5.8778655569588096     
   2.6591433149536332        5.9480837308173378     
   2.6592534722055530        6.0183104897283561     
   2.6593648894024375        6.0885459310003167     
   2.6594775655555054        6.1587901518127488     
   2.6595914996647450        6.2290432492147971     
   2.7296316089517654       -6.2291593127360807     
   2.7295146899430374       -6.1589049414099311     
   2.7293990618451511       -6.0886594456545673     
   2.7292847256843791       -6.0184227284322205     
   2.7291716824754699       -5.9481946925747424     
   2.7290599332216390       -5.8779752407850685     
   2.7289494789145632       -5.8077642756386849     
   2.7288403205343736       -5.7375616995850933     
   2.7287324590496480       -5.6673674149492692     
   2.7286258954174047       -5.5971813239331381     
   2.7285206305830960       -5.5270033286170408     
   2.7284166654805997       -5.4568333309611994     
   2.7283140010322153       -5.3866712328071937     
   2.7268489664341722       -4.2650714603201152     
   2.7267685429669175       -4.1950285276414121     
   2.7266894347681170       -4.1249917090081762     
   2.7266116425389297       -4.0549609042886647     
   2.7265351669688251       -3.9849360132621294     
   2.7264600087355748       -3.9149169356203126     
   2.7263861685052491       -3.8449035709689410     
   2.7263861685052491        3.8449035709689410     
   2.7264600087355748        3.9149169356203126     
   2.7265351669688251        3.9849360132621294     
   2.7266116425389297        4.0549609042886647     
   2.7266894347681170        4.1249917090081762     
   2.7267685429669175        4.1950285276414121     
   2.7268489664341722        4.2650714603201152     
   2.7283140010322153        5.3866712328071937     
   2.7284166654805997        5.4568333309611994     
   2.7285206305830960        5.5270033286170408     
   2.7286258954174047        5.5971813239331381     
   2.7287324590496480        5.6673674149492692     
   2.7288403205343736        5.7375616995850933     
   2.7289494789145632        5.8077642756386849     
   2.7290599332216390        5.8779752407850685     
   2.7291716824754699        5.9481946925747424     
   2.7292847256843791        6.0184227284322205     
   2.7293990618451511        6.0886594456545673     
   2.7295146899430374        6.1589049414099311     
   2.7296316089517654        6.2291593127360807     
   2.7995557722356277       -6.1590226989183812     
   2.7994371932220834       -6.0887758952580322     
   2.7993199391149450       -6.0185378690971314     
   2.7992040109549219       -5.9483085232792092     
   2.7990894097708972       -5.8780877605188842     
   2.7989761365799191       -5.8078754834033326     
   2.7988641923871955       -5.7376715943937517     
   2.7987535781860848       -5.6674759958268224     
   2.7986442949580903       -5.5972885899161806     
   2.7985363436728536       -5.5271092787538860     
   2.7984297252881456       -5.4569379643118845     
   2.7983244407498633       -5.3867745484434870     
   2.7968220169726012       -4.2651535758832173     
   2.7967395410073119       -4.1951093115109677     
   2.7966584138767026       -4.1250711604681367     
   2.7965786362998744       -4.0550390226348174     
   2.7965002089839359       -3.9850127978021095     
   2.7964231326240010       -3.9149923856736013     
   2.7963474079031809       -3.8449776858668741     
   2.7962730354925829       -3.7749685979149867     
   2.7962000160513036       -3.7049650212679772     
   2.7961283502264247       -3.6349668552943526     
   2.7960580386530101       -3.5649739992825880     
   2.7960580386530101        3.5649739992825880     
   2.7961283502264247        3.6349668552943526     
   2.7962000160513036        3.7049650212679772     
   2.7962730354925829        3.7749685979149867     
   2.7963474079031809        3.8449776858668741     
   2.7964231326240010        3.9149923856736013     
   2.7965002089839359        3.9850127978021095     
   2.7965786362998744        4.0550390226348174     
   2.7966584138767026        4.1250711604681367     
   2.7967395410073119        4.1951093115109677     
   2.7968220169726012        4.2651535758832173     
   2.7983244407498633        5.3867745484434870     
   2.7984297252881456        5.4569379643118845     
   2.7985363436728536        5.5271092787538860     
   2.7986442949580903        5.5972885899161806     
   2.7987535781860848        5.6674759958268224     
   2.7988641923871955        5.7376715943937517     
   2.7989761365799191        5.8078754834033326     
   2.7990894097708972        5.8780877605188842     
   2.7992040109549219        5.9483085232792092     
   2.7993199391149450        6.0185378690971314     
   2.7994371932220834        6.0887758952580322     
   2.7995557722356277        6.1590226989183812     
   2.8696009131237035       -6.1591434232899003     
   2.8694793842499555       -6.0888952787742952     
   2.8693592132399668       -6.0186559106984658     
   2.8692404011604045       -5.9484252219179119     
   2.8691229490658143       -5.8782031151592289     
   2.8690068579986128       -5.8079894930215810     
   2.8688921289890783       -5.7377842579781566     
   2.8687787630553472       -5.6675873123776368     
   2.8686667612034040       -5.5973985584456658     
   2.8685561244270743       -5.5272178982863132     
   2.8684468537080194       -5.4570452338835489     
   2.8683389500157288       -5.3868804671027091     
   2.8667991504019046       -4.2652377603540526     
   2.8667146226703468       -4.1951921307370927     
   2.8666314773276595       -4.1251526137154126     
   2.8665497151108807       -4.0551191091812449     
   2.8664693367447565       -3.9850915169378323     
   2.8663903429417390       -3.9150697367009117     
   2.8663127344019794       -3.8450536681002165     
   2.8662365118133248       -3.7750432106809639     
   2.8661616758513113       -3.7050382639053532     
   2.8660882271791617       -3.6350387271540585     
   2.8660161664477801       -3.5650444997277262     
   2.8659454942957470       -3.4950554808484720     
   2.8658762113493155       -3.4250715696613772     
   2.8658083182224070       -3.3550926652359885     
   2.8657418155166066       -3.2851186665678171     
   2.8656767038211592       -3.2151494725798373     
   2.8656767038211592        3.2151494725798373     
   2.8657418155166066        3.2851186665678171     
   2.8658083182224070        3.3550926652359885     
   2.8658762113493155        3.4250715696613772     
   2.8659454942957470        3.4950554808484720     
   2.8660161664477801        3.5650444997277262     
   2.8660882271791617        3.6350387271540585     
   2.8661616758513113        3.7050382639053532     
   2.8662365118133248        3.7750432106809639     
   2.8663127344019794        3.8450536681002165     
   2.8663903429417390        3.9150697367009117     
   2.8664693367447565        3.9850915169378323     
   2.8665497151108807        4.0551191091812449     
   2.8666314773276595        4.1251526137154126     
   2.8667146226703468        4.1951921307370927     
   2.8667991504019046        4.2652377603540526     
   2.8683389500157288        5.3868804671027091     
   2.8684468537080194        5.4570452338835489     
   2.8685561244270743        5.5272178982863132     
   2.8686667612034040        5.5973985584456658     
   2.8687787630553472        5.6675873123776368     
   2.8688921289890783        5.7377842579781566     
   2.8690068579986128        5.8079894930215810     
   2.8691229490658143        5.8782031151592289     
   2.8692404011604045        5.9484252219179119     
   2.8693592132399668        6.0186559106984658     
   2.8694793842499555        6.0888952787742952     
   2.8696009131237035        6.1591434232899003     
   2.9396502132374276       -6.1592671134498485     
   2.9395257355852151       -6.0890175951408034     
   2.9394026487418814       -6.0187768521857565     
   2.9392809538000457       -5.9485447874524739     
   2.9391606518399129       -5.8783213036798259     
   2.9390417439292618       -5.8081063034792546     
   2.9389242311234391       -5.7378996893362393     
   2.9388081144653535       -5.6677013636117533     
   2.9386933949854659       -5.5975112285437447     
   2.9385800737017838       -5.5273291862485943     
   2.9384681516198534       -5.4571551387225847     
   2.9383576297327529       -5.3869889878433801     
   2.9367804679573326       -4.2653240129856496     
   2.9366938892094989       -4.1952769845849982     
   2.9366087263923899       -4.1252360680274043     
   2.9365249802609767       -4.0552011632175384     
   2.9364426515576407       -3.9851721699710843     
   2.9363617410121701       -3.9151489880162265     
   2.9362822493417515       -3.8451315169951505     
   2.9362041772509690       -3.7751196564655314     
   2.9361275254317967       -3.7051133059020289     
   2.9360522945635954       -3.6351123646977848     
   2.9359784853131066       -3.5651167321659152     
   2.9359060983344500       -3.4951263075410122     
   2.9358351342691162       -3.4251409899806360     
   2.9357655937459657       -3.3551606785668180     
   2.9356974773812210       -3.2851852723075567     
   2.9356307857784656       -3.2152146701383195     
   2.9355655195286379       -3.1452487709235402     
   2.9355016792100277       -3.0752874734581246     
   2.9354392653882733       -3.0053306764689465     
   2.9353782786163558       -2.9353782786163558     
   2.9353782786163558        2.9353782786163558     
   2.9354392653882733        3.0053306764689465     
   2.9355016792100277        3.0752874734581246     
   2.9355655195286379        3.1452487709235402     
   2.9356307857784656        3.2152146701383195     
   2.9356974773812210        3.2851852723075567     
   2.9357655937459657        3.3551606785668180     
   2.9358351342691162        3.4251409899806360     
   2.9359060983344500        3.4951263075410122     
   2.9359784853131066        3.5651167321659152     
   2.9360522945635954        3.6351123646977848     
   2.9361275254317967        3.7051133059020289     
   2.9362041772509690        3.7751196564655314     
   2.9362822493417515        3.8451315169951505     
   2.9363617410121701        3.9151489880162265     
   2.9364426515576407        3.9851721699710843     
   2.9365249802609767        4.0552011632175384     
   2.9366087263923899        4.1252360680274043     
   2.9366938892094989        4.1952769845849982     
   2.9367804679573326        4.2653240129856496     
   2.9383576297327529        5.3869889878433801     
   2.9384681516198534        5.4571551387225847     
   2.9385800737017838        5.5273291862485943     
   2.9386933949854659        5.5975112285437447     
   2.9388081144653535        5.6677013636117533     
   2.9389242311234391        5.7378996893362393     
   2.9390417439292618        5.8081063034792546     
   2.9391606518399129        5.8783213036798259     
   2.9392809538000457        5.9485447874524739     
   2.9394026487418814        6.0187768521857565     
   2.9395257355852151        6.0890175951408034     
   2.9396502132374276        6.1592671134498485     
   3.0097037731452017       -6.1593937682971571     
   3.0095763478225428       -6.0891428432688661     
   3.0094503462413500       -6.0189006924827000     
   3.0093257695201916       -5.9486672188189837     
   3.0092026187649248       -5.8784423250291562     
   3.0090808950686876       -5.8082259137372345     
   3.0089605995118909       -5.7380178874412806     
   3.0088417331622104       -5.6678181485148622     
   3.0087242970745800       -5.5976265992085210     
   3.0086082922911839       -5.5274431416512453     
   3.0084937198414492       -5.4572676778519318     
   3.0083805807420392       -5.3871001097008611     
   3.0066774418163078       -4.1953638723018249     
   3.0065902622803535       -4.1253215226637412     
   3.0065045329772437       -4.0552851840158164     
   3.0064202546669914       -3.9852547561864773     
   3.0063374280967166       -3.9152301389166544     
   3.0062560540006409       -3.8452112318612852     
   3.0061761331000816       -3.7751979345907998     
   3.0060976661034471       -3.7051901465926211     
   3.0060206537062339       -3.6351877672726554     
   3.0059450965910193       -3.5651906959567903     
   3.0058709954274572       -3.4951988318923921     
   3.0057983508722752       -3.4252120742498020     
   3.0057271635692686       -3.3552303221238344     
   3.0056574341492963       -3.2852534745352777     
   3.0055891632302769       -3.2152814304323898     
   3.0055223514171843       -3.1453140886924023     
   3.0054569993020430       -3.0753513481230210     
   3.0053931074639255       -3.0053931074639255     
   3.0053306764689465       -2.9354392653882733     
   3.0053306764689465        2.9354392653882733     
   3.0053931074639255        3.0053931074639255     
   3.0054569993020430        3.0753513481230210     
   3.0055223514171843        3.1453140886924023     
   3.0055891632302769        3.2152814304323898     
   3.0056574341492963        3.2852534745352777     
   3.0057271635692686        3.3552303221238344     
   3.0057983508722752        3.4252120742498020     
   3.0058709954274572        3.4951988318923921     
   3.0059450965910193        3.5651906959567903     
   3.0060206537062339        3.6351877672726554     
   3.0060976661034471        3.7051901465926211     
   3.0061761331000816        3.7751979345907998     
   3.0062560540006409        3.8452112318612852     
   3.0063374280967166        3.9152301389166544     
   3.0064202546669914        3.9852547561864773     
   3.0065045329772437        4.0552851840158164     
   3.0065902622803535        4.1253215226637412     
   3.0066774418163078        4.1953638723018249     
   3.0083805807420392        5.3871001097008611     
   3.0084937198414492        5.4572676778519318     
   3.0086082922911839        5.5274431416512453     
   3.0087242970745800        5.5976265992085210     
   3.0088417331622104        5.6678181485148622     
   3.0089605995118909        5.7380178874412806     
   3.0090808950686876        5.8082259137372345     
   3.0092026187649248        5.8784423250291562     
   3.0093257695201916        5.9486672188189837     
   3.0094503462413500        6.0189006924827000     
   3.0095763478225428        6.0891428432688661     
   3.0097037731452017        6.1593937682971571     
   3.0797616933521663       -6.1595233867043326     
   3.0796313214933506       -6.0892710220436701     
   3.0795024062957590       -6.0190274304871645     
   3.0793749489039040       -5.9487925149279963     
   3.0792489504492919       -5.8785661781304661     
   3.0791244120504144       -5.8083483227314625     
   3.0790013348127414       -5.7381388512419269     
   3.0788797198287123       -5.6679376660483118     
   3.0787595681777296       -5.5977446694140536     
   3.0786408809261494       -5.5275597634810412     
   3.0785236591272755       -5.4573828502710793     
   3.0784079038213519       -5.3872138316873652     
   3.0782936160355545       -5.3170526095159580     
   3.0766653816188723       -4.1954527931166448     
   3.0765761861375651       -4.1254089768662805     
   3.0764884744233121       -4.0553711708307292     
   3.0764022472537547       -3.9853392748514551     
   3.0763175053933427       -3.9153131886824362     
   3.0762342495933277       -3.8452928119916598     
   3.0761524805917584       -3.7752780443626124     
   3.0760721991134754       -3.7052687852957771     
   3.0759934058701068       -3.6352649342101264     
   3.0759161015600625       -3.5652663904446174     
   3.0758402868685293       -3.4952730532596923     
   3.0757659624674685       -3.4252848218387717     
   3.0756931290156082       -3.3553015952897542     
   3.0756217871584401       -3.2853232726465156     
   3.0755519375282159       -3.2153497528704076     
   3.0754835807439420       -3.1453809348517590     
   3.0754167174113758       -3.0754167174113758     
   3.0753513481230210       -3.0054569993020430     
   3.0752874734581246       -2.9355016792100277     
   3.0752874734581246        2.9355016792100277     
   3.0753513481230210        3.0054569993020430     
   3.0754167174113758        3.0754167174113758     
   3.0754835807439420        3.1453809348517590     
   3.0755519375282159        3.2153497528704076     
   3.0756217871584401        3.2853232726465156     
   3.0756931290156082        3.3553015952897542     
   3.0757659624674685        3.4252848218387717     
   3.0758402868685293        3.4952730532596923     
   3.0759161015600625        3.5652663904446174     
   3.0759934058701068        3.6352649342101264     
   3.0760721991134754        3.7052687852957771     
   3.0761524805917584        3.7752780443626124     
   3.0762342495933277        3.8452928119916598     
   3.0763175053933427        3.9153131886824362     
   3.0764022472537547        3.9853392748514551     
   3.0764884744233121        4.0553711708307292     
   3.0765761861375651        4.1254089768662805     
   3.0766653816188723        4.1954527931166448     
   3.0782936160355545        5.3170526095159580     
   3.0784079038213519        5.3872138316873652     
   3.0785236591272755        5.4573828502710793     
   3.0786408809261494        5.5275597634810412     
   3.0787595681777296        5.5977446694140536     
   3.0788797198287123        5.6679376660483118     
   3.0790013348127414        5.7381388512419269     
   3.0791244120504144        5.8083483227314625     
   3.0792489504492919        5.8785661781304661     
   3.0793749489039040        5.9487925149279963     
   3.0795024062957590        6.0190274304871645     
   3.0796313214933506        6.0892710220436701     
   3.0797616933521663        6.1595233867043326     
   3.1496907570642834       -6.0894021303242818     
   3.1495589293977191       -6.0191570650711963     
   3.1494285924694632       -5.9489206746645413     
   3.1492997474366655       -5.8786928618817758     
   3.1491723954431681       -5.8084735293729537     
   3.1490465376194940       -5.7382625796621900     
   3.1489221750828427       -5.6680599151491169     
   3.1487993089370794       -5.5978654381103636     
   3.1486779402727292       -5.5276790507010132     
   3.1485580701669673       -5.4575006549560765     
   3.1484396996836144       -5.3873301527919617     
   3.1483228298731265       -5.3171674460079474     
   3.1466578096803484       -4.1955437462404648     
   3.1465665990450908       -4.1254984298591193     
   3.1464769056978583       -4.0554591228994612     
   3.1463887304339182       -3.9854257252162970     
   3.1463020740350469       -3.9153981365769472     
   3.1462169372695223       -3.8453762566627496     
   3.1461333208921221       -3.7753599850705464     
   3.1460512256441153       -3.7053492213141803     
   3.1459706522532596       -3.6353438648259888     
   3.1458916014337941       -3.5653438149582999     
   3.1458140738864366       -3.4953489709849297     
   3.1457380702983775       -3.4253592321026782     
   3.1456635913432764       -3.3553744974328281     
   3.1455906376812548       -3.2853946660226443     
   3.1455192099588953       -3.2154196368468710     
   3.1454493088092343       -3.1454493088092343     
   3.1453809348517590       -3.0754835807439420     
   3.1453140886924023       -3.0055223514171843     
   3.1452487709235402       -2.9355655195286379     
   3.1452487709235402        2.9355655195286379     
   3.1453140886924023        3.0055223514171843     
   3.1453809348517590        3.0754835807439420     
   3.1454493088092343        3.1454493088092343     
   3.1455192099588953        3.2154196368468710     
   3.1455906376812548        3.2853946660226443     
   3.1456635913432764        3.3553744974328281     
   3.1457380702983775        3.4253592321026782     
   3.1458140738864366        3.4953489709849297     
   3.1458916014337941        3.5653438149582999     
   3.1459706522532596        3.6353438648259888     
   3.1460512256441153        3.7053492213141803     
   3.1461333208921221        3.7753599850705464     
   3.1462169372695223        3.8453762566627496     
   3.1463020740350469        3.9153981365769472     
   3.1463887304339182        3.9854257252162970     
   3.1464769056978583        4.0554591228994612     
   3.1465665990450908        4.1254984298591193     
   3.1466578096803484        4.1955437462404648     
   3.1483228298731265        5.3171674460079474     
   3.1484396996836144        5.3873301527919617     
   3.1485580701669673        5.4575006549560765     
   3.1486779402727292        5.5276790507010132     
   3.1487993089370794        5.5978654381103636     
   3.1489221750828427        5.6680599151491169     
   3.1490465376194940        5.7382625796621900     
   3.1491723954431681        5.8084735293729537     
   3.1492997474366655        5.8786928618817758     
   3.1494285924694632        5.9489206746645413     
   3.1495589293977191        6.0191570650711963     
   3.1496907570642834        6.0894021303242818     
   3.2197547549357264       -6.0895361669436561     
   3.2196200159735739       -6.0192895950810286     
   3.2194868006688733       -5.9490516968881355     
   3.2193551102044142       -5.8788223751558863     
   3.2192249457493833       -5.8086015325478000     
   3.2190963084593536       -5.7383890716014561     
   3.2189691994762777       -5.6681848947299667     
   3.2188436199284811       -5.5979889042234445     
   3.2187195709306509       -5.5278010022504658     
   3.2185970535838320       -5.4576210908595408     
   3.2184760689754150       -5.3874490719805861     
   3.2183566181791337       -5.3172848474263947     
   3.2166548269974489       -4.1956367308662381     
   3.2165616020175487       -4.1255898808485947     
   3.2164699278331064       -4.0555490394417424     
   3.2163798052570121       -3.9855141065141240     
   3.2162912350883648       -3.9154849818467046     
   3.2162042181124675       -3.8454615651344719     
   3.2161187551008221       -3.7754437559879208     
   3.2160348468111235       -3.7054314539345552     
   3.2159524939872552       -3.6354245584203757     
   3.2158716973592845       -3.5654229688113803     
   3.2157924576434556       -3.4954265843950605     
   3.2157147755421867       -3.4254353043818946     
   3.2156386517440643       -3.3554490279068494     
   3.2155640869238389       -3.2854676540308785     
   3.2154910817424196       -3.2154910817424196     
   3.2154196368468710       -3.1455192099588953     
   3.2153497528704076       -3.0755519375282159     
   3.2152814304323898       -3.0055891632302769     
   3.2152146701383195       -2.9356307857784656     
   3.2151494725798373       -2.8656767038211592     
   3.2140044647039030       -1.0480449341425770     
   3.2139816338969189      -0.97816832335993176     
   3.2139603767496672      -0.90829314995099297     
   3.2139406934504233      -0.83841931133489289     
   3.2139225841735199      -0.76854670491105914     
   3.2139060490793496      -0.69867522806072802     
   3.2138910883143592      -0.62880477814846147     
   3.2138777020110525      -0.55893525252366127     
   3.2138658902879875      -0.48906654852208503     
   3.2138556532497766      -0.41919856346736212     
   3.2138469909870842      -0.34933119467250912     
   3.2138399035766279      -0.27946433944144594     
   3.2138343910811780      -0.20959789507051160     
   3.2138304535495554      -0.13973175884998068     
   3.2138280910166328       -6.9865828065578978E-002
   3.2138273035033338        0.0000000000000000     
   3.2138280910166328        6.9865828065578978E-002
   3.2138304535495554       0.13973175884998068     
   3.2138343910811780       0.20959789507051160     
   3.2138399035766279       0.27946433944144594     
   3.2138469909870842       0.34933119467250912     
   3.2138556532497766       0.41919856346736212     
   3.2138658902879875       0.48906654852208503     
   3.2138777020110525       0.55893525252366127     
   3.2138910883143592       0.62880477814846147     
   3.2139060490793496       0.69867522806072802     
   3.2139225841735199       0.76854670491105914     
   3.2139406934504233       0.83841931133489289     
   3.2139603767496672       0.90829314995099297     
   3.2139816338969189       0.97816832335993176     
   3.2140044647039030        1.0480449341425770     
   3.2151494725798373        2.8656767038211592     
   3.2152146701383195        2.9356307857784656     
   3.2152814304323898        3.0055891632302769     
   3.2153497528704076        3.0755519375282159     
   3.2154196368468710        3.1455192099588953     
   3.2154910817424196        3.2154910817424196     
   3.2155640869238389        3.2854676540308785     
   3.2156386517440643        3.3554490279068494     
   3.2157147755421867        3.4254353043818946     
   3.2157924576434556        3.4954265843950605     
   3.2158716973592845        3.5654229688113803     
   3.2159524939872552        3.6354245584203757     
   3.2160348468111235        3.7054314539345552     
   3.2161187551008221        3.7754437559879208     
   3.2162042181124675        3.8454615651344719     
   3.2162912350883648        3.9154849818467046     
   3.2163798052570121        3.9855141065141240     
   3.2164699278331064        4.0555490394417424     
   3.2165616020175487        4.1255898808485947     
   3.2166548269974489        4.1956367308662381     
   3.2183566181791337        5.3172848474263947     
   3.2184760689754150        5.3874490719805861     
   3.2185970535838320        5.4576210908595408     
   3.2187195709306509        5.5278010022504658     
   3.2188436199284811        5.5979889042234445     
   3.2189691994762777        5.6681848947299667     
   3.2190963084593536        5.7383890716014561     
   3.2192249457493833        5.8086015325478000     
   3.2193551102044142        5.8788223751558863     
   3.2194868006688733        5.9490516968881355     
   3.2196200159735739        6.0192895950810286     
   3.2197547549357264        6.0895361669436561     
   3.2898234154403045       -6.0896731307086487     
   3.2896857663818975       -6.0194250193370884     
   3.2895496738863619       -5.9491855804327827     
   3.2894151391621218       -5.8789547168003882     
   3.2892821634037031       -5.8087323311171772     
   3.2891507477917239       -5.7385183259344972     
   3.2890208934928862       -5.6683126036792295     
   3.2888926016599696       -5.5981150666552670     
   3.2887658734318204       -5.5279256170449749     
   3.2886407099333463       -5.4577441569106595     
   3.2885171122755059       -5.3875705881960414     
   3.2883950815553029       -5.3174048127277240     
   3.2866565344989427       -4.1957317461688630     
   3.2865612960016062       -4.1256833290232926     
   3.2864676417933238       -4.0556409196598464     
   3.2863755727046042       -3.9856044179609031     
   3.2862850895518663       -3.9155737237213724     
   3.2861961931374335       -3.8455487366501884     
   3.2861088842495301       -3.7755293563718002     
   3.2860231636622736       -3.7055154824276704     
   3.2859390321356710       -3.6355070142777639     
   3.2858564904156129       -3.5655038513020476     
   3.2857755392338679       -3.4955058928019871     
   3.2856961793080792       -3.4255130380020402     
   3.2856184113417579       -3.3555251860511572     
   3.2855422360242796       -3.2855422360242796     
   3.2854676540308785       -3.2155640869238389     
   3.2853946660226443       -3.1455906376812548     
   3.2853232726465156       -3.0756217871584401     
   3.2852534745352777       -3.0056574341492963     
   3.2851852723075567       -2.9356974773812210     
   3.2851186665678171       -2.8657418155166066     
   3.2839256040063187      -0.97819060544869063     
   3.2839038877290245      -0.90831384128675152     
   3.2838837792929954      -0.83843841173438172     
   3.2838652788763425      -0.76856421420510146     
   3.2838483866429349      -0.69869114609424143     
   3.2838331027423941      -0.62881910478045844     
   3.2838194273100960      -0.55894798762725051     
   3.2838073604671685      -0.48907769198447187     
   3.2837969023204905      -0.41920811518984985     
   3.2837880529626928      -0.34933915457049919     
   3.2837808124721559      -0.27947070744443880     
   3.2837751809130094      -0.20960267112210698     
   3.2837711583351337      -0.13973494290787805     
   3.2837687447741568       -6.9867420101577815E-002
   3.2837679402514559        0.0000000000000000     
   3.2837687447741568        6.9867420101577815E-002
   3.2837711583351337       0.13973494290787805     
   3.2837751809130094       0.20960267112210698     
   3.2837808124721559       0.27947070744443880     
   3.2837880529626928       0.34933915457049919     
   3.2837969023204905       0.41920811518984985     
   3.2838073604671685       0.48907769198447187     
   3.2838194273100960       0.55894798762725051     
   3.2838331027423941       0.62881910478045844     
   3.2838483866429349       0.69869114609424143     
   3.2838652788763425       0.76856421420510146     
   3.2838837792929954       0.83843841173438172     
   3.2839038877290245       0.90831384128675152     
   3.2839256040063187       0.97819060544869063     
   3.2851186665678171        2.8657418155166066     
   3.2851852723075567        2.9356974773812210     
   3.2852534745352777        3.0056574341492963     
   3.2853232726465156        3.0756217871584401     
   3.2853946660226443        3.1455906376812548     
   3.2854676540308785        3.2155640869238389     
   3.2855422360242796        3.2855422360242796     
   3.2856184113417579        3.3555251860511572     
   3.2856961793080792        3.4255130380020402     
   3.2857755392338679        3.4955058928019871     
   3.2858564904156129        3.5655038513020476     
   3.2859390321356710        3.6355070142777639     
   3.2860231636622736        3.7055154824276704     
   3.2861088842495301        3.7755293563718002     
   3.2861961931374335        3.8455487366501884     
   3.2862850895518663        3.9155737237213724     
   3.2863755727046042        3.9856044179609031     
   3.2864676417933238        4.0556409196598464     
   3.2865612960016062        4.1256833290232926     
   3.2866565344989427        4.1957317461688630     
   3.2883950815553029        5.3174048127277240     
   3.2885171122755059        5.3875705881960414     
   3.2886407099333463        5.4577441569106595     
   3.2887658734318204        5.5279256170449749     
   3.2888926016599696        5.5981150666552670     
   3.2890208934928862        5.6683126036792295     
   3.2891507477917239        5.7385183259344972     
   3.2892821634037031        5.8087323311171772     
   3.2894151391621218        5.8789547168003882     
   3.2895496738863619        5.9491855804327827     
   3.2896857663818975        6.0194250193370884     
   3.2898234154403045        6.0896731307086487     
   3.3598968388413892       -6.0898130204000180     
   3.3597562809120034       -6.0195633366340058     
   3.3596173124368875       -5.9493223241069888     
   3.3594799346500945       -5.8790898856376659     
   3.3593441487714846       -5.8088659239173586     
   3.3592099560067159       -5.7386503415114740     
   3.3590773575472359       -5.6684430408609607     
   3.3589463545702722       -5.5982439242837865     
   3.3588169482388261       -5.5280528939764020     
   3.3586891397016636       -5.4578698520152038     
   3.3585629300933060       -5.3876947003580113     
   3.3584383205340238       -5.3175273408455386     
   3.3583153121298284       -5.2473676752028569     
   3.3565657818744836       -4.1257787735540523     
   3.3564701484733250       -4.0557347627386005     
   3.3563761336888041       -3.9856966587554550     
   3.3562837383546555       -3.9156643614137647     
   3.3561929632902214       -3.8456377704367122     
   3.3561038093004441       -3.7756167854629994     
   3.3560162771758604       -3.7056013060483459     
   3.3559303676925980       -3.6355912316669814     
   3.3558460816123676       -3.5655864617131408     
   3.3557634196824599       -3.4955868955025626     
   3.3556823826357394       -3.4255924322739846     
   3.3556029711906392       -3.3556029711906392     
   3.3555251860511572       -3.2856184113417579     
   3.3554490279068494       -3.2156386517440643     
   3.3553744974328281       -3.1456635913432764     
   3.3553015952897542       -3.0756931290156082     
   3.3552303221238344       -3.0057271635692686     
   3.3551606785668180       -2.9357655937459657     
   3.3550926652359885       -2.8658083182224070     
   3.3538743893605294      -0.97821336356348776     
   3.3538522141453750      -0.90833497466437252     
   3.3538316807505097      -0.83845792018762744     
   3.3538127893578240      -0.76858209756116802     
   3.3537955401346613      -0.69870740419472110     
   3.3537799332338176      -0.62883373748134086     
   3.3537659687935406      -0.55896099479892347     
   3.3537536469375269      -0.48908907351172265     
   3.3537429677749229      -0.41921787097186536     
   3.3537339314003241      -0.34934728452086711     
   3.3537265378937735      -0.27947721149114785     
   3.3537207873207620      -0.20960754920754762     
   3.3537166797322264      -0.13973819498884277     
   3.3537142151645511       -6.9869046149261496E-002
   3.3537133936395671        0.0000000000000000     
   3.3537142151645511        6.9869046149261496E-002
   3.3537166797322264       0.13973819498884277     
   3.3537207873207620       0.20960754920754762     
   3.3537265378937735       0.27947721149114785     
   3.3537339314003241       0.34934728452086711     
   3.3537429677749229       0.41921787097186536     
   3.3537536469375269       0.48908907351172265     
   3.3537659687935406       0.55896099479892347     
   3.3537799332338176       0.62883373748134086     
   3.3537955401346613       0.69870740419472110     
   3.3538127893578240       0.76858209756116802     
   3.3538316807505097       0.83845792018762744     
   3.3538522141453750       0.90833497466437252     
   3.3538743893605294       0.97821336356348776     
   3.3550926652359885        2.8658083182224070     
   3.3551606785668180        2.9357655937459657     
   3.3552303221238344        3.0057271635692686     
   3.3553015952897542        3.0756931290156082     
   3.3553744974328281        3.1456635913432764     
   3.3554490279068494        3.2156386517440643     
   3.3555251860511572        3.2856184113417579     
   3.3556029711906392        3.3556029711906392     
   3.3556823826357394        3.4255924322739846     
   3.3557634196824599        3.4955868955025626     
   3.3558460816123676        3.5655864617131408     
   3.3559303676925980        3.6355912316669814     
   3.3560162771758604        3.7056013060483459     
   3.3561038093004441        3.7756167854629994     
   3.3561929632902214        3.8456377704367122     
   3.3562837383546555        3.9156643614137647     
   3.3563761336888041        3.9856966587554550     
   3.3564701484733250        4.0557347627386005     
   3.3565657818744836        4.1257787735540523     
   3.3583153121298284        5.2473676752028569     
   3.3584383205340238        5.3175273408455386     
   3.3585629300933060        5.3876947003580113     
   3.3586891397016636        5.4578698520152038     
   3.3588169482388261        5.5280528939764020     
   3.3589463545702722        5.5982439242837865     
   3.3590773575472359        5.6684430408609607     
   3.3592099560067159        5.7386503415114740     
   3.3593441487714846        5.8088659239173586     
   3.3594799346500945        5.8790898856376659     
   3.3596173124368875        5.9493223241069888     
   3.3597562809120034        6.0195633366340058     
   3.3598968388413892        6.0898130204000180     
   3.4296898165646423       -5.9494619266937674     
   3.4295495969378642       -5.8792278804649092     
   3.4294110021473028       -5.8090023097597161     
   3.4292740334236509       -5.7387851171579465     
   3.4291386919830957       -5.6685762051149124     
   3.4290049790273098       -5.5983754759629543     
   3.4288728957434431       -5.5281828319128987     
   3.4287424433041154       -5.4579981750555309     
   3.4286136228674065       -5.3878214073630666     
   3.4284864355768478       -5.3176524306906217     
   3.4283608825614178       -5.2474911467776799     
   3.4265751604424510       -4.1258762135939717     
   3.4264775486969690       -4.0558305678453914     
   3.4263815890507598       -3.9857908280794554     
   3.4262872823548718       -3.9157568941198533     
   3.4261946294456607       -3.8457286657043133     
   3.4261036311447848       -3.7757060424860889     
   3.4260142882591968       -3.7056889240354578     
   3.4259266015811414       -3.6356772098412113     
   3.4258405718881471       -3.5656707993121528     
   3.4257561999430224       -3.4956695917785940     
   3.4256734864938507       -3.4256734864938507     
   3.4255924322739846       -3.3556823826357394     
   3.4255130380020402       -3.2856961793080792     
   3.4254353043818946       -3.2157147755421867     
   3.4253592321026782       -3.1457380702983775     
   3.4252848218387717       -3.0757659624674685     
   3.4252120742498020       -3.0057983508722752     
   3.4251409899806360       -2.9358351342691162     
   3.4250715696613772       -2.8658762113493155     
   3.4238280912602059      -0.97823659750291592     
   3.4238054573034411      -0.90835654989683134     
   3.4237844991314561      -0.83847783652198915     
   3.4237652169299184      -0.76860035482100209     
   3.4237476108696470      -0.69872400221829523     
   3.4237316811066112      -0.62884867612162243     
   3.4237174277819289      -0.55897427392358023     
   3.4237048510218662      -0.48910069300312370     
   3.4236939509378361      -0.41922783072708192     
   3.4236847276263980      -0.34935558445167325     
   3.4236771811692579      -0.27948385152402105     
   3.4236713116332660      -0.20961252928366933     
   3.4236671190704175      -0.13974151506409868     
   3.4236646035178522       -6.9870706194241891E-002
   3.4236637649978547        0.0000000000000000     
   3.4236646035178522        6.9870706194241891E-002
   3.4236671190704175       0.13974151506409868     
   3.4236713116332660       0.20961252928366933     
   3.4236771811692579       0.27948385152402105     
   3.4236847276263980       0.34935558445167325     
   3.4236939509378361       0.41922783072708192     
   3.4237048510218662       0.48910069300312370     
   3.4237174277819289       0.55897427392358023     
   3.4237316811066112       0.62884867612162243     
   3.4237476108696470       0.69872400221829523     
   3.4237652169299184       0.76860035482100209     
   3.4237844991314561       0.83847783652198915     
   3.4238054573034411       0.90835654989683134     
   3.4238280912602059       0.97823659750291592     
   3.4250715696613772        2.8658762113493155     
   3.4251409899806360        2.9358351342691162     
   3.4252120742498020        3.0057983508722752     
   3.4252848218387717        3.0757659624674685     
   3.4253592321026782        3.1457380702983775     
   3.4254353043818946        3.2157147755421867     
   3.4255130380020402        3.2856961793080792     
   3.4255924322739846        3.3556823826357394     
   3.4256734864938507        3.4256734864938507     
   3.4257561999430224        3.4956695917785940     
   3.4258405718881471        3.5656707993121528     
   3.4259266015811414        3.6356772098412113     
   3.4260142882591968        3.7056889240354578     
   3.4261036311447848        3.7757060424860889     
   3.4261946294456607        3.8457286657043133     
   3.4262872823548718        3.9157568941198533     
   3.4263815890507598        3.9857908280794554     
   3.4264775486969690        4.0558305678453914     
   3.4265751604424510        4.1258762135939717     
   3.4283608825614178        5.2474911467776799     
   3.4284864355768478        5.3176524306906217     
   3.4286136228674065        5.3878214073630666     
   3.4287424433041154        5.4579981750555309     
   3.4288728957434431        5.5281828319128987     
   3.4290049790273098        5.5983754759629543     
   3.4291386919830957        5.6685762051149124     
   3.4292740334236509        5.7387851171579465     
   3.4294110021473028        5.8090023097597161     
   3.4295495969378642        5.8792278804649092     
   3.4296898165646423        5.9494619266937674     
   3.4993430802895622       -5.7389226516748826     
   3.4992049970719403       -5.6687120952565433     
   3.4990685753266999       -5.5985097205227188     
   3.4989338162651351       -5.5283154296989139     
   3.4988007210837146       -5.4581291248905943     
   3.4986692909640706       -5.3879507080846682     
   3.4985395270729933       -5.3177800811509499     
   3.4984114305624212       -5.2476171458436323     
   3.4965895324393315       -4.1259756482784109     
   3.4964899432156620       -4.0559283341301677     
   3.4963920395591614       -3.9858869250974447     
   3.4962958223381890       -3.9158513210187720     
   3.4962012924061114       -3.8458214216467224     
   3.4961084506012976       -3.7757971266494010     
   3.4960172977471142       -3.7057783356119414     
   3.4959278346519196       -3.6357649480379961     
   3.4958400621090560       -3.5657568633512371     
   3.4957539808968479       -3.4957539808968479     
   3.4956695917785940       -3.4257561999430224     
   3.4955868955025626       -3.3557634196824599     
   3.4955058928019871       -3.2857755392338679     
   3.4954265843950605       -3.2157924576434556     
   3.4953489709849297       -3.1458140738864366     
   3.4952730532596923       -3.0758402868685293     
   3.4951988318923921       -3.0058709954274572     
   3.4951263075410122       -2.9359060983344500     
   3.4950554808484720       -2.8659454942957470     
   3.4937868109333912      -0.97826030706134948     
   3.4937637184353330      -0.90837856679318651     
   3.4937423356717097      -0.83849816056121029     
   3.4937226628319662      -0.76861898582303256     
   3.4937047000903956      -0.69874094001807907     
   3.4936884476061398      -0.62886392056910512     
   3.4936739055231869      -0.55898782488371002     
   3.4936610739703720      -0.48911255035585205     
   3.4936499530613734      -0.41923799436736475     
   3.4936405428947150      -0.34936405428947148     
   3.4936328435537649      -0.27949062748430120     
   3.4936268551067324      -0.20961761130640394     
   3.4936225776066712      -0.13974490310426688     
   3.4936200110914766       -6.9872400221829528E-002
   3.4936191555838851        0.0000000000000000     
   3.4936200110914766        6.9872400221829528E-002
   3.4936225776066712       0.13974490310426688     
   3.4936268551067324       0.20961761130640394     
   3.4936328435537649       0.27949062748430120     
   3.4936405428947150       0.34936405428947148     
   3.4936499530613734       0.41923799436736475     
   3.4936610739703720       0.48911255035585205     
   3.4936739055231869       0.55898782488371002     
   3.4936884476061398       0.62886392056910512     
   3.4937047000903956       0.69874094001807907     
   3.4937226628319662       0.76861898582303256     
   3.4937423356717097       0.83849816056121029     
   3.4937637184353330       0.90837856679318651     
   3.4937868109333912       0.97826030706134948     
   3.4950554808484720        2.8659454942957470     
   3.4951263075410122        2.9359060983344500     
   3.4951988318923921        3.0058709954274572     
   3.4952730532596923        3.0758402868685293     
   3.4953489709849297        3.1458140738864366     
   3.4954265843950605        3.2157924576434556     
   3.4955058928019871        3.2857755392338679     
   3.4955868955025626        3.3557634196824599     
   3.4956695917785940        3.4257561999430224     
   3.4957539808968479        3.4957539808968479     
   3.4958400621090560        3.5657568633512371     
   3.4959278346519196        3.6357649480379961     
   3.4960172977471142        3.7057783356119414     
   3.4961084506012976        3.7757971266494010     
   3.4962012924061114        3.8458214216467224     
   3.4962958223381890        3.9158513210187720     
   3.4963920395591614        3.9858869250974447     
   3.4964899432156620        4.0559283341301677     
   3.4965895324393315        4.1259756482784109     
   3.4984114305624212        5.2476171458436323     
   3.4985395270729933        5.3177800811509499     
   3.4986692909640706        5.3879507080846682     
   3.4988007210837146        5.4581291248905943     
   3.4989338162651351        5.5283154296989139     
   3.4990685753266999        5.5985097205227188     
   3.4992049970719403        5.6687120952565433     
   3.4993430802895622        5.7389226516748826     
   3.5689998100495623       -5.5284506861552050     
   3.5688640733096619       -5.4582627003559532     
   3.5687300346757440       -5.3880826013731822     
   3.5685976953378509       -5.3179102910916995     
   3.5684670564708778       -5.2477456712807031     
   3.5666089985250036       -4.1260770767250046     
   3.5665074327068589       -4.0560280607254473     
   3.5664075859087432       -3.9859849489568306     
   3.5663094590163205       -3.9159476412728225     
   3.5662130528999652       -3.8459160374411390     
   3.5661183684147550       -3.7758900371450346     
   3.5660254064004664       -3.7058695399847985     
   3.5659341676815672       -3.6358544454792456     
   3.5658446530672121       -3.5658446530672121     
   3.5657568633512371       -3.4958400621090560     
   3.5656707993121528       -3.4258405718881471     
   3.5655864617131408       -3.3558460816123676     
   3.5655038513020476       -3.2858564904156129     
   3.5654229688113803       -3.2158716973592845     
   3.5653438149582999       -3.1458916014337941     
   3.5652663904446174       -3.0759161015600625     
   3.5651906959567903       -3.0059450965910193     
   3.5651167321659152       -2.9359784853131066     
   3.5650444997277262       -2.8660161664477801     
   3.5649739992825880       -2.7960580386530101     
   3.5637506495340188      -0.97828449202894641     
   3.5637270986990490      -0.90840102515858123     
   3.5637052915330338      -0.83851889212541975     
   3.5636852282291938      -0.76863799040237524     
   3.5636669089652959      -0.69875821744417566     
   3.5636503339036536      -0.62887947068888006     
   3.5636355031911249      -0.55900164755939219     
   3.5636224169591126      -0.48912464546497625     
   3.5636110753235610      -0.41924836180277192     
   3.5636014783849581      -0.34937269395930964     
   3.5635936262283328      -0.27949753931202614     
   3.5635875189232542      -0.20962279523077965     
   3.5635831565238330      -0.13974835907936603     
   3.5635805390687203       -6.9874128217033746E-002
   3.5635796665811061        0.0000000000000000     
   3.5635805390687203        6.9874128217033746E-002
   3.5635831565238330       0.13974835907936603     
   3.5635875189232542       0.20962279523077965     
   3.5635936262283328       0.27949753931202614     
   3.5636014783849581       0.34937269395930964     
   3.5636110753235610       0.41924836180277192     
   3.5636224169591126       0.48912464546497625     
   3.5636355031911249       0.55900164755939219     
   3.5636503339036536       0.62887947068888006     
   3.5636669089652959       0.69875821744417566     
   3.5636852282291938       0.76863799040237524     
   3.5637052915330338       0.83851889212541975     
   3.5637270986990490       0.90840102515858123     
   3.5637506495340188       0.97828449202894641     
   3.5649739992825880        2.7960580386530101     
   3.5650444997277262        2.8660161664477801     
   3.5651167321659152        2.9359784853131066     
   3.5651906959567903        3.0059450965910193     
   3.5652663904446174        3.0759161015600625     
   3.5653438149582999        3.1458916014337941     
   3.5654229688113803        3.2158716973592845     
   3.5655038513020476        3.2858564904156129     
   3.5655864617131408        3.3558460816123676     
   3.5656707993121528        3.4258405718881471     
   3.5657568633512371        3.4958400621090560     
   3.5658446530672121        3.5658446530672121     
   3.5659341676815672        3.6358544454792456     
   3.5660254064004664        3.7058695399847985     
   3.5661183684147550        3.7758900371450346     
   3.5662130528999652        3.8459160374411390     
   3.5663094590163205        3.9159476412728225     
   3.5664075859087432        3.9859849489568306     
   3.5665074327068589        4.0560280607254473     
   3.5666089985250036        4.1260770767250046     
   3.5684670564708778        5.2477456712807031     
   3.5685976953378509        5.3179102910916995     
   3.5687300346757440        5.3880826013731822     
   3.5688640733096619        5.4582627003559532     
   3.5689998100495623        5.5284506861552050     
   3.6386610406114879       -5.3180430593552517     
   3.6385278605494960       -5.2478767219463878     
   3.6383964152159742       -5.1777179754996556     
   3.6365301177725677       -4.0561297467463255     
   3.6364283287187833       -3.9860848987878974     
   3.6363282930255174       -3.9160458540274803     
   3.6362300115801482       -3.8460125122482336     
   3.6361334852544585       -3.7759847731488603     
   3.6360387149046298       -3.7059625363451034     
   3.6359457013712380       -3.6359457013712380     
   3.6358544454792456       -3.5659341676815672     
   3.6357649480379961       -3.4959278346519196     
   3.6356772098412113       -3.4259266015811414     
   3.6355912316669814       -3.3559303676925980     
   3.6355070142777639       -3.2859390321356710     
   3.6354245584203757       -3.2159524939872552     
   3.6353438648259888       -3.1459706522532596     
   3.6352649342101264       -3.0759934058701068     
   3.6351877672726554       -3.0060206537062339     
   3.6351123646977848       -2.9360522945635954     
   3.6350387271540585       -2.8660882271791617     
   3.6349668552943526       -2.7961283502264247     
   3.6337197081404118      -0.97830915219164927     
   3.6336956991769767      -0.90842392479424416     
   3.6336734678015787      -0.83854003103113350     
   3.6336530142112133      -0.76865736839083354     
   3.6336343385871204      -0.69877583434367696     
   3.6336174410947852      -0.62889532634332823     
   3.6336023218839344      -0.55901574182829761     
   3.6335889810885380      -0.48913697822345703     
   3.6335774188268064      -0.41925893294155453     
   3.6335676352011896      -0.34938150338472973     
   3.6335596302983784      -0.27950458694602914     
   3.6335534041893016      -0.20962808101092123     
   3.6335489569291268      -0.13975188295881258     
   3.6335462885572594       -6.9875890164562693E-002
   3.6335453990973434        0.0000000000000000     
   3.6335462885572594        6.9875890164562693E-002
   3.6335489569291268       0.13975188295881258     
   3.6335534041893016       0.20962808101092123     
   3.6335596302983784       0.27950458694602914     
   3.6335676352011896       0.34938150338472973     
   3.6335774188268064       0.41925893294155453     
   3.6335889810885380       0.48913697822345703     
   3.6336023218839344       0.55901574182829761     
   3.6336174410947852       0.62889532634332823     
   3.6336343385871204       0.69877583434367696     
   3.6336530142112133       0.76865736839083354     
   3.6336734678015787       0.83854003103113350     
   3.6336956991769767       0.90842392479424416     
   3.6337197081404118       0.97830915219164927     
   3.6349668552943526        2.7961283502264247     
   3.6350387271540585        2.8660882271791617     
   3.6351123646977848        2.9360522945635954     
   3.6351877672726554        3.0060206537062339     
   3.6352649342101264        3.0759934058701068     
   3.6353438648259888        3.1459706522532596     
   3.6354245584203757        3.2159524939872552     
   3.6355070142777639        3.2859390321356710     
   3.6355912316669814        3.3559303676925980     
   3.6356772098412113        3.4259266015811414     
   3.6357649480379961        3.4959278346519196     
   3.6358544454792456        3.5659341676815672     
   3.6359457013712380        3.6359457013712380     
   3.6360387149046298        3.7059625363451034     
   3.6361334852544585        3.7759847731488603     
   3.6362300115801482        3.8460125122482336     
   3.6363282930255174        3.9160458540274803     
   3.6364283287187833        3.9860848987878974     
   3.6365301177725677        4.0561297467463255     
   3.6383964152159742        5.1777179754996556     
   3.6385278605494960        5.2478767219463878     
   3.6386610406114879        5.3180430593552517     
   3.7065580989378502       -4.0562333912904771     
   3.7064543685316100       -3.9861867737038073     
   3.7063524249250754       -3.9161459584114002     
   3.7062522690226234       -3.8461108452121566     
   3.7061539017127387       -3.7760813338205259     
   3.7060573238680057       -3.7060573238680057     
   3.7059625363451034       -3.6360387149046298     
   3.7058695399847985       -3.5660254064004664     
   3.7057783356119414       -3.4960172977471142     
   3.7056889240354578       -3.4260142882591968     
   3.7056013060483459       -3.3560162771758604     
   3.7055154824276704       -3.2860231636622736     
   3.7054314539345552       -3.2160348468111235     
   3.7053492213141803       -3.1460512256441153     
   3.7052687852957771       -3.0760721991134754     
   3.7051901465926211       -3.0060976661034471     
   3.7051133059020289       -2.9361275254317967     
   3.7050382639053532       -2.8661616758513113     
   3.7049650212679772       -2.7962000160513036     
   3.7036940877537794      -0.97833428733118699     
   3.7036696208743880      -0.90844726549749144     
   3.7036469654863784      -0.83856157709125545     
   3.7036261217905193      -0.76867711961690033     
   3.7036070899715243      -0.69879379056066493     
   3.7035898701980488      -0.62891148739212144     
   3.7035744626226879      -0.55903010756568872     
   3.7035608673819778      -0.48914954852214804     
   3.7035490845963945      -0.41926970769015787     
   3.7035391143703507      -0.34939048248776894     
   3.7035309567921981      -0.27951177032393948     
   3.7035246119342240      -0.20963346860005042     
   3.7035200798526531      -0.13975547471142089     
   3.7035173605876466       -6.9877686048823523E-002
   3.7035164541633003        0.0000000000000000     
   3.7035173605876466        6.9877686048823523E-002
   3.7035200798526531       0.13975547471142089     
   3.7035246119342240       0.20963346860005042     
   3.7035309567921981       0.27951177032393948     
   3.7035391143703507       0.34939048248776894     
   3.7035490845963945       0.41926970769015787     
   3.7035608673819778       0.48914954852214804     
   3.7035744626226879       0.55903010756568872     
   3.7035898701980488       0.62891148739212144     
   3.7036070899715243       0.69879379056066493     
   3.7036261217905193       0.76867711961690033     
   3.7036469654863784       0.83856157709125545     
   3.7036696208743880       0.90844726549749144     
   3.7036940877537794       0.97833428733118699     
   3.7049650212679772        2.7962000160513036     
   3.7050382639053532        2.8661616758513113     
   3.7051133059020289        2.9361275254317967     
   3.7051901465926211        3.0060976661034471     
   3.7052687852957771        3.0760721991134754     
   3.7053492213141803        3.1460512256441153     
   3.7054314539345552        3.2160348468111235     
   3.7055154824276704        3.2860231636622736     
   3.7056013060483459        3.3560162771758604     
   3.7056889240354578        3.4260142882591968     
   3.7057783356119414        3.4960172977471142     
   3.7058695399847985        3.5660254064004664     
   3.7059625363451034        3.6360387149046298     
   3.7060573238680057        3.7060573238680057     
   3.7061539017127387        3.7760813338205259     
   3.7062522690226234        3.8461108452121566     
   3.7063524249250754        3.9161459584114002     
   3.7064543685316100        3.9861867737038073     
   3.7065580989378502        4.0562333912904771     
   3.7765914766493274       -4.0563389934381666     
   3.7764858058111050       -3.9862905728006113     
   3.7763819551958364       -3.9162479535364230     
   3.7762799257248951       -3.8462110354605414     
   3.7761797183034638       -3.7761797183034638     
   3.7760813338205259       -3.7061539017127387     
   3.7759847731488603       -3.6361334852544585     
   3.7758900371450346       -3.5661183684147550     
   3.7757971266494010       -3.4961084506012976     
   3.7757060424860889       -3.4261036311447848     
   3.7756167854629994       -3.3561038093004441     
   3.7755293563718002       -3.2861088842495301     
   3.7754437559879208       -3.2161187551008221     
   3.7753599850705464       -3.1461333208921221     
   3.7752780443626124       -3.0761524805917584     
   3.7751979345907998       -3.0061761331000816     
   3.7751196564655314       -2.9362041772509690     
   3.7750432106809639       -2.8662365118133248     
   3.7749685979149867       -2.7962730354925829     
   3.7736738892967221      -0.97835989722507610     
   3.7736489647179443      -0.90847104706172743     
   3.7736258855178542      -0.83858353011507869     
   3.7736046519009938      -0.76869724390575811     
   3.7735852640555483      -0.69881208593621269     
   3.7735677221533424      -0.62892795369222376     
   3.7735520263498401      -0.55904474464442089     
   3.7735381767841440      -0.48916235624979648     
   3.7735261735789933      -0.41928068595322149     
   3.7735160168407638      -0.34939963118895961     
   3.7735077066594673      -0.27951908938218278     
   3.7735012431087500      -0.20963895795048612     
   3.7734966262458940      -0.13975913430540352     
   3.7734938561118141       -6.9879515853922491E-002
   3.7734929327310596        0.0000000000000000     
   3.7734938561118141        6.9879515853922491E-002
   3.7734966262458940       0.13975913430540352     
   3.7735012431087500       0.20963895795048612     
   3.7735077066594673       0.27951908938218278     
   3.7735160168407638       0.34939963118895961     
   3.7735261735789933       0.41928068595322149     
   3.7735381767841440       0.48916235624979648     
   3.7735520263498401       0.55904474464442089     
   3.7735677221533424       0.62892795369222376     
   3.7735852640555483       0.69881208593621269     
   3.7736046519009938       0.76869724390575811     
   3.7736258855178542       0.83858353011507869     
   3.7736489647179443       0.90847104706172743     
   3.7736738892967221       0.97835989722507610     
   3.7749685979149867        2.7962730354925829     
   3.7750432106809639        2.8662365118133248     
   3.7751196564655314        2.9362041772509690     
   3.7751979345907998        3.0061761331000816     
   3.7752780443626124        3.0761524805917584     
   3.7753599850705464        3.1461333208921221     
   3.7754437559879208        3.2161187551008221     
   3.7755293563718002        3.2861088842495301     
   3.7756167854629994        3.3561038093004441     
   3.7757060424860889        3.4261036311447848     
   3.7757971266494010        3.4961084506012976     
   3.7758900371450346        3.5661183684147550     
   3.7759847731488603        3.6361334852544585     
   3.7760813338205259        3.7061539017127387     
   3.7761797183034638        3.7761797183034638     
   3.7762799257248951        3.8462110354605414     
   3.7763819551958364        3.9162479535364230     
   3.7764858058111050        3.9862905728006113     
   3.7765914766493274        4.0563389934381666     
   3.8466303512736864       -4.0564465522522504     
   3.8465227409412077       -3.9863962951572520     
   3.8464169842386946       -3.9163518384975800     
   3.8463130821045142       -3.8463130821045142     
   3.8462110354605414       -3.7762799257248951     
   3.8461108452121566       -3.7062522690226234     
   3.8460125122482336       -3.6362300115801482     
   3.8459160374411390       -3.5662130528999652     
   3.8458214216467224       -3.4962012924061114     
   3.8457286657043133       -3.4261946294456607     
   3.8456377704367122       -3.3561929632902214     
   3.8455487366501884       -3.2861961931374335     
   3.8454615651344719       -3.2162042181124675     
   3.8453762566627496       -3.1462169372695223     
   3.8452928119916598       -3.0762342495933277     
   3.8452112318612852       -3.0062560540006409     
   3.8451315169951505       -2.9362822493417515     
   3.8450536681002165       -2.8663127344019794     
   3.8449776858668741       -2.7963474079031809     
   3.8449035709689410       -2.7263861685052491     
   3.8436592136117316      -0.97838598164662249     
   3.8436338315541971      -0.90849526927644664     
   3.8436103287463164      -0.83860588990828722     
   3.8435887053964048      -0.76871774107928104     
   3.8435689616961182      -0.69883072030838511     
   3.8435510978204501      -0.62894472509789179     
   3.8435351139277318      -0.55905965293494286     
   3.8435210101596318      -0.48917540129304399     
   3.8435087866411526      -0.41929186763358028     
   3.8434984434806330      -0.34940894940733019     
   3.8434899807697436      -0.27952654405598137     
   3.8434833985834906      -0.20964454901364493     
   3.8434786969802111      -0.13976286170837132     
   3.8434758760015755       -6.9881379563665011E-002
   3.8434749356725852        0.0000000000000000     
   3.8434758760015755        6.9881379563665011E-002
   3.8434786969802111       0.13976286170837132     
   3.8434833985834906       0.20964454901364493     
   3.8434899807697436       0.27952654405598137     
   3.8434984434806330       0.34940894940733019     
   3.8435087866411526       0.41929186763358028     
   3.8435210101596318       0.48917540129304399     
   3.8435351139277318       0.55905965293494286     
   3.8435510978204501       0.62894472509789179     
   3.8435689616961182       0.69883072030838511     
   3.8435887053964048       0.76871774107928104     
   3.8436103287463164       0.83860588990828722     
   3.8436338315541971       0.90849526927644664     
   3.8436592136117316       0.97838598164662249     
   3.8449035709689410        2.7263861685052491     
   3.8449776858668741        2.7963474079031809     
   3.8450536681002165        2.8663127344019794     
   3.8451315169951505        2.9362822493417515     
   3.8452112318612852        3.0062560540006409     
   3.8452928119916598        3.0762342495933277     
   3.8453762566627496        3.1462169372695223     
   3.8454615651344719        3.2162042181124675     
   3.8455487366501884        3.2861961931374335     
   3.8456377704367122        3.3561929632902214     
   3.8457286657043133        3.4261946294456607     
   3.8458214216467224        3.4962012924061114     
   3.8459160374411390        3.5662130528999652     
   3.8460125122482336        3.6362300115801482     
   3.8461108452121566        3.7062522690226234     
   3.8462110354605414        3.7762799257248951     
   3.8463130821045142        3.8463130821045142     
   3.8464169842386946        3.9163518384975800     
   3.8465227409412077        3.9863962951572520     
   3.8466303512736864        4.0564465522522504     
   3.9165652742244204       -3.9865039398355711     
   3.9164576123731010       -3.9164576123731010     
   3.9163518384975800       -3.8464169842386946     
   3.9162479535364230       -3.7763819551958364     
   3.9161459584114002       -3.7063524249250754     
   3.9160458540274803       -3.6363282930255174     
   3.9159476412728225       -3.5663094590163205     
   3.9158513210187720       -3.4962958223381890     
   3.9157568941198533       -3.4262872823548718     
   3.9156643614137647       -3.3562837383546555     
   3.9155737237213724       -3.2862850895518663     
   3.9154849818467046       -3.2162912350883648     
   3.9153981365769472       -3.1463020740350469     
   3.9153131886824362       -3.0763175053933427     
   3.9152301389166544       -3.0063374280967166     
   3.9151489880162265       -2.9363617410121701     
   3.9150697367009117       -2.8663903429417390     
   3.9149923856736013       -2.7964231326240010     
   3.9149169356203126       -2.7264600087355748     
   3.9136501614596906      -0.97841254036492264     
   3.9136243221480878      -0.90851993192723468     
   3.9136003959404646      -0.83862865627295669     
   3.9135783830489093      -0.76873861095603579     
   3.9135582836685470      -0.69884969351224047     
   3.9135400979775397      -0.62896180146067604     
   3.9135238261370864      -0.55907483230529809     
   3.9135094682914193      -0.48918868353642742     
   3.9134970245678056      -0.41930325263226487     
   3.9134864950765444      -0.34941843706040571     
   3.9134778799109671      -0.27953413427935481     
   3.9134711791474368      -0.20965024174004127     
   3.9134663928453479      -0.13976665688733386     
   3.9134635210471247       -6.9883277161555804E-002
   3.9134625637782219        0.0000000000000000     
   3.9134635210471247        6.9883277161555804E-002
   3.9134663928453479       0.13976665688733386     
   3.9134711791474368       0.20965024174004127     
   3.9134778799109671       0.27953413427935481     
   3.9134864950765444       0.34941843706040571     
   3.9134970245678056       0.41930325263226487     
   3.9135094682914193       0.48918868353642742     
   3.9135238261370864       0.55907483230529809     
   3.9135400979775397       0.62896180146067604     
   3.9135582836685470       0.69884969351224047     
   3.9135783830489093       0.76873861095603579     
   3.9136003959404646       0.83862865627295669     
   3.9136243221480878       0.90851993192723468     
   3.9136501614596906       0.97841254036492264     
   3.9149169356203126        2.7264600087355748     
   3.9149923856736013        2.7964231326240010     
   3.9150697367009117        2.8663903429417390     
   3.9151489880162265        2.9363617410121701     
   3.9152301389166544        3.0063374280967166     
   3.9153131886824362        3.0763175053933427     
   3.9153981365769472        3.1463020740350469     
   3.9154849818467046        3.2162912350883648     
   3.9155737237213724        3.2862850895518663     
   3.9156643614137647        3.3562837383546555     
   3.9157568941198533        3.4262872823548718     
   3.9158513210187720        3.4962958223381890     
   3.9159476412728225        3.5663094590163205     
   3.9160458540274803        3.6363282930255174     
   3.9161459584114002        3.7063524249250754     
   3.9162479535364230        3.7763819551958364     
   3.9163518384975800        3.8464169842386946     
   3.9164576123731010        3.9164576123731010     
   3.9165652742244204        3.9865039398355711     
   3.9866135058803160       -3.9866135058803160     
   3.9865039398355711       -3.9165652742244204     
   3.9863962951572520       -3.8465227409412077     
   3.9862905728006113       -3.7764858058111050     
   3.9861867737038073       -3.7064543685316100     
   3.9860848987878974       -3.6364283287187833     
   3.9859849489568306       -3.5664075859087432     
   3.9858869250974447       -3.4963920395591614     
   3.9857908280794554       -3.4263815890507598     
   3.9856966587554550       -3.3563761336888041     
   3.9856044179609031       -3.2863755727046042     
   3.9855141065141240       -3.2163798052570121     
   3.9854257252162970       -3.1463887304339182     
   3.9853392748514551       -3.0764022472537547     
   3.9852547561864773       -3.0064202546669914     
   3.9851721699710843       -2.9364426515576407     
   3.9850915169378323       -2.8664693367447565     
   3.9850127978021095       -2.7965002089839359     
   3.9849360132621294       -2.7265351669688251     
   3.9836205371814541      -0.90854503479577020     
   3.9835961877858934      -0.83865182900755642     
   3.9835737855475570      -0.76875985335128294     
   3.9835533306650399      -0.69886900537983154     
   3.9835348233196726      -0.62897918262942198     
   3.9835182636755189      -0.55909028262112548     
   3.9835036518793765      -0.48920220286237953     
   3.9834909880607743      -0.41931484084850251     
   3.9834802723319731      -0.34942809406420816     
   3.9834715047879645      -0.27954185998512032     
   3.9834646855064682      -0.20965603607928779     
   3.9834598145479347      -0.13977051980869948     
   3.9834568919555435       -6.9885208630799014E-002
   3.9834559177552009        0.0000000000000000     
   3.9834568919555435        6.9885208630799014E-002
   3.9834598145479347       0.13977051980869948     
   3.9834646855064682       0.20965603607928779     
   3.9834715047879645       0.27954185998512032     
   3.9834802723319731       0.34942809406420816     
   3.9834909880607743       0.41931484084850251     
   3.9835036518793765       0.48920220286237953     
   3.9835182636755189       0.55909028262112548     
   3.9835348233196726       0.62897918262942198     
   3.9835533306650399       0.69886900537983154     
   3.9835737855475570       0.76875985335128294     
   3.9835961877858934       0.83865182900755642     
   3.9836205371814541       0.90854503479577020     
   3.9849360132621294        2.7265351669688251     
   3.9850127978021095        2.7965002089839359     
   3.9850915169378323        2.8664693367447565     
   3.9851721699710843        2.9364426515576407     
   3.9852547561864773        3.0064202546669914     
   3.9853392748514551        3.0764022472537547     
   3.9854257252162970        3.1463887304339182     
   3.9855141065141240        3.2163798052570121     
   3.9856044179609031        3.2863755727046042     
   3.9856966587554550        3.3563761336888041     
   3.9857908280794554        3.4263815890507598     
   3.9858869250974447        3.4963920395591614     
   3.9859849489568306        3.5664075859087432     
   3.9860848987878974        3.6364283287187833     
   3.9861867737038073        3.7064543685316100     
   3.9862905728006113        3.7764858058111050     
   3.9863962951572520        3.8465227409412077     
   3.9865039398355711        3.9165652742244204     
   3.9866135058803160        3.9866135058803160     
   4.0564465522522504       -3.8466303512736864     
   4.0563389934381666       -3.7765914766493274     
   4.0562333912904771       -3.7065580989378502     
   4.0561297467463255       -3.6365301177725677     
   4.0560280607254473       -3.5665074327068589     
   4.0559283341301677       -3.4964899432156620     
   4.0558305678453914       -3.4264775486969690     
   4.0557347627386005       -3.3564701484733250     
   4.0556409196598464       -3.2864676417933238     
   4.0555490394417424       -3.2164699278331064     
   4.0554591228994612       -3.1464769056978583     
   4.0553711708307292       -3.0764884744233121     
   4.0552851840158164       -3.0065045329772437     
   4.0552011632175384       -2.9365249802609767     
   4.0551191091812449       -2.8665497151108807     
   4.0550390226348174       -2.7965786362998744     
   4.0549609042886647       -2.7266116425389297     
   4.0536225772515309      -0.90857057765982607     
   4.0535978048835917      -0.83867540790694994     
   4.0535750134967916      -0.76878146807697778     
   4.0535542032931957      -0.69888865574020609     
   4.0535353744572999      -0.62899686845027070     
   4.0535185271560348      -0.55910600374566000     
   4.0535036615387607      -0.48921595915122973     
   4.0534907777372693      -0.41932663217971755     
   4.0534798758657828      -0.34943792033325716     
   4.0534709560209512      -0.27954972110489323     
   4.0534640182818515      -0.20966193198009575     
   4.0534590627099893      -0.13977445043827552     
   4.0534560893492992       -6.9887173954298276E-002
   4.0534550982261406        0.0000000000000000     
   4.0534560893492992        6.9887173954298276E-002
   4.0534590627099893       0.13977445043827552     
   4.0534640182818515       0.20966193198009575     
   4.0534709560209512       0.27954972110489323     
   4.0534798758657828       0.34943792033325716     
   4.0534907777372693       0.41932663217971755     
   4.0535036615387607       0.48921595915122973     
   4.0535185271560348       0.55910600374566000     
   4.0535353744572999       0.62899686845027070     
   4.0535542032931957       0.69888865574020609     
   4.0535750134967916       0.76878146807697778     
   4.0535978048835917       0.83867540790694994     
   4.0536225772515309       0.90857057765982607     
   4.0549609042886647        2.7266116425389297     
   4.0550390226348174        2.7965786362998744     
   4.0551191091812449        2.8665497151108807     
   4.0552011632175384        2.9365249802609767     
   4.0552851840158164        3.0065045329772437     
   4.0553711708307292        3.0764884744233121     
   4.0554591228994612        3.1464769056978583     
   4.0555490394417424        3.2164699278331064     
   4.0556409196598464        3.2864676417933238     
   4.0557347627386005        3.3564701484733250     
   4.0558305678453914        3.4264775486969690     
   4.0559283341301677        3.4964899432156620     
   4.0560280607254473        3.5665074327068589     
   4.0561297467463255        3.6365301177725677     
   4.0562333912904771        3.7065580989378502     
   4.0563389934381666        3.7765914766493274     
   4.0564465522522504        3.8466303512736864     
   4.1260770767250046       -3.5666089985250036     
   4.1259756482784109       -3.4965895324393315     
   4.1258762135939717       -3.4265751604424510     
   4.1257787735540523       -3.3565657818744836     
   4.1256833290232926       -3.2865612960016062     
   4.1255898808485947       -3.2165616020175487     
   4.1254984298591193       -3.1465665990450908     
   4.1254089768662805       -3.0765761861375651     
   4.1253215226637412       -3.0065902622803535     
   4.1252360680274043       -2.9366087263923899     
   4.1251526137154126       -2.8666314773276595     
   4.1250711604681367       -2.7966584138767026     
   4.1249917090081762       -2.7266894347681170     
   4.1249142600403532       -2.6567244386700586     
   4.1236305428694600      -0.90859656029327085     
   4.1236053477484536      -0.83869939276239724     
   4.1235821674149609      -0.76880345494177238     
   4.1235610020745135      -0.69890864441940903     
   4.1235418519147746      -0.62901485876666052     
   4.1235247171055383      -0.55912199553973407     
   4.1235095977987291      -0.48922995228120519     
   4.1234964941284007      -0.41933862652153231     
   4.1234854062107349      -0.34944791578057072     
   4.1234763341440388      -0.27955771756908743     
   4.1234692780087494      -0.20966792939027537     
   4.1234642378674264      -0.13977844874126871     
   4.1234612137647577       -6.9889173114656922E-002
   4.1234602057275556        0.0000000000000000     
   4.1234612137647577        6.9889173114656922E-002
   4.1234642378674264       0.13977844874126871     
   4.1234692780087494       0.20966792939027537     
   4.1234763341440388       0.27955771756908743     
   4.1234854062107349       0.34944791578057072     
   4.1234964941284007       0.41933862652153231     
   4.1235095977987291       0.48922995228120519     
   4.1235247171055383       0.55912199553973407     
   4.1235418519147746       0.62901485876666052     
   4.1235610020745135       0.69890864441940903     
   4.1235821674149609       0.76880345494177238     
   4.1236053477484536       0.83869939276239724     
   4.1236305428694600       0.90859656029327085     
   4.1249142600403532        2.6567244386700586     
   4.1249917090081762        2.7266894347681170     
   4.1250711604681367        2.7966584138767026     
   4.1251526137154126        2.8666314773276595     
   4.1252360680274043        2.9366087263923899     
   4.1253215226637412        3.0065902622803535     
   4.1254089768662805        3.0765761861375651     
   4.1254984298591193        3.1465665990450908     
   4.1255898808485947        3.2165616020175487     
   4.1256833290232926        3.2865612960016062     
   4.1257787735540523        3.3565657818744836     
   4.1258762135939717        3.4265751604424510     
   4.1259756482784109        3.4965895324393315     
   4.1260770767250046        3.5666089985250036     
   4.1957317461688630       -3.2866565344989427     
   4.1956367308662381       -3.2166548269974489     
   4.1955437462404648       -3.1466578096803484     
   4.1954527931166448       -3.0766653816188723     
   4.1953638723018249       -3.0066774418163078     
   4.1952769845849982       -2.9366938892094989     
   4.1951921307370927       -2.8667146226703468     
   4.1951093115109677       -2.7967395410073119     
   4.1950285276414121       -2.7267685429669175     
   4.1949497798451336       -2.6568015272352516     
   4.1936445344587865      -0.90862298246607043     
   4.1936189168077780      -0.83872378336155562     
   4.1935953477328161      -0.76882581375101622     
   4.1935738274428971      -0.69892897124048281     
   4.1935543561288515      -0.62903315341932764     
   4.1935369339633368      -0.55913825786177818     
   4.1935215611008401      -0.48924418212843129     
   4.1935082376776762      -0.41935082376776761     
   4.1934969638119863      -0.34945808031766551     
   4.1934877396037376      -0.27956584930691586     
   4.1934805651347222      -0.20967402825673609     
   4.1934754404685552      -0.13978251468228520     
   4.1934723656506794       -6.9891206094177996E-002
   4.1934713407083581        0.0000000000000000     
   4.1934723656506794        6.9891206094177996E-002
   4.1934754404685552       0.13978251468228520     
   4.1934805651347222       0.20967402825673609     
   4.1934877396037376       0.27956584930691586     
   4.1934969638119863       0.34945808031766551     
   4.1935082376776762       0.41935082376776761     
   4.1935215611008401       0.48924418212843129     
   4.1935369339633368       0.55913825786177818     
   4.1935543561288515       0.62903315341932764     
   4.1935738274428971       0.69892897124048281     
   4.1935953477328161       0.76882581375101622     
   4.1936189168077780       0.83872378336155562     
   4.1936445344587865       0.90862298246607043     
   4.1949497798451336        2.6568015272352516     
   4.1950285276414121        2.7267685429669175     
   4.1951093115109677        2.7967395410073119     
   4.1951921307370927        2.8667146226703468     
   4.1952769845849982        2.9366938892094989     
   4.1953638723018249        3.0066774418163078     
   4.1954527931166448        3.0766653816188723     
   4.1955437462404648        3.1466578096803484     
   4.1956367308662381        3.2166548269974489     
   4.1957317461688630        3.2866565344989427     
   4.2653240129856496       -2.9367804679573326     
   4.2652377603540526       -2.8667991504019046     
   4.2651535758832173       -2.7968220169726012     
   4.2650714603201152       -2.7268489664341722     
   4.2649914143933412       -2.6568798974909340     
   4.2636646523539747      -0.90864984394428983     
   4.2636386123997783      -0.83874857948848114     
   4.2636146547920184      -0.76884854430675753     
   4.2635927797431590      -0.69894963602346871     
   4.2635729874471933      -0.62905175224630716     
   4.2635552780796422      -0.55915479056782202     
   4.2635396517975561      -0.48925864856693274     
   4.2635261087395104      -0.41936322381044366     
   4.2635146490256046      -0.34946841385455774     
   4.2635052727574632      -0.27957411624639111     
   4.2634979800182355      -0.20968022852548701     
   4.2634927708725927      -0.13978664822533093     
   4.2634896453667297       -6.9893272874864423E-002
   4.2634886035283621        0.0000000000000000     
   4.2634896453667297        6.9893272874864423E-002
   4.2634927708725927       0.13978664822533093     
   4.2634979800182355       0.20968022852548701     
   4.2635052727574632       0.27957411624639111     
   4.2635146490256046       0.34946841385455774     
   4.2635261087395104       0.41936322381044366     
   4.2635396517975561       0.48925864856693274     
   4.2635552780796422       0.55915479056782202     
   4.2635729874471933       0.62905175224630716     
   4.2635927797431590       0.69894963602346871     
   4.2636146547920184       0.76884854430675753     
   4.2636386123997783       0.83874857948848114     
   4.2636646523539747       0.90864984394428983     
   4.2649914143933412        2.6568798974909340     
   4.2650714603201152        2.7268489664341722     
   4.2651535758832173        2.7968220169726012     
   4.2652377603540526        2.8667991504019046     
   4.2653240129856496        2.9367804679573326     
   4.3336909967989117      -0.90867714449009451     
   4.3336645347720912      -0.83877378092363053     
   4.3336401888436553      -0.76887164640774530     
   4.3336179592295334      -0.69897063858540864     
   4.3335978461268834      -0.62907065508293469     
   4.3335798497140887      -0.55917159351149548     
   4.3335639701507613      -0.48927335146863432     
   4.3335502075777343      -0.41937582653978078     
   4.3335385621170692      -0.34947891629976363     
   4.3335290338720460      -0.27958251831432557     
   4.3335216229271705      -0.20968653014163730     
   4.3335163293481687      -0.13979084933381192     
   4.3335131531819888       -6.9895373438419187E-002
   4.3335120944567986        0.0000000000000000     
   4.3335131531819888        6.9895373438419187E-002
   4.3335163293481687       0.13979084933381192     
   4.3335216229271705       0.20968653014163730     
   4.3335290338720460       0.27958251831432557     
   4.3335385621170692       0.34947891629976363     
   4.3335502075777343       0.41937582653978078     
   4.3335639701507613       0.48927335146863432     
   4.3335798497140887       0.55917159351149548     
   4.3335978461268834       0.62907065508293469     
   4.3336179592295334       0.69897063858540864     
   4.3336401888436553       0.76887164640774530     
   4.3336645347720912       0.83877378092363053     
   4.3336909967989117       0.90867714449009451     
   4.4037236679454121      -0.90870488386175174     
   4.4036967840802772      -0.83879938744386229     
   4.4036720500467350      -0.76889511984942993     
   4.4036494660641790      -0.69899197874034580     
   4.4036290323329279      -0.62908986176184689     
   4.4036107490342307      -0.55918866654402932     
   4.4035946163302562      -0.48928829070336177     
   4.4035806343641006      -0.41938863184420000     
   4.4035688032597804      -0.34948958756030002     
   4.4035591231222355      -0.27959105543633239     
   4.4035515940373253      -0.20969293304939643     
   4.4035462160718319      -0.13979511797053434     
   4.4035429892734550       -6.9897507766245329E-002
   4.4035419136708160        0.0000000000000000     
   4.4035429892734550        6.9897507766245329E-002
   4.4035462160718319       0.13979511797053434     
   4.4035515940373253       0.20969293304939643     
   4.4035591231222355       0.27959105543633239     
   4.4035688032597804       0.34948958756030002     
   4.4035806343641006       0.41938863184420000     
   4.4035946163302562       0.48928829070336177     
   4.4036107490342307       0.55918866654402932     
   4.4036290323329279       0.62908986176184689     
   4.4036494660641790       0.69899197874034580     
   4.4036720500467350       0.76889511984942993     
   4.4036967840802772       0.83879938744386229     
   4.4037236679454121       0.90870488386175174     
   4.4737627658517320      -0.90873306181363300     
   4.4737354603863393      -0.83882539882243856     
   4.4737103384667058      -0.76891896442396501     
   4.4736874003156872      -0.69901365629932610     
   4.4736666461367678      -0.62910937211298290     
   4.4736480761140536      -0.55920600951425670     
   4.4736316904122768      -0.48930346613884274     
   4.4736174891767906      -0.41940163961032401     
   4.4736054725335697      -0.34950042754168509     
   4.4735956405892106      -0.27959972753682566     
   4.4735879934309279      -0.20969943719207473     
   4.4735825311265591      -0.13979945409770497     
   4.4735792537245551       -6.9899675839446174E-002
   4.4735781612539904        0.0000000000000000     
   4.4735792537245551        6.9899675839446174E-002
   4.4735825311265591       0.13979945409770497     
   4.4735879934309279       0.20969943719207473     
   4.4735956405892106       0.27959972753682566     
   4.4736054725335697       0.34950042754168509     
   4.4736174891767906       0.41940163961032401     
   4.4736316904122768       0.48930346613884274     
   4.4736480761140536       0.55920600951425670     
   4.4736666461367678       0.62910937211298290     
   4.4736874003156872       0.69901365629932610     
   4.4737103384667058       0.76891896442396501     
   4.4737354603863393       0.83882539882243856     
   4.4737627658517320       0.90873306181363300     
   4.5438083904810744      -0.90876167809621500     
   4.5437806636572242      -0.83885181482902604     
   4.5437551540739589      -0.76894317992020855     
   4.5437318619575979      -0.69903567107039966     
   4.5437107875147849      -0.62912918596358558     
   4.5436919309324884      -0.55922362226861400     
   4.5436752923779977      -0.48931887764070753     
   4.5436608719989264      -0.41941484972297788     
   4.5436486699232068      -0.34951143614793895     
   4.5436386862590892      -0.27960853453902090     
   4.5436309210951462      -0.20970604251208366     
   4.5436253745002650      -0.13980385767693126     
   4.5436220465236543       -6.9901877638825452E-002
   4.5436209371948362        0.0000000000000000     
   4.5436220465236543        6.9901877638825452E-002
   4.5436253745002650       0.13980385767693126     
   4.5436309210951462       0.20970604251208366     
   4.5436386862590892       0.27960853453902090     
   4.5436486699232068       0.34951143614793895     
   4.5436608719989264       0.41941484972297788     
   4.5436752923779977       0.48931887764070753     
   4.5436919309324884       0.55922362226861400     
   4.5437107875147849       0.62912918596358558     
   4.5437318619575979       0.69903567107039966     
   4.5437551540739589       0.76894317992020855     
   4.5437806636572242       0.83885181482902604     
   4.5438083904810744       0.90876167809621500     
   4.7599459180653243       -5.1099419414524805     
   4.7599459180653243        5.1099419414524805     
   4.8299357815514474       -5.0399329894449885     
   4.8297687890306715       -4.9697620872634447     
   4.8296040973398737       -4.8995983596201622     
   4.8296040973398737        4.8995983596201622     
   4.8297687890306715        4.9697620872634447     
   4.8299357815514474        5.0399329894449885     
   4.8999301125216190       -4.9699291141290702     
   4.8997630684834848       -4.8997630684834848     
   4.8995983596201622       -4.8296040973398737     
   4.8995983596201622        4.8296040973398737     
   4.8997630684834848        4.8997630684834848     
   4.8999301125216190        4.9699291141290702     
   4.9699291141290702       -4.8999301125216190     
   4.9697620872634447       -4.8297687890306715     
   4.9697620872634447        4.8297687890306715     
   4.9699291141290702        4.8999301125216190     
   5.0399329894449885       -4.8299357815514474     
   5.0399329894449885        4.8299357815514474     
   5.1099419414524805       -4.7599459180653243     
   5.1099419414524805        4.7599459180653243     
   5.1777179754996556       -3.6383964152159742     
   5.1777179754996556        3.6383964152159742     
   5.2478767219463878       -3.6385278605494960     
   5.2477456712807031       -3.5684670564708778     
   5.2476171458436323       -3.4984114305624212     
   5.2474911467776799       -3.4283608825614178     
   5.2473676752028569       -3.3583153121298284     
   5.2473676752028569        3.3583153121298284     
   5.2474911467776799        3.4283608825614178     
   5.2476171458436323        3.4984114305624212     
   5.2477456712807031        3.5684670564708778     
   5.2478767219463878        3.6385278605494960     
   5.3180430593552517       -3.6386610406114879     
   5.3179102910916995       -3.5685976953378509     
   5.3177800811509499       -3.4985395270729933     
   5.3176524306906217       -3.4284864355768478     
   5.3175273408455386       -3.3584383205340238     
   5.3174048127277240       -3.2883950815553029     
   5.3172848474263947       -3.2183566181791337     
   5.3171674460079474       -3.1483228298731265     
   5.3170526095159580       -3.0782936160355545     
   5.3170526095159580        3.0782936160355545     
   5.3171674460079474        3.1483228298731265     
   5.3172848474263947        3.2183566181791337     
   5.3174048127277240        3.2883950815553029     
   5.3175273408455386        3.3584383205340238     
   5.3176524306906217        3.4284864355768478     
   5.3177800811509499        3.4985395270729933     
   5.3179102910916995        3.5685976953378509     
   5.3180430593552517        3.6386610406114879     
   5.3880826013731822       -3.5687300346757440     
   5.3879507080846682       -3.4986692909640706     
   5.3878214073630666       -3.4286136228674065     
   5.3876947003580113       -3.3585629300933060     
   5.3875705881960414       -3.2885171122755059     
   5.3874490719805861       -3.2184760689754150     
   5.3873301527919617       -3.1484396996836144     
   5.3872138316873652       -3.0784079038213519     
   5.3871001097008611       -3.0083805807420392     
   5.3869889878433801       -2.9383576297327529     
   5.3868804671027091       -2.8683389500157288     
   5.3867745484434870       -2.7983244407498633     
   5.3866712328071937       -2.7283140010322153     
   5.3866712328071937        2.7283140010322153     
   5.3867745484434870        2.7983244407498633     
   5.3868804671027091        2.8683389500157288     
   5.3869889878433801        2.9383576297327529     
   5.3871001097008611        3.0083805807420392     
   5.3872138316873652        3.0784079038213519     
   5.3873301527919617        3.1484396996836144     
   5.3874490719805861        3.2184760689754150     
   5.3875705881960414        3.2885171122755059     
   5.3876947003580113        3.3585629300933060     
   5.3878214073630666        3.4286136228674065     
   5.3879507080846682        3.4986692909640706     
   5.3880826013731822        3.5687300346757440     
   5.4582627003559532       -3.5688640733096619     
   5.4581291248905943       -3.4988007210837146     
   5.4579981750555309       -3.4287424433041154     
   5.4578698520152038       -3.3586891397016636     
   5.4577441569106595       -3.2886407099333463     
   5.4576210908595408       -3.2185970535838320     
   5.4575006549560765       -3.1485580701669673     
   5.4573828502710793       -3.0785236591272755     
   5.4572676778519318       -3.0084937198414492     
   5.4571551387225847       -2.9384681516198534     
   5.4570452338835489       -2.8684468537080194     
   5.4569379643118845       -2.7984297252881456     
   5.4568333309611994       -2.7284166654805997     
   5.4567313347616393       -2.6584075733454142     
   5.4566319766198834       -2.5884023478837905     
   5.4565352574191355       -2.5184008880396012     
   5.4564411780191229       -2.4484030927008886     
   5.4563497392560834       -2.3784088607013696     
   5.4563497392560834        2.3784088607013696     
   5.4564411780191229        2.4484030927008886     
   5.4565352574191355        2.5184008880396012     
   5.4566319766198834        2.5884023478837905     
   5.4567313347616393        2.6584075733454142     
   5.4568333309611994        2.7284166654805997     
   5.4569379643118845        2.7984297252881456     
   5.4570452338835489        2.8684468537080194     
   5.4571551387225847        2.9384681516198534     
   5.4572676778519318        3.0084937198414492     
   5.4573828502710793        3.0785236591272755     
   5.4575006549560765        3.1485580701669673     
   5.4576210908595408        3.2185970535838320     
   5.4577441569106595        3.2886407099333463     
   5.4578698520152038        3.3586891397016636     
   5.4579981750555309        3.4287424433041154     
   5.4581291248905943        3.4988007210837146     
   5.4582627003559532        3.5688640733096619     
   5.5284506861552050       -3.5689998100495623     
   5.5283154296989139       -3.4989338162651351     
   5.5281828319128987       -3.4288728957434431     
   5.5280528939764020       -3.3588169482388261     
   5.5279256170449749       -3.2887658734318204     
   5.5278010022504658       -3.2187195709306509     
   5.5276790507010132       -3.1486779402727292     
   5.5275597634810412       -3.0786408809261494     
   5.5274431416512453       -3.0086082922911839     
   5.5273291862485943       -2.9385800737017838     
   5.5272178982863132       -2.8685561244270743     
   5.5271092787538860       -2.7985363436728536     
   5.5270033286170408       -2.7285206305830960     
   5.5269000488177467       -2.6585088842414479     
   5.5267994402742087       -2.5885010036727305     
   5.5267015038808589       -2.5184968878444418     
   5.5266062405083503       -2.4484964356682566     
   5.5265136510035537       -2.3784995460015295     
   5.5265136510035537        2.3784995460015295     
   5.5266062405083503        2.4484964356682566     
   5.5267015038808589        2.5184968878444418     
   5.5267994402742087        2.5885010036727305     
   5.5269000488177467        2.6585088842414479     
   5.5270033286170408        2.7285206305830960     
   5.5271092787538860        2.7985363436728536     
   5.5272178982863132        2.8685561244270743     
   5.5273291862485943        2.9385800737017838     
   5.5274431416512453        3.0086082922911839     
   5.5275597634810412        3.0786408809261494     
   5.5276790507010132        3.1486779402727292     
   5.5278010022504658        3.2187195709306509     
   5.5279256170449749        3.2887658734318204     
   5.5280528939764020        3.3588169482388261     
   5.5281828319128987        3.4288728957434431     
   5.5283154296989139        3.4989338162651351     
   5.5284506861552050        3.5689998100495623     
   5.5985097205227188       -3.4990685753266999     
   5.5983754759629543       -3.4290049790273098     
   5.5982439242837865       -3.3589463545702722     
   5.5981150666552670       -3.2888926016599696     
   5.5979889042234445       -3.2188436199284811     
   5.5978654381103636       -3.1487993089370794     
   5.5977446694140536       -3.0787595681777296     
   5.5976265992085210       -3.0087242970745800     
   5.5975112285437447       -2.9386933949854659     
   5.5973985584456658       -2.8686667612034040     
   5.5972885899161806       -2.7986442949580903     
   5.5971813239331381       -2.7286258954174047     
   5.5970767614503263       -2.6586114616889054     
   5.5969749033974709       -2.5886008928213307     
   5.5968757506802289       -2.5185940878061031     
   5.5967793041801777       -2.4485909455788279     
   5.5966855647548144       -2.3785913650207959     
   5.5965945332375462       -2.3085952449604883     
   5.5965945332375462        2.3085952449604883     
   5.5966855647548144        2.3785913650207959     
   5.5967793041801777        2.4485909455788279     
   5.5968757506802289        2.5185940878061031     
   5.5969749033974709        2.5886008928213307     
   5.5970767614503263        2.6586114616889054     
   5.5971813239331381        2.7286258954174047     
   5.5972885899161806        2.7986442949580903     
   5.5973985584456658        2.8686667612034040     
   5.5975112285437447        2.9386933949854659     
   5.5976265992085210        3.0087242970745800     
   5.5977446694140536        3.0787595681777296     
   5.5978654381103636        3.1487993089370794     
   5.5979889042234445        3.2188436199284811     
   5.5981150666552670        3.2888926016599696     
   5.5982439242837865        3.3589463545702722     
   5.5983754759629543        3.4290049790273098     
   5.5985097205227188        3.4990685753266999     
   5.6687120952565433       -3.4992049970719403     
   5.6685762051149124       -3.4291386919830957     
   5.6684430408609607       -3.3590773575472359     
   5.6683126036792295       -3.2890208934928862     
   5.6681848947299667       -3.2189691994762777     
   5.6680599151491169       -3.1489221750828427     
   5.6679376660483118       -3.0788797198287123     
   5.6678181485148622       -3.0088417331622104     
   5.6677013636117533       -2.9388081144653535     
   5.6675873123776368       -2.8687787630553472     
   5.6674759958268224       -2.7987535781860848     
   5.6673674149492692       -2.7287324590496480     
   5.6672615707105836       -2.6587153047778047     
   5.6671584640520081       -2.5887020144435100     
   5.6670580958904191       -2.5186924870624088     
   5.6669604671183169       -2.4486866215943346     
   5.6668655786038205       -2.3786843169448133     
   5.6667734311906619       -2.3086854719665659     
   5.6654410856206283      -0.76938088817070260     
   5.6654121602435588      -0.69943360003006894     
   5.6653859888888691      -0.62948733209876329     
   5.6653625717891831      -0.55954198239893171     
   5.6653419091526400      -0.48959744893911705     
   5.6653240011628974      -0.41965362971577014     
   5.6653088479791256      -0.34971042271476083     
   5.6652964497360108      -0.27976772591288945     
   5.6652868065437509      -0.20982543727939817     
   5.6652799184880580      -0.13988345477748293     
   5.6652757856301523       -6.9941676365804367E-002
   5.6652744080067690        0.0000000000000000     
   5.6652757856301523        6.9941676365804367E-002
   5.6652799184880580       0.13988345477748293     
   5.6652868065437509       0.20982543727939817     
   5.6652964497360108       0.27976772591288945     
   5.6653088479791256       0.34971042271476083     
   5.6653240011628974       0.41965362971577014     
   5.6653419091526400       0.48959744893911705     
   5.6653625717891831       0.55954198239893171     
   5.6653859888888691       0.62948733209876329     
   5.6654121602435588       0.69943360003006894     
   5.6654410856206283       0.76938088817070260     
   5.6667734311906619        2.3086854719665659     
   5.6668655786038205        2.3786843169448133     
   5.6669604671183169        2.4486866215943346     
   5.6670580958904191        2.5186924870624088     
   5.6671584640520081        2.5887020144435100     
   5.6672615707105836        2.6587153047778047     
   5.6673674149492692        2.7287324590496480     
   5.6674759958268224        2.7987535781860848     
   5.6675873123776368        2.8687787630553472     
   5.6677013636117533        2.9388081144653535     
   5.6678181485148622        3.0088417331622104     
   5.6679376660483118        3.0788797198287123     
   5.6680599151491169        3.1489221750828427     
   5.6681848947299667        3.2189691994762777     
   5.6683126036792295        3.2890208934928862     
   5.6684430408609607        3.3590773575472359     
   5.6685762051149124        3.4291386919830957     
   5.6687120952565433        3.4992049970719403     
   5.7389226516748826       -3.4993430802895622     
   5.7387851171579465       -3.4292740334236509     
   5.7386503415114740       -3.3592099560067159     
   5.7385183259344972       -3.2891507477917239     
   5.7383890716014561       -3.2190963084593536     
   5.7382625796621900       -3.1490465376194940     
   5.7381388512419269       -3.0790013348127414     
   5.7380178874412806       -3.0089605995118909     
   5.7378996893362393       -2.9389242311234391     
   5.7377842579781566       -2.8688921289890783     
   5.7376715943937517       -2.7988641923871955     
   5.7375616995850933       -2.7288403205343736     
   5.7374545745295995       -2.6588204125868877     
   5.7373502201800273       -2.5888043676422070     
   5.7372486374644680       -2.5187920847404981     
   5.7371498272863386       -2.4487834628661203     
   5.7370537905243797       -2.3787784009491326     
   5.7369605280326432       -2.3087767978667957     
   5.7356120595742963      -0.76941137384533242     
   5.7355827841646470      -0.69946131514203003     
   5.7355562961043285      -0.62951227640169449     
   5.7355325956288077      -0.55956415567110318     
   5.7355116829487729      -0.48961685098343177     
   5.7354935582501261      -0.41967026035976529     
   5.7354782216939864      -0.34972428181060894     
   5.7354656734166882      -0.27977881333739946     
   5.7354559135297762      -0.20983375293401618     
   5.7354489421200112      -0.13988899858829296     
   5.7354447592493631       -6.9944448283528818E-002
   5.7354433649550156        0.0000000000000000     
   5.7354447592493631        6.9944448283528818E-002
   5.7354489421200112       0.13988899858829296     
   5.7354559135297762       0.20983375293401618     
   5.7354656734166882       0.27977881333739946     
   5.7354782216939864       0.34972428181060894     
   5.7354935582501261       0.41967026035976529     
   5.7355116829487729       0.48961685098343177     
   5.7355325956288077       0.55956415567110318     
   5.7355562961043285       0.62951227640169449     
   5.7355827841646470       0.69946131514203003     
   5.7356120595742963       0.76941137384533242     
   5.7369605280326432        2.3087767978667957     
   5.7370537905243797        2.3787784009491326     
   5.7371498272863386        2.4487834628661203     
   5.7372486374644680        2.5187920847404981     
   5.7373502201800273        2.5888043676422070     
   5.7374545745295995        2.6588204125868877     
   5.7375616995850933        2.7288403205343736     
   5.7376715943937517        2.7988641923871955     
   5.7377842579781566        2.8688921289890783     
   5.7378996893362393        2.9389242311234391     
   5.7380178874412806        3.0089605995118909     
   5.7381388512419269        3.0790013348127414     
   5.7382625796621900        3.1490465376194940     
   5.7383890716014561        3.2190963084593536     
   5.7385183259344972        3.2891507477917239     
   5.7386503415114740        3.3592099560067159     
   5.7387851171579465        3.4292740334236509     
   5.7389226516748826        3.4993430802895622     
   5.8090023097597161       -3.4294110021473028     
   5.8088659239173586       -3.3593441487714846     
   5.8087323311171772       -3.2892821634037031     
   5.8086015325478000       -3.2192249457493833     
   5.8084735293729537       -3.1491723954431681     
   5.8083483227314625       -3.0791244120504144     
   5.8082259137372345       -3.0090808950686876     
   5.8081063034792546       -2.9390417439292618     
   5.8079894930215810       -2.8690068579986128     
   5.8078754834033326       -2.7989761365799191     
   5.8077642756386849       -2.7289494789145632     
   5.8076558707168644       -2.6589267841836248     
   5.8075502696021370       -2.5889079515093862     
   5.8074474732338057       -2.5188928799568315     
   5.8073474825262030       -2.4488814685351463     
   5.8072502983686833       -2.3788736161992197     
   5.8071559216256183       -2.3088692218511495     
   5.8057913422351266      -0.76944222607935420     
   5.8057617170523663      -0.69948936350028501     
   5.8057349125211779      -0.62953752063482649     
   5.8057109288798747      -0.55958659555468682     
   5.8056897663416889      -0.48963648631797380     
   5.8056714250947694      -0.41968709097070622     
   5.8056559053021823      -0.34973830754832425     
   5.8056432071019071      -0.27979003407720038     
   5.8056333306068382      -0.20984216857615079     
   5.8056262759047836      -0.13989460905794662     
   5.8056220430584631       -6.9947253530824857E-002
   5.8056206321055077        0.0000000000000000     
   5.8056220430584631        6.9947253530824857E-002
   5.8056262759047836       0.13989460905794662     
   5.8056333306068382       0.20984216857615079     
   5.8056432071019071       0.27979003407720038     
   5.8056559053021823       0.34973830754832425     
   5.8056714250947694       0.41968709097070622     
   5.8056897663416889       0.48963648631797380     
   5.8057109288798747       0.55958659555468682     
   5.8057349125211779       0.62953752063482649     
   5.8057617170523663       0.69948936350028501     
   5.8057913422351266       0.76944222607935420     
   5.8071559216256183        2.3088692218511495     
   5.8072502983686833        2.3788736161992197     
   5.8073474825262030        2.4488814685351463     
   5.8074474732338057        2.5188928799568315     
   5.8075502696021370        2.5889079515093862     
   5.8076558707168644        2.6589267841836248     
   5.8077642756386849        2.7289494789145632     
   5.8078754834033326        2.7989761365799191     
   5.8079894930215810        2.8690068579986128     
   5.8081063034792546        2.9390417439292618     
   5.8082259137372345        3.0090808950686876     
   5.8083483227314625        3.0791244120504144     
   5.8084735293729537        3.1491723954431681     
   5.8086015325478000        3.2192249457493833     
   5.8087323311171772        3.2892821634037031     
   5.8088659239173586        3.3593441487714846     
   5.8090023097597161        3.4294110021473028     
   5.8792278804649092       -3.4295495969378642     
   5.8790898856376659       -3.3594799346500945     
   5.8789547168003882       -3.2894151391621218     
   5.8788223751558863       -3.2193551102044142     
   5.8786928618817758       -3.1492997474366655     
   5.8785661781304661       -3.0792489504492919     
   5.8784423250291562       -3.0092026187649248     
   5.8783213036798259       -2.9391606518399129     
   5.8782031151592289       -2.8691229490658143     
   5.8780877605188842       -2.7990894097708972     
   5.8779752407850685       -2.7290599332216390     
   5.8778655569588096       -2.6590344186242239     
   5.8777587100158817       -2.5890127651260433     
   5.8776547009067954       -2.5189948718171982     
   5.8775535305567930       -2.4489806377319971     
   5.8774551998658406       -2.3789699618504589     
   5.8773597097086236       -2.3089627430998165     
   5.8772670609345417       -2.2389588803560163     
   5.8759790314856719      -0.76947344459931422     
   5.8759490567923836      -0.69951774485623608     
   5.8759219360279040      -0.62956306457441835     
   5.8758976694333915      -0.55960930185079927     
   5.8758762572246210      -0.48965635476871844     
   5.8758576995919878      -0.41970412139942770     
   5.8758419967005038      -0.34975249980360140     
   5.8758291486897951      -0.27980138803284743     
   5.8758191556741028      -0.20985068413121796     
   5.8758120177422830      -0.13990028613672104     
   5.8758077349578040       -6.9950092082830997E-002
   5.8758063073587463        0.0000000000000000     
   5.8758077349578040        6.9950092082830997E-002
   5.8758120177422830       0.13990028613672104     
   5.8758191556741028       0.20985068413121796     
   5.8758291486897951       0.27980138803284743     
   5.8758419967005038       0.34975249980360140     
   5.8758576995919878       0.41970412139942770     
   5.8758762572246210       0.48965635476871844     
   5.8758976694333915       0.55960930185079927     
   5.8759219360279040       0.62956306457441835     
   5.8759490567923836       0.69951774485623608     
   5.8759790314856719       0.76947344459931422     
   5.8772670609345417        2.2389588803560163     
   5.8773597097086236        2.3089627430998165     
   5.8774551998658406        2.3789699618504589     
   5.8775535305567930        2.4489806377319971     
   5.8776547009067954        2.5189948718171982     
   5.8777587100158817        2.5890127651260433     
   5.8778655569588096        2.6590344186242239     
   5.8779752407850685        2.7290599332216390     
   5.8780877605188842        2.7990894097708972     
   5.8782031151592289        2.8691229490658143     
   5.8783213036798259        2.9391606518399129     
   5.8784423250291562        3.0092026187649248     
   5.8785661781304661        3.0792489504492919     
   5.8786928618817758        3.1492997474366655     
   5.8788223751558863        3.2193551102044142     
   5.8789547168003882        3.2894151391621218     
   5.8790898856376659        3.3594799346500945     
   5.8792278804649092        3.4295495969378642     
   5.9494619266937674       -3.4296898165646423     
   5.9493223241069888       -3.3596173124368875     
   5.9491855804327827       -3.2895496738863619     
   5.9490516968881355       -3.2194868006688733     
   5.9489206746645413       -3.1494285924694632     
   5.9487925149279963       -3.0793749489039040     
   5.9486672188189837       -3.0093257695201916     
   5.9485447874524739       -2.9392809538000457     
   5.9484252219179119       -2.8692404011604045     
   5.9483085232792092       -2.7992040109549219     
   5.9481946925747424       -2.7291716824754699     
   5.9480837308173378       -2.6591433149536332     
   5.9479756389942704       -2.5891188075622114     
   5.9478704180672555       -2.5190980594167200     
   5.9477680689724410       -2.4490809695768876     
   5.9476685926204036       -2.3790674370481613     
   5.9475719898961374       -2.3090573607832061     
   5.9474782616590538       -2.2390506396834087     
   5.9461752250838407      -0.76950502912849705     
   5.9461449011457201      -0.69954645895831991     
   5.9461174643883448      -0.62958890799405998     
   5.9460929150557140      -0.55963227435818486     
   5.9460712533661493      -0.48967645615956523     
   5.9460524795122884      -0.41972135149498507     
   5.9460365936610895      -0.34976685845065225     
   5.9460235959538235      -0.27981287510370934     
   5.9460134865060796      -0.20985929952374396     
   5.9460062654077595      -0.13990602977430022     
   5.9460019327230809       -6.9952963914389196E-002
   5.9460004884905739        0.0000000000000000     
   5.9460019327230809        6.9952963914389196E-002
   5.9460062654077595       0.13990602977430022     
   5.9460134865060796       0.20985929952374396     
   5.9460235959538235       0.27981287510370934     
   5.9460365936610895       0.34976685845065225     
   5.9460524795122884       0.41972135149498507     
   5.9460712533661493       0.48967645615956523     
   5.9460929150557140       0.55963227435818486     
   5.9461174643883448       0.62958890799405998     
   5.9461449011457201       0.69954645895831991     
   5.9461752250838407       0.76950502912849705     
   5.9474782616590538        2.2390506396834087     
   5.9475719898961374        2.3090573607832061     
   5.9476685926204036        2.3790674370481613     
   5.9477680689724410        2.4490809695768876     
   5.9478704180672555        2.5190980594167200     
   5.9479756389942704        2.5891188075622114     
   5.9480837308173378        2.6591433149536332     
   5.9481946925747424        2.7291716824754699     
   5.9483085232792092        2.7992040109549219     
   5.9484252219179119        2.8692404011604045     
   5.9485447874524739        2.9392809538000457     
   5.9486672188189837        3.0093257695201916     
   5.9487925149279963        3.0793749489039040     
   5.9489206746645413        3.1494285924694632     
   5.9490516968881355        3.2194868006688733     
   5.9491855804327827        3.2895496738863619     
   5.9493223241069888        3.3596173124368875     
   5.9494619266937674        3.4296898165646423     
   6.0195633366340058       -3.3597562809120034     
   6.0194250193370884       -3.2896857663818975     
   6.0192895950810286       -3.2196200159735739     
   6.0191570650711963       -3.1495589293977191     
   6.0190274304871645       -3.0795024062957590     
   6.0189006924827000       -3.0094503462413500     
   6.0187768521857565       -2.9394026487418814     
   6.0186559106984658       -2.8693592132399668     
   6.0185378690971314       -2.7993199391149450     
   6.0184227284322205       -2.7292847256843791     
   6.0183104897283561       -2.6592534722055530     
   6.0182011539843101       -2.5892260778769707     
   6.0180947221729975       -2.5192024418398598     
   6.0179911952414695       -2.4491824631796684     
   6.0178905741109068       -2.3791660409275677     
   6.0177928596766099       -2.3091530740619555     
   6.0176980528080009       -2.2391434615099541     
   6.0163493477472825      -0.69957550555200954     
   6.0163215952402194      -0.62961505066467416     
   6.0162967633870830      -0.55965551287321713     
   6.0162748524087357      -0.48969679031233898     
   6.0162558625000599      -0.41973878110465535     
   6.0162397938299561      -0.34978138336220677     
   6.0162266465413436      -0.27982449518796948     
   6.0162164207511557      -0.20986801467736588     
   6.0162091165503417      -0.13991183991977543     
   6.0162047340038685       -6.9955869000044996E-002
   6.0162032731507127        0.0000000000000000     
   6.0162047340038685        6.9955869000044996E-002
   6.0162091165503417       0.13991183991977543     
   6.0162164207511557       0.20986801467736588     
   6.0162266465413436       0.27982449518796948     
   6.0162397938299561       0.34978138336220677     
   6.0162558625000599       0.41973878110465535     
   6.0162748524087357       0.48969679031233898     
   6.0162967633870830       0.55965551287321713     
   6.0163215952402194       0.62961505066467416     
   6.0163493477472825       0.69957550555200954     
   6.0176980528080009        2.2391434615099541     
   6.0177928596766099        2.3091530740619555     
   6.0178905741109068        2.3791660409275677     
   6.0179911952414695        2.4491824631796684     
   6.0180947221729975        2.5192024418398598     
   6.0182011539843101        2.5892260778769707     
   6.0183104897283561        2.6592534722055530     
   6.0184227284322205        2.7292847256843791     
   6.0185378690971314        2.7993199391149450     
   6.0186559106984658        2.8693592132399668     
   6.0187768521857565        2.9394026487418814     
   6.0189006924827000        3.0094503462413500     
   6.0190274304871645        3.0795024062957590     
   6.0191570650711963        3.1495589293977191     
   6.0192895950810286        3.2196200159735739     
   6.0194250193370884        3.2896857663818975     
   6.0195633366340058        3.3597562809120034     
   6.0898130204000180       -3.3598968388413892     
   6.0896731307086487       -3.2898234154403045     
   6.0895361669436561       -3.2197547549357264     
   6.0894021303242818       -3.1496907570642834     
   6.0892710220436701       -3.0796313214933506     
   6.0891428432688661       -3.0095763478225428     
   6.0890175951408034       -2.9395257355852151     
   6.0888952787742952       -2.8694793842499555     
   6.0887758952580322       -2.7994371932220834     
   6.0886594456545673       -2.7293990618451511     
   6.0885459310003167       -2.6593648894024375     
   6.0884353523055461       -2.5893345751184502     
   6.0883277105543652       -2.5193080181604270     
   6.0882230067047232       -2.4492851176398314     
   6.0881212416884019       -2.3792657726138584     
   6.0880224164110066       -2.3092498820869336     
   6.0879265317519611       -2.2392373450122158     
   6.0865624941044008      -0.69960488437981616     
   6.0865344260936736      -0.62964149235451794     
   6.0865093119401594      -0.55967901718989976     
   6.0864871518672619      -0.48971735704679115     
   6.0864679460721067      -0.41975641007393838     
   6.0864516947255387      -0.34979607440951371     
   6.0864383979721222      -0.27983624818262631     
   6.0864280559301349      -0.20987682951483222     
   6.0864206686915745      -0.13991771652164542     
   6.0864162363221537       -6.9958807314047744E-002
   6.0864147588612987        0.0000000000000000     
   6.0864162363221537        6.9958807314047744E-002
   6.0864206686915745       0.13991771652164542     
   6.0864280559301349       0.20987682951483222     
   6.0864383979721222       0.27983624818262631     
   6.0864516947255387       0.34979607440951371     
   6.0864679460721067       0.41975641007393838     
   6.0864871518672619       0.48971735704679115     
   6.0865093119401594       0.55967901718989976     
   6.0865344260936736       0.62964149235451794     
   6.0865624941044008       0.69960488437981616     
   6.0879265317519611        2.2392373450122158     
   6.0880224164110066        2.3092498820869336     
   6.0881212416884019        2.3792657726138584     
   6.0882230067047232        2.4492851176398314     
   6.0883277105543652        2.5193080181604270     
   6.0884353523055461        2.5893345751184502     
   6.0885459310003167        2.6593648894024375     
   6.0886594456545673        2.7293990618451511     
   6.0887758952580322        2.7994371932220834     
   6.0888952787742952        2.8694793842499555     
   6.0890175951408034        2.9395257355852151     
   6.0891428432688661        3.0095763478225428     
   6.0892710220436701        3.0796313214933506     
   6.0894021303242818        3.1496907570642834     
   6.0895361669436561        3.2197547549357264     
   6.0896731307086487        3.2898234154403045     
   6.0898130204000180        3.3598968388413892     
   6.1595233867043326       -3.0797616933521663     
   6.1593937682971571       -3.0097037731452017     
   6.1592671134498485       -2.9396502132374276     
   6.1591434232899003       -2.8696009131237035     
   6.1590226989183812       -2.7995557722356277     
   6.1589049414099311       -2.7295146899430374     
   6.1587901518127488       -2.6594775655555054     
   6.1586783311485922       -2.5894442983238397     
   6.1585694804127620       -2.5194147874415842     
   6.1584636005741027       -2.4493889320465181     
   6.1583606925749912       -2.3793666312221555     
   6.1582607573313330       -2.3093477839992502     
   6.1581637957325546       -2.2393322893572929     
   6.1580698086415957       -2.1693200462260167     
   6.1567844375953591      -0.69963459518129079     
   6.1567560543298017      -0.62966823282918427     
   6.1567306580985521      -0.55970278709986843     
   6.1567082491275569      -0.48973815618060107     
   6.1566888276161835      -0.41977423824655791     
   6.1566723937372192      -0.34981093146234193     
   6.1566589476368714      -0.27984813398349417     
   6.1566484894347662      -0.20988574395800336     
   6.1566410192239447      -0.13992365952781693     
   6.1566365370708684       -6.9961778830350790E-002
   6.1566350430154122        0.0000000000000000     
   6.1566365370708684        6.9961778830350790E-002
   6.1566410192239447       0.13992365952781693     
   6.1566484894347662       0.20988574395800336     
   6.1566589476368714       0.27984813398349417     
   6.1566723937372192       0.34981093146234193     
   6.1566888276161835       0.41977423824655791     
   6.1567082491275569       0.48973815618060107     
   6.1567306580985521       0.55970278709986843     
   6.1567560543298017       0.62966823282918427     
   6.1567844375953591       0.69963459518129079     
   6.1580698086415957        2.1693200462260167     
   6.1581637957325546        2.2393322893572929     
   6.1582607573313330        2.3093477839992502     
   6.1583606925749912        2.3793666312221555     
   6.1584636005741027        2.4493889320465181     
   6.1585694804127620        2.5194147874415842     
   6.1586783311485922        2.5894442983238397     
   6.1587901518127488        2.6594775655555054     
   6.1589049414099311        2.7295146899430374     
   6.1590226989183812        2.7995557722356277     
   6.1591434232899003        2.8696009131237035     
   6.1592671134498485        2.9396502132374276     
   6.1593937682971571        3.0097037731452017     
   6.1595233867043326        3.0797616933521663     
   6.2291593127360807       -2.7296316089517654     
   6.2290432492147971       -2.6595914996647450     
   6.2289301875736722       -2.5895552465193914     
   6.2288201288191969       -2.5195227487358549     
   6.2287130739311056       -2.4494939054785245     
   6.2286090238623668       -2.3794686158575331     
   6.2285079795391818       -2.3094467789302584     
   6.2284099418609751       -2.2394282937028227     
   6.2283149117003873       -2.1694130591315952     
   6.2270152754679344      -0.69966463769302623     
   6.2269865771991890      -0.62969527185160334     
   6.2269608991153618      -0.55972682239239202     
   6.2269382414449392      -0.48975918752937719     
   6.2269186043895290      -0.41979226546446258     
   6.2269019881238625      -0.34982595438898101     
   6.2268883927957903      -0.27986015248520407     
   6.2268778185262814      -0.20989475792785217     
   6.2268702654094259      -0.13992966888560507     
   6.2268657335124296       -6.9964783522611568E-002
   6.2268642228756166        0.0000000000000000     
   6.2268657335124296        6.9964783522611568E-002
   6.2268702654094259       0.13992966888560507     
   6.2268778185262814       0.20989475792785217     
   6.2268883927957903       0.27986015248520407     
   6.2269019881238625       0.34982595438898101     
   6.2269186043895290       0.41979226546446258     
   6.2269382414449392       0.48975918752937719     
   6.2269608991153618       0.55972682239239202     
   6.2269865771991890       0.62969527185160334     
   6.2270152754679344       0.69966463769302623     
   6.2283149117003873        2.1694130591315952     
   6.2284099418609751        2.2394282937028227     
   6.2285079795391818        2.3094467789302584     
   6.2286090238623668        2.3794686158575331     
   6.2287130739311056        2.4494939054785245     
   6.2288201288191969        2.5195227487358549     
   6.2289301875736722        2.5895552465193914     
   6.2290432492147971        2.6595914996647450     
   6.2291593127360807        2.7296316089517654     
   6.2988663325103467       -2.3795717256150200     
   6.2987641800042642       -2.3095468660015639     
   6.2986650671165334       -2.2395253571969902     
   6.2985689947294921       -2.1695070981846030     
   6.2972551048379311      -0.69969501164865899     
   6.2972260918204483      -0.62972260918204481     
   6.2972001321117128      -0.55975112285437456     
   6.2971772259427494      -0.48978045090665834     
   6.2971573735174076      -0.41981049156782718     
   6.2971405750123584      -0.34984114305624214     
   6.2971268305770955      -0.27987230358120430     
   6.2971161403339346      -0.20990387134446448     
   6.2971085043780084      -0.13993574454173355     
   6.2971039227772714       -6.9967821364191912E-002
   6.2971023955724954        0.0000000000000000     
   6.2971039227772714        6.9967821364191912E-002
   6.2971085043780084       0.13993574454173355     
   6.2971161403339346       0.20990387134446448     
   6.2971268305770955       0.27987230358120430     
   6.2971405750123584       0.34984114305624214     
   6.2971573735174076       0.41981049156782718     
   6.2971772259427494       0.48978045090665834     
   6.2972001321117128       0.55975112285437456     
   6.2972260918204483       0.62972260918204481     
   6.2972551048379311       0.69969501164865899     
   6.2985689947294921        2.1695070981846030     
   6.2986650671165334        2.2395253571969902     
   6.2987641800042642        2.3095468660015639     
   6.2988663325103467        2.3795717256150200     
   6.3675040226877258      -0.69972571677887097     
   6.3674746951787622      -0.62975024457811934     
   6.3674484540752987      -0.55977568827035595     
   6.3674252996108969      -0.48980194612391514     
   6.3674052319916461      -0.41982891639505360     
   6.3673882513961590      -0.34985649732945923     
   6.3673743579755708      -0.27988458716376136     
   6.3673635518535407      -0.20991308412703980     
   6.3673558331262470      -0.13994188644233510     
   6.3673512018623910       -6.9970892328158146E-002
   6.3673496581031923        0.0000000000000000     
   6.3673512018623910        6.9970892328158146E-002
   6.3673558331262470       0.13994188644233510     
   6.3673635518535407       0.20991308412703980     
   6.3673743579755708       0.27988458716376136     
   6.3673882513961590       0.34985649732945923     
   6.3674052319916461       0.41982891639505360     
   6.3674252996108969       0.48980194612391514     
   6.3674484540752987       0.55977568827035595     
   6.3674746951787622       0.62975024457811934     
   6.3675040226877258       0.69972571677887097     
   6.4377621258648006      -0.69975675281139127     
   6.4377324841244175      -0.62977817779477996     
   6.4377059618589145      -0.55980051842251433     
   6.4376825593043909      -0.48982367299055141     
   6.4376622766691733      -0.41984753978277212     
   6.4376451141338151      -0.34987201707248988     
   6.4376310718510945      -0.27989700312396065     
   6.4376201499460119      -0.20992239619389166     
   6.4376123485157928      -0.13994809453295201     
   6.4376076676298819       -6.9973996387281329E-002
   6.4376061073299491        0.0000000000000000     
   6.4376076676298819        6.9973996387281329E-002
   6.4376123485157928       0.13994809453295201     
   6.4376201499460119       0.20992239619389166     
   6.4376310718510945       0.27989700312396065     
   6.4376451141338151       0.34987201707248988     
   6.4376622766691733       0.41984753978277212     
   6.4376825593043909       0.48982367299055141     
   6.4377059618589145       0.55980051842251433     
   6.4377324841244175       0.62977817779477996     
   6.4377621258648006       0.69975675281139127     
