  -6.4381692251963214       -1.3296219052035880     
  -6.4381115233880450       -1.2596305154454870     
  -6.4380569376803116       -1.1896409558757097     
  -6.4380054685590791       -1.1196531249667963     
  -6.4379571164825533       -1.0496669211656335     
  -6.4379118818811865      -0.97968224289496308     
  -6.4378697651576751      -0.90969898855488884     
  -6.4378307666869530      -0.83971705652438511     
  -6.4377948868161923      -0.76973634516280554     
  -6.4377621258648006      -0.69975675281139127     
  -6.4377324841244175      -0.62977817779477996     
  -6.4377059618589145      -0.55980051842251433     
  -6.4376825593043909      -0.48982367299055141     
  -6.4376622766691733      -0.41984753978277212     
  -6.4376451141338151      -0.34987201707248988     
  -6.4376310718510945      -0.27989700312396065     
  -6.4376201499460119      -0.20992239619389166     
  -6.4376123485157928      -0.13994809453295201     
  -6.4376076676298819       -6.9973996387281329E-002
  -6.4376061073299491        0.0000000000000000     
  -6.4376076676298819        6.9973996387281329E-002
  -6.4376123485157928       0.13994809453295201     
  -6.4376201499460119       0.20992239619389166     
  -6.4376310718510945       0.27989700312396065     
  -6.4376451141338151       0.34987201707248988     
  -6.4376622766691733       0.41984753978277212     
  -6.4376825593043909       0.48982367299055141     
  -6.4377059618589145       0.55980051842251433     
  -6.4377324841244175       0.62977817779477996     
  -6.4377621258648006       0.69975675281139127     
  -6.4377948868161923       0.76973634516280554     
  -6.4378307666869530       0.83971705652438511     
  -6.4378697651576751       0.90969898855488884     
  -6.4379118818811865       0.97968224289496308     
  -6.4379571164825533        1.0496669211656335     
  -6.4380054685590791        1.1196531249667963     
  -6.4380569376803116        1.1896409558757097     
  -6.4381115233880450        1.2596305154454870     
  -6.4381692251963214        1.3296219052035880     
  -6.3684744509895008       -1.8895473645793022     
  -6.3683927169339798       -1.8195407762668512     
  -6.3683140611121170       -1.7495368299758562     
  -6.3682384842241397       -1.6795354244107619     
  -6.3681659869428513       -1.6095364582383032     
  -6.3680965699136305       -1.5395398300890095     
  -6.3680302337544266       -1.4695454385587137     
  -6.3679669790557512       -1.3995531822100551     
  -6.3679068063806801       -1.3295629595739882     
  -6.3678497162648453       -1.2595746691512881     
  -6.3677957092164323       -1.1895882094140589     
  -6.3677447857161775       -1.1196034788072402     
  -6.3676969462173645       -1.0496203757501150     
  -6.3676521911458179      -0.97963879863781811     
  -6.3676105208999081      -0.90965864584284395     
  -6.3675719358505392      -0.83967981571655459     
  -6.3675364363411537      -0.76970220659068889     
  -6.3675040226877258      -0.69972571677887097     
  -6.3674746951787622      -0.62975024457811934     
  -6.3674484540752987      -0.55977568827035595     
  -6.3674252996108969      -0.48980194612391514     
  -6.3674052319916461      -0.41982891639505360     
  -6.3673882513961590      -0.34985649732945923     
  -6.3673743579755708      -0.27988458716376136     
  -6.3673635518535407      -0.20991308412703980     
  -6.3673558331262470      -0.13994188644233510     
  -6.3673512018623910       -6.9970892328158146E-002
  -6.3673496581031923        0.0000000000000000     
  -6.3673512018623910        6.9970892328158146E-002
  -6.3673558331262470       0.13994188644233510     
  -6.3673635518535407       0.20991308412703980     
  -6.3673743579755708       0.27988458716376136     
  -6.3673882513961590       0.34985649732945923     
  -6.3674052319916461       0.41982891639505360     
  -6.3674252996108969       0.48980194612391514     
  -6.3674484540752987       0.55977568827035595     
  -6.3674746951787622       0.62975024457811934     
  -6.3675040226877258       0.69972571677887097     
  -6.3675364363411537       0.76970220659068889     
  -6.3675719358505392       0.83967981571655459     
  -6.3676105208999081       0.90965864584284395     
  -6.3676521911458179       0.97963879863781811     
  -6.3676969462173645        1.0496203757501150     
  -6.3677447857161775        1.1196034788072402     
  -6.3677957092164323        1.1895882094140589     
  -6.3678497162648453        1.2595746691512881     
  -6.3679068063806801        1.3295629595739882     
  -6.3679669790557512        1.3995531822100551     
  -6.3680302337544266        1.4695454385587137     
  -6.3680965699136305        1.5395398300890095     
  -6.3681659869428513        1.6095364582383032     
  -6.3682384842241397        1.6795354244107619     
  -6.3683140611121170        1.7495368299758562     
  -6.3683927169339798        1.8195407762668512     
  -6.3684744509895008        1.8895473645793022     
  -6.2988663325103467       -2.3795717256150200     
  -6.2987641800042642       -2.3095468660015639     
  -6.2986650671165334       -2.2395253571969902     
  -6.2985689947294921       -2.1695070981846030     
  -6.2984759636983911       -2.0994919878994640     
  -6.2983859748513895       -2.0294799252298921     
  -6.2982990289895504       -1.9594708090189712     
  -6.2982151268868307       -1.8894645380660493     
  -6.2981342692900810       -1.8194610111282459     
  -6.2980564569190367       -1.7494601269219547     
  -6.2979816904663153       -1.6794617841243507     
  -6.2979099705974093       -1.6094658813748937     
  -6.2978412979506864       -1.5394723172768345     
  -6.2977756731373775       -1.4694809903987216     
  -6.2977130967415818       -1.3994917992759071     
  -6.2976535693202536       -1.3295046424120538     
  -6.2975970914032056       -1.2595194182806411     
  -6.2975436634931006       -1.1895360253264746     
  -6.2974932860654516       -1.1195543619671915     
  -6.2974459595686145       -1.0495743265947692     
  -6.2974016844237912      -0.97959581757703418     
  -6.2973604610250185      -0.90961873325916931     
  -6.2973222897391725      -0.83964297196522297     
  -6.2972871709059630      -0.76966843199961776     
  -6.2972551048379311      -0.69969501164865899     
  -6.2972260918204483      -0.62972260918204481     
  -6.2972001321117128      -0.55975112285437456     
  -6.2971772259427494      -0.48978045090665834     
  -6.2971573735174076      -0.41981049156782718     
  -6.2971405750123584      -0.34984114305624214     
  -6.2971268305770955      -0.27987230358120430     
  -6.2971161403339346      -0.20990387134446448     
  -6.2971085043780084      -0.13993574454173355     
  -6.2971039227772714       -6.9967821364191912E-002
  -6.2971023955724954        0.0000000000000000     
  -6.2971039227772714        6.9967821364191912E-002
  -6.2971085043780084       0.13993574454173355     
  -6.2971161403339346       0.20990387134446448     
  -6.2971268305770955       0.27987230358120430     
  -6.2971405750123584       0.34984114305624214     
  -6.2971573735174076       0.41981049156782718     
  -6.2971772259427494       0.48978045090665834     
  -6.2972001321117128       0.55975112285437456     
  -6.2972260918204483       0.62972260918204481     
  -6.2972551048379311       0.69969501164865899     
  -6.2972871709059630       0.76966843199961776     
  -6.2973222897391725       0.83964297196522297     
  -6.2973604610250185       0.90961873325916931     
  -6.2974016844237912       0.97959581757703418     
  -6.2974459595686145        1.0495743265947692     
  -6.2974932860654516        1.1195543619671915     
  -6.2975436634931006        1.1895360253264746     
  -6.2975970914032056        1.2595194182806411     
  -6.2976535693202536        1.3295046424120538     
  -6.2977130967415818        1.3994917992759071     
  -6.2977756731373775        1.4694809903987216     
  -6.2978412979506864        1.5394723172768345     
  -6.2979099705974093        1.6094658813748937     
  -6.2979816904663153        1.6794617841243507     
  -6.2980564569190367        1.7494601269219547     
  -6.2981342692900810        1.8194610111282459     
  -6.2982151268868307        1.8894645380660493     
  -6.2982990289895504        1.9594708090189712     
  -6.2983859748513895        2.0294799252298921     
  -6.2984759636983911        2.0994919878994640     
  -6.2985689947294921        2.1695070981846030     
  -6.2986650671165334        2.2395253571969902     
  -6.2987641800042642        2.3095468660015639     
  -6.2988663325103467        2.3795717256150200     
  -6.2291593127360807       -2.7296316089517654     
  -6.2290432492147971       -2.6595914996647450     
  -6.2289301875736722       -2.5895552465193914     
  -6.2288201288191969       -2.5195227487358549     
  -6.2287130739311056       -2.4494939054785245     
  -6.2286090238623668       -2.3794686158575331     
  -6.2285079795391818       -2.3094467789302584     
  -6.2284099418609751       -2.2394282937028227     
  -6.2283149117003873       -2.1694130591315952     
  -6.2282228899032708       -2.0994009741246979     
  -6.2281338772886849       -2.0293919375435037     
  -6.2280478746488868       -1.9593858482041442     
  -6.2279648827493306       -1.8893826048790101     
  -6.2278849023286567       -1.8193821062982591     
  -6.2278079340986912       -1.7493842511513178     
  -6.2277339787444417       -1.6793889380883886     
  -6.2276630369240857       -1.6093960657219548     
  -6.2275951092689752       -1.5394055326282861     
  -6.2275301963836256       -1.4694172373489451     
  -6.2274682988457135       -1.3994310783922950     
  -6.2274094172060748       -1.3294469542350047     
  -6.2273535519886991       -1.2594647633235569     
  -6.2273007036907249       -1.1894844040757562     
  -6.2272508727824381       -1.1195057748822361     
  -6.2272040597072698       -1.0495287741079669     
  -6.2271602648817899      -0.97955330009376462     
  -6.2271194886957071      -0.90957925115779992     
  -6.2270817315118645      -0.83960652559710525     
  -6.2270469936662378      -0.76963502168908560     
  -6.2270152754679344      -0.69966463769302623     
  -6.2269865771991890      -0.62969527185160334     
  -6.2269608991153618      -0.55972682239239202     
  -6.2269382414449392      -0.48975918752937719     
  -6.2269186043895290      -0.41979226546446258     
  -6.2269019881238625      -0.34982595438898101     
  -6.2268883927957903      -0.27986015248520407     
  -6.2268778185262814      -0.20989475792785217     
  -6.2268702654094259      -0.13992966888560507     
  -6.2268657335124296       -6.9964783522611568E-002
  -6.2268642228756166        0.0000000000000000     
  -6.2268657335124296        6.9964783522611568E-002
  -6.2268702654094259       0.13992966888560507     
  -6.2268778185262814       0.20989475792785217     
  -6.2268883927957903       0.27986015248520407     
  -6.2269019881238625       0.34982595438898101     
  -6.2269186043895290       0.41979226546446258     
  -6.2269382414449392       0.48975918752937719     
  -6.2269608991153618       0.55972682239239202     
  -6.2269865771991890       0.62969527185160334     
  -6.2270152754679344       0.69966463769302623     
  -6.2270469936662378       0.76963502168908560     
  -6.2270817315118645       0.83960652559710525     
  -6.2271194886957071       0.90957925115779992     
  -6.2271602648817899       0.97955330009376462     
  -6.2272040597072698        1.0495287741079669     
  -6.2272508727824381        1.1195057748822361     
  -6.2273007036907249        1.1894844040757562     
  -6.2273535519886991        1.2594647633235569     
  -6.2274094172060748        1.3294469542350047     
  -6.2274682988457135        1.3994310783922950     
  -6.2275301963836256        1.4694172373489451     
  -6.2275951092689752        1.5394055326282861     
  -6.2276630369240857        1.6093960657219548     
  -6.2277339787444417        1.6793889380883886     
  -6.2278079340986912        1.7493842511513178     
  -6.2278849023286567        1.8193821062982591     
  -6.2279648827493306        1.8893826048790101     
  -6.2280478746488868        1.9593858482041442     
  -6.2281338772886849        2.0293919375435037     
  -6.2282228899032708        2.0994009741246979     
  -6.2283149117003873        2.1694130591315952     
  -6.2284099418609751        2.2394282937028227     
  -6.2285079795391818        2.3094467789302584     
  -6.2286090238623668        2.3794686158575331     
  -6.2287130739311056        2.4494939054785245     
  -6.2288201288191969        2.5195227487358549     
  -6.2289301875736722        2.5895552465193914     
  -6.2290432492147971        2.6595914996647450     
  -6.2291593127360807        2.7296316089517654     
  -6.1595233867043326       -3.0797616933521663     
  -6.1593937682971571       -3.0097037731452017     
  -6.1592671134498485       -2.9396502132374276     
  -6.1591434232899003       -2.8696009131237035     
  -6.1590226989183812       -2.7995557722356277     
  -6.1589049414099311       -2.7295146899430374     
  -6.1587901518127488       -2.6594775655555054     
  -6.1586783311485922       -2.5894442983238397     
  -6.1585694804127620       -2.5194147874415842     
  -6.1584636005741027       -2.4493889320465181     
  -6.1583606925749912       -2.3793666312221555     
  -6.1582607573313330       -2.3093477839992502     
  -6.1581637957325546       -2.2393322893572929     
  -6.1580698086415957       -2.1693200462260167     
  -6.1579787968949082       -2.0993109534869006     
  -6.1578907613024443       -2.0293049099746692     
  -6.1578057026476571       -1.9593018144787999     
  -6.1577236216874898       -1.8893015657450252     
  -6.1576445191523730       -1.8193040624768375     
  -6.1575683957462219       -1.7493092033369948     
  -6.1574952521464255       -1.6793168869490249     
  -6.1574250890038487       -1.6093270118987333     
  -6.1573579069428224       -1.5393394767357056     
  -6.1572937065611439       -1.4693541799748184     
  -6.1572324884300684       -1.3993710200977427     
  -6.1571742530943077       -1.3293898955544530     
  -6.1571190010720267       -1.2594107047647327     
  -6.1570667328548376       -1.1894333461196844     
  -6.1570174489077996       -1.1194577179832363     
  -6.1569711496694124       -1.0494837186936499     
  -6.1569278355516168      -0.97951124656502986     
  -6.1568875069397881      -0.90954019988883228     
  -6.1568501641927362      -0.83957047693537312     
  -6.1568158076427038      -0.76960197595533797     
  -6.1567844375953591      -0.69963459518129079     
  -6.1567560543298017      -0.62966823282918427     
  -6.1567306580985521      -0.55970278709986843     
  -6.1567082491275569      -0.48973815618060107     
  -6.1566888276161835      -0.41977423824655791     
  -6.1566723937372192      -0.34981093146234193     
  -6.1566589476368714      -0.27984813398349417     
  -6.1566484894347662      -0.20988574395800336     
  -6.1566410192239447      -0.13992365952781693     
  -6.1566365370708684       -6.9961778830350790E-002
  -6.1566350430154122        0.0000000000000000     
  -6.1566365370708684        6.9961778830350790E-002
  -6.1566410192239447       0.13992365952781693     
  -6.1566484894347662       0.20988574395800336     
  -6.1566589476368714       0.27984813398349417     
  -6.1566723937372192       0.34981093146234193     
  -6.1566888276161835       0.41977423824655791     
  -6.1567082491275569       0.48973815618060107     
  -6.1567306580985521       0.55970278709986843     
  -6.1567560543298017       0.62966823282918427     
  -6.1567844375953591       0.69963459518129079     
  -6.1568158076427038       0.76960197595533797     
  -6.1568501641927362       0.83957047693537312     
  -6.1568875069397881       0.90954019988883228     
  -6.1569278355516168       0.97951124656502986     
  -6.1569711496694124        1.0494837186936499     
  -6.1570174489077996        1.1194577179832363     
  -6.1570667328548376        1.1894333461196844     
  -6.1571190010720267        1.2594107047647327     
  -6.1571742530943077        1.3293898955544530     
  -6.1572324884300684        1.3993710200977427     
  -6.1572937065611439        1.4693541799748184     
  -6.1573579069428224        1.5393394767357056     
  -6.1574250890038487        1.6093270118987333     
  -6.1574952521464255        1.6793168869490249     
  -6.1575683957462219        1.7493092033369948     
  -6.1576445191523730        1.8193040624768375     
  -6.1577236216874898        1.8893015657450252     
  -6.1578057026476571        1.9593018144787999     
  -6.1578907613024443        2.0293049099746692     
  -6.1579787968949082        2.0993109534869006     
  -6.1580698086415957        2.1693200462260167     
  -6.1581637957325546        2.2393322893572929     
  -6.1582607573313330        2.3093477839992502     
  -6.1583606925749912        2.3793666312221555     
  -6.1584636005741027        2.4493889320465181     
  -6.1585694804127620        2.5194147874415842     
  -6.1586783311485922        2.5894442983238397     
  -6.1587901518127488        2.6594775655555054     
  -6.1589049414099311        2.7295146899430374     
  -6.1590226989183812        2.7995557722356277     
  -6.1591434232899003        2.8696009131237035     
  -6.1592671134498485        2.9396502132374276     
  -6.1593937682971571        3.0097037731452017     
  -6.1595233867043326        3.0797616933521663     
  -6.0899558347724376       -3.4299751253316031     
  -6.0898130204000180       -3.3598968388413892     
  -6.0896731307086487       -3.2898234154403045     
  -6.0895361669436561       -3.2197547549357264     
  -6.0894021303242818       -3.1496907570642834     
  -6.0892710220436701       -3.0796313214933506     
  -6.0891428432688661       -3.0095763478225428     
  -6.0890175951408034       -2.9395257355852151     
  -6.0888952787742952       -2.8694793842499555     
  -6.0887758952580322       -2.7994371932220834     
  -6.0886594456545673       -2.7293990618451511     
  -6.0885459310003167       -2.6593648894024375     
  -6.0884353523055461       -2.5893345751184502     
  -6.0883277105543652       -2.5193080181604270     
  -6.0882230067047232       -2.4492851176398314     
  -6.0881212416884019       -2.3792657726138584     
  -6.0880224164110066       -2.3092498820869336     
  -6.0879265317519611       -2.2392373450122158     
  -6.0878335885645045       -2.1692280602930993     
  -6.0877435876756794       -2.0992219267847174     
  -6.0876565298863330       -2.0292188432954443     
  -6.0875724159711062       -1.9592187085884021     
  -6.0874912466784314       -1.8892214213829612     
  -6.0874130227305256       -1.8192268803562490     
  -6.0873377448233867       -1.7492349841446515     
  -6.0872654136267892       -1.6792456313453210     
  -6.0871960297842760       -1.6092587205176823     
  -6.0871295939131596       -1.5392741501849370     
  -6.0870661066045137       -1.4692918188355721     
  -6.0870055684231685       -1.3993116249248663     
  -6.0869479799077126       -1.3293334668763972     
  -6.0868933415704820       -1.2593572430835480     
  -6.0868416538975616       -1.1893828519110179     
  -6.0867929173487809       -1.1194101916963277     
  -6.0867471323577078       -1.0494391607513289     
  -6.0867042993316502      -0.97946965736371383     
  -6.0866644186516510      -0.90950157979852264     
  -6.0866274906724849      -0.83953482629965315     
  -6.0865935157226572      -0.76956929509137051     
  -6.0865624941044008      -0.69960488437981616     
  -6.0865344260936736      -0.62964149235451794     
  -6.0865093119401594      -0.55967901718989976     
  -6.0864871518672619      -0.48971735704679115     
  -6.0864679460721067      -0.41975641007393838     
  -6.0864516947255387      -0.34979607440951371     
  -6.0864383979721222      -0.27983624818262631     
  -6.0864280559301349      -0.20987682951483222     
  -6.0864206686915745      -0.13991771652164542     
  -6.0864162363221537       -6.9958807314047744E-002
  -6.0864147588612987        0.0000000000000000     
  -6.0864162363221537        6.9958807314047744E-002
  -6.0864206686915745       0.13991771652164542     
  -6.0864280559301349       0.20987682951483222     
  -6.0864383979721222       0.27983624818262631     
  -6.0864516947255387       0.34979607440951371     
  -6.0864679460721067       0.41975641007393838     
  -6.0864871518672619       0.48971735704679115     
  -6.0865093119401594       0.55967901718989976     
  -6.0865344260936736       0.62964149235451794     
  -6.0865624941044008       0.69960488437981616     
  -6.0865935157226572       0.76956929509137051     
  -6.0866274906724849       0.83953482629965315     
  -6.0866644186516510       0.90950157979852264     
  -6.0867042993316502       0.97946965736371383     
  -6.0867471323577078        1.0494391607513289     
  -6.0867929173487809        1.1194101916963277     
  -6.0868416538975616        1.1893828519110179     
  -6.0868933415704820        1.2593572430835480     
  -6.0869479799077126        1.3293334668763972     
  -6.0870055684231685        1.3993116249248663     
  -6.0870661066045137        1.4692918188355721     
  -6.0871295939131596        1.5392741501849370     
  -6.0871960297842760        1.6092587205176823     
  -6.0872654136267892        1.6792456313453210     
  -6.0873377448233867        1.7492349841446515     
  -6.0874130227305256        1.8192268803562490     
  -6.0874912466784314        1.8892214213829612     
  -6.0875724159711062        1.9592187085884021     
  -6.0876565298863330        2.0292188432954443     
  -6.0877435876756794        2.0992219267847174     
  -6.0878335885645045        2.1692280602930993     
  -6.0879265317519611        2.2392373450122158     
  -6.0880224164110066        2.3092498820869336     
  -6.0881212416884019        2.3792657726138584     
  -6.0882230067047232        2.4492851176398314     
  -6.0883277105543652        2.5193080181604270     
  -6.0884353523055461        2.5893345751184502     
  -6.0885459310003167        2.6593648894024375     
  -6.0886594456545673        2.7293990618451511     
  -6.0887758952580322        2.7994371932220834     
  -6.0888952787742952        2.8694793842499555     
  -6.0890175951408034        2.9395257355852151     
  -6.0891428432688661        3.0095763478225428     
  -6.0892710220436701        3.0796313214933506     
  -6.0894021303242818        3.1496907570642834     
  -6.0895361669436561        3.2197547549357264     
  -6.0896731307086487        3.2898234154403045     
  -6.0898130204000180        3.3598968388413892     
  -6.0899558347724376        3.4299751253316031     
  -6.0199956343294199       -3.5699974110558190     
  -6.0198486453999971       -3.4999120031395337     
  -6.0197045457406224       -3.4298316597824479     
  -6.0195633366340058       -3.3597562809120034     
  -6.0194250193370884       -3.2896857663818975     
  -6.0192895950810286       -3.2196200159735739     
  -6.0191570650711963       -3.1495589293977191     
  -6.0190274304871645       -3.0795024062957590     
  -6.0189006924827000       -3.0094503462413500     
  -6.0187768521857565       -2.9394026487418814     
  -6.0186559106984658       -2.8693592132399668     
  -6.0185378690971314       -2.7993199391149450     
  -6.0184227284322205       -2.7292847256843791     
  -6.0183104897283561       -2.6592534722055530     
  -6.0182011539843101       -2.5892260778769707     
  -6.0180947221729975       -2.5192024418398598     
  -6.0179911952414695       -2.4491824631796684     
  -6.0178905741109068       -2.3791660409275677     
  -6.0177928596766099       -2.3091530740619555     
  -6.0176980528080009       -2.2391434615099541     
  -6.0176061543486075       -2.1691371021489170     
  -6.0175171651160664       -2.0991338948079306     
  -6.0174310859021123       -2.0291337382693166     
  -6.0173479174725726       -1.9591365312701399     
  -6.0172676605673647       -1.8891421725037074     
  -6.0171903159004891       -1.8191505606210783     
  -6.0171158841600256       -1.7491615942325658     
  -6.0170443660081272       -1.6791751719092449     
  -6.0169757620810174       -1.6091911921844584     
  -6.0169100729889831       -1.5392095535553212     
  -6.0168472993163729       -1.4692301544842306     
  -6.0167874416215925       -1.3992528934003705     
  -6.0167305004371014       -1.3292776687012204     
  -6.0166764762694083       -1.2593043787540623     
  -6.0166253695990655       -1.1893329218974897     
  -6.0165771808806712       -1.1193631964429158     
  -6.0165319105428621       -1.0493951006760807     
  -6.0164895589883098      -0.97942853285856213     
  -6.0164501265937238      -0.90946339122928388     
  -6.0164136137098403      -0.83949957400602426     
  -6.0163800206614289      -0.76953697938692700     
  -6.0163493477472825      -0.69957550555200954     
  -6.0163215952402194      -0.62961505066467416     
  -6.0162967633870830      -0.55965551287321713     
  -6.0162748524087357      -0.48969679031233898     
  -6.0162558625000599      -0.41973878110465535     
  -6.0162397938299561      -0.34978138336220677     
  -6.0162266465413436      -0.27982449518796948     
  -6.0162164207511557      -0.20986801467736588     
  -6.0162091165503417      -0.13991183991977543     
  -6.0162047340038685       -6.9955869000044996E-002
  -6.0162032731507127        0.0000000000000000     
  -6.0162047340038685        6.9955869000044996E-002
  -6.0162091165503417       0.13991183991977543     
  -6.0162164207511557       0.20986801467736588     
  -6.0162266465413436       0.27982449518796948     
  -6.0162397938299561       0.34978138336220677     
  -6.0162558625000599       0.41973878110465535     
  -6.0162748524087357       0.48969679031233898     
  -6.0162967633870830       0.55965551287321713     
  -6.0163215952402194       0.62961505066467416     
  -6.0163493477472825       0.69957550555200954     
  -6.0163800206614289       0.76953697938692700     
  -6.0164136137098403       0.83949957400602426     
  -6.0164501265937238       0.90946339122928388     
  -6.0164895589883098       0.97942853285856213     
  -6.0165319105428621        1.0493951006760807     
  -6.0165771808806712        1.1193631964429158     
  -6.0166253695990655        1.1893329218974897     
  -6.0166764762694083        1.2593043787540623     
  -6.0167305004371014        1.3292776687012204     
  -6.0167874416215925        1.3992528934003705     
  -6.0168472993163729        1.4692301544842306     
  -6.0169100729889831        1.5392095535553212     
  -6.0169757620810174        1.6091911921844584     
  -6.0170443660081272        1.6791751719092449     
  -6.0171158841600256        1.7491615942325658     
  -6.0171903159004891        1.8191505606210783     
  -6.0172676605673647        1.8891421725037074     
  -6.0173479174725726        1.9591365312701399     
  -6.0174310859021123        2.0291337382693166     
  -6.0175171651160664        2.0991338948079306     
  -6.0176061543486075        2.1691371021489170     
  -6.0176980528080009        2.2391434615099541     
  -6.0177928596766099        2.3091530740619555     
  -6.0178905741109068        2.3791660409275677     
  -6.0179911952414695        2.4491824631796684     
  -6.0180947221729975        2.5192024418398598     
  -6.0182011539843101        2.5892260778769707     
  -6.0183104897283561        2.6592534722055530     
  -6.0184227284322205        2.7292847256843791     
  -6.0185378690971314        2.7993199391149450     
  -6.0186559106984658        2.8693592132399668     
  -6.0187768521857565        2.9394026487418814     
  -6.0189006924827000        3.0094503462413500     
  -6.0190274304871645        3.0795024062957590     
  -6.0191570650711963        3.1495589293977191     
  -6.0192895950810286        3.2196200159735739     
  -6.0194250193370884        3.2896857663818975     
  -6.0195633366340058        3.3597562809120034     
  -6.0197045457406224        3.4298316597824479     
  -6.0198486453999971        3.4999120031395337     
  -6.0199956343294199        3.5699974110558190     
  -5.9498978753774630       -3.6399375237603304     
  -5.9497497036096840       -3.5698498221658101     
  -5.9496043869506474       -3.4997672864415574     
  -5.9494619266937674       -3.4296898165646423     
  -5.9493223241069888       -3.3596173124368875     
  -5.9491855804327827       -3.2895496738863619     
  -5.9490516968881355       -3.2194868006688733     
  -5.9489206746645413       -3.1494285924694632     
  -5.9487925149279963       -3.0793749489039040     
  -5.9486672188189837       -3.0093257695201916     
  -5.9485447874524739       -2.9392809538000457     
  -5.9484252219179119       -2.8692404011604045     
  -5.9483085232792092       -2.7992040109549219     
  -5.9481946925747424       -2.7291716824754699     
  -5.9480837308173378       -2.6591433149536332     
  -5.9479756389942704       -2.5891188075622114     
  -5.9478704180672555       -2.5190980594167200     
  -5.9477680689724410       -2.4490809695768876     
  -5.9476685926204036       -2.3790674370481613     
  -5.9475719898961374       -2.3090573607832061     
  -5.9474782616590538       -2.2390506396834087     
  -5.9473874087429728       -2.1690471726003784     
  -5.9472994319561163       -2.0990468583374531     
  -5.9472143320811046       -2.0290495956512000     
  -5.9471321098749490       -1.9590552832529244     
  -5.9470527660690493       -1.8890638198101686     
  -5.9469763013691859       -1.8190751039482216     
  -5.9469027164555168       -1.7490890342516225     
  -5.9468320119825728       -1.6791055092656675     
  -5.9467641885792517       -1.6091244274979153     
  -5.9466992468488158       -1.5391456874196934     
  -5.9466371873688857       -1.4691691874676069     
  -5.9465780106914394       -1.3991948260450444     
  -5.9465217173428053       -1.3292225015236858     
  -5.9464683078236602       -1.2592521122450104     
  -5.9464177826090268       -1.1892835565218052     
  -5.9463701421482673       -1.1193167326396740     
  -5.9463253868650847       -1.0493515388585444     
  -5.9462835171575152      -0.97938787341417899     
  -5.9462445333979304      -0.90942563451968339     
  -5.9462084359330287      -0.83946472036701580     
  -5.9461752250838407      -0.76950502912849705     
  -5.9461449011457201      -0.69954645895831991     
  -5.9461174643883448      -0.62958890799405998     
  -5.9460929150557140      -0.55963227435818486     
  -5.9460712533661493      -0.48967645615956523     
  -5.9460524795122884      -0.41972135149498507     
  -5.9460365936610895      -0.34976685845065225     
  -5.9460235959538235      -0.27981287510370934     
  -5.9460134865060796      -0.20985929952374396     
  -5.9460062654077595      -0.13990602977430022     
  -5.9460019327230809       -6.9952963914389196E-002
  -5.9460004884905739        0.0000000000000000     
  -5.9460019327230809        6.9952963914389196E-002
  -5.9460062654077595       0.13990602977430022     
  -5.9460134865060796       0.20985929952374396     
  -5.9460235959538235       0.27981287510370934     
  -5.9460365936610895       0.34976685845065225     
  -5.9460524795122884       0.41972135149498507     
  -5.9460712533661493       0.48967645615956523     
  -5.9460929150557140       0.55963227435818486     
  -5.9461174643883448       0.62958890799405998     
  -5.9461449011457201       0.69954645895831991     
  -5.9461752250838407       0.76950502912849705     
  -5.9462084359330287       0.83946472036701580     
  -5.9462445333979304       0.90942563451968339     
  -5.9462835171575152       0.97938787341417899     
  -5.9463253868650847        1.0493515388585444     
  -5.9463701421482673        1.1193167326396740     
  -5.9464177826090268        1.1892835565218052     
  -5.9464683078236602        1.2592521122450104     
  -5.9465217173428053        1.3292225015236858     
  -5.9465780106914394        1.3991948260450444     
  -5.9466371873688857        1.4691691874676069     
  -5.9466992468488158        1.5391456874196934     
  -5.9467641885792517        1.6091244274979153     
  -5.9468320119825728        1.6791055092656675     
  -5.9469027164555168        1.7490890342516225     
  -5.9469763013691859        1.8190751039482216     
  -5.9470527660690493        1.8890638198101686     
  -5.9471321098749490        1.9590552832529244     
  -5.9472143320811046        2.0290495956512000     
  -5.9472994319561163        2.0990468583374531     
  -5.9473874087429728        2.1690471726003784     
  -5.9474782616590538        2.2390506396834087     
  -5.9475719898961374        2.3090573607832061     
  -5.9476685926204036        2.3790674370481613     
  -5.9477680689724410        2.4490809695768876     
  -5.9478704180672555        2.5190980594167200     
  -5.9479756389942704        2.5891188075622114     
  -5.9480837308173378        2.6591433149536332     
  -5.9481946925747424        2.7291716824754699     
  -5.9483085232792092        2.7992040109549219     
  -5.9484252219179119        2.8692404011604045     
  -5.9485447874524739        2.9392809538000457     
  -5.9486672188189837        3.0093257695201916     
  -5.9487925149279963        3.0793749489039040     
  -5.9489206746645413        3.1494285924694632     
  -5.9490516968881355        3.2194868006688733     
  -5.9491855804327827        3.2895496738863619     
  -5.9493223241069888        3.3596173124368875     
  -5.9494619266937674        3.4296898165646423     
  -5.9496043869506474        3.4997672864415574     
  -5.9497497036096840        3.5698498221658101     
  -5.9498978753774630        3.6399375237603304     
  -5.8799602005896840       -3.7799744146647964     
  -5.8798080947359948       -3.7098789169167588     
  -5.8796588084805919       -3.6397887862022711     
  -5.8795123431521326       -3.5697039226280807     
  -5.8793687000541235       -3.4996242262226929     
  -5.8792278804649092       -3.4295495969378642     
  -5.8790898856376659       -3.3594799346500945     
  -5.8789547168003882       -3.2894151391621218     
  -5.8788223751558863       -3.2193551102044142     
  -5.8786928618817758       -3.1492997474366655     
  -5.8785661781304661       -3.0792489504492919     
  -5.8784423250291562       -3.0092026187649248     
  -5.8783213036798259       -2.9391606518399129     
  -5.8782031151592289       -2.8691229490658143     
  -5.8780877605188842       -2.7990894097708972     
  -5.8779752407850685       -2.7290599332216390     
  -5.8778655569588096       -2.6590344186242239     
  -5.8777587100158817       -2.5890127651260433     
  -5.8776547009067954       -2.5189948718171982     
  -5.8775535305567930       -2.4489806377319971     
  -5.8774551998658406       -2.3789699618504589     
  -5.8773597097086236       -2.3089627430998165     
  -5.8772670609345417       -2.2389588803560163     
  -5.8771772543676999       -2.1689582724452223     
  -5.8770902908069029       -2.0989608181453225     
  -5.8770061710256547       -2.0289664161874281     
  -5.8769248957721469       -1.9589749652573822     
  -5.8768464657692574       -1.8889863639972613     
  -5.8767708817145445       -1.8190005110068828     
  -5.8766981442802413       -1.7490173048453099     
  -5.8766282541132533       -1.6790366440323581     
  -5.8765612118351518       -1.6090584270501014     
  -5.8764970180421701       -1.5390825523443781     
  -5.8764356733051999       -1.4691089183263000     
  -5.8763771781697871       -1.3991374233737588     
  -5.8763215331561289       -1.3291679658329341     
  -5.8762687387590695       -1.2592004440198006     
  -5.8762187954480947       -1.1892347562216383     
  -5.8761717036673335       -1.1192708006985399     
  -5.8761274638355516       -1.0493084756849200     
  -5.8760860763461480      -0.97934767939102463     
  -5.8760475415671554      -0.90938831000444065     
  -5.8760118598412339      -0.83943026569160473     
  -5.8759790314856719      -0.76947344459931422     
  -5.8759490567923836      -0.69951774485623608     
  -5.8759219360279040      -0.62956306457441835     
  -5.8758976694333915      -0.55960930185079927     
  -5.8758762572246210      -0.48965635476871844     
  -5.8758576995919878      -0.41970412139942770     
  -5.8758419967005038      -0.34975249980360140     
  -5.8758291486897951      -0.27980138803284743     
  -5.8758191556741028      -0.20985068413121796     
  -5.8758120177422830      -0.13990028613672104     
  -5.8758077349578040       -6.9950092082830997E-002
  -5.8758063073587463        0.0000000000000000     
  -5.8758077349578040        6.9950092082830997E-002
  -5.8758120177422830       0.13990028613672104     
  -5.8758191556741028       0.20985068413121796     
  -5.8758291486897951       0.27980138803284743     
  -5.8758419967005038       0.34975249980360140     
  -5.8758576995919878       0.41970412139942770     
  -5.8758762572246210       0.48965635476871844     
  -5.8758976694333915       0.55960930185079927     
  -5.8759219360279040       0.62956306457441835     
  -5.8759490567923836       0.69951774485623608     
  -5.8759790314856719       0.76947344459931422     
  -5.8760118598412339       0.83943026569160473     
  -5.8760475415671554       0.90938831000444065     
  -5.8760860763461480       0.97934767939102463     
  -5.8761274638355516        1.0493084756849200     
  -5.8761717036673335        1.1192708006985399     
  -5.8762187954480947        1.1892347562216383     
  -5.8762687387590695        1.2592004440198006     
  -5.8763215331561289        1.3291679658329341     
  -5.8763771781697871        1.3991374233737588     
  -5.8764356733051999        1.4691089183263000     
  -5.8764970180421701        1.5390825523443781     
  -5.8765612118351518        1.6090584270501014     
  -5.8766282541132533        1.6790366440323581     
  -5.8766981442802413        1.7490173048453099     
  -5.8767708817145445        1.8190005110068828     
  -5.8768464657692574        1.8889863639972613     
  -5.8769248957721469        1.9589749652573822     
  -5.8770061710256547        2.0289664161874281     
  -5.8770902908069029        2.0989608181453225     
  -5.8771772543676999        2.1689582724452223     
  -5.8772670609345417        2.2389588803560163     
  -5.8773597097086236        2.3089627430998165     
  -5.8774551998658406        2.3789699618504589     
  -5.8775535305567930        2.4489806377319971     
  -5.8776547009067954        2.5189948718171982     
  -5.8777587100158817        2.5890127651260433     
  -5.8778655569588096        2.6590344186242239     
  -5.8779752407850685        2.7290599332216390     
  -5.8780877605188842        2.7990894097708972     
  -5.8782031151592289        2.8691229490658143     
  -5.8783213036798259        2.9391606518399129     
  -5.8784423250291562        3.0092026187649248     
  -5.8785661781304661        3.0792489504492919     
  -5.8786928618817758        3.1492997474366655     
  -5.8788223751558863        3.2193551102044142     
  -5.8789547168003882        3.2894151391621218     
  -5.8790898856376659        3.3594799346500945     
  -5.8792278804649092        3.4295495969378642     
  -5.8793687000541235        3.4996242262226929     
  -5.8795123431521326        3.5697039226280807     
  -5.8796588084805919        3.6397887862022711     
  -5.8798080947359948        3.7098789169167588     
  -5.8799602005896840        3.7799744146647964     
  -5.8098792090013571       -3.8499199577719838     
  -5.8097260912603623       -3.7798217943139707     
  -5.8095757589073882       -3.7097290990613443     
  -5.8094282132802730       -3.6396417721755929     
  -5.8092834556920092       -3.5695597137384634     
  -5.8091414874307326       -3.4994828237534534     
  -5.8090023097597161       -3.4294110021473028     
  -5.8088659239173586       -3.3593441487714846     
  -5.8087323311171772       -3.2892821634037031     
  -5.8086015325478000       -3.2192249457493833     
  -5.8084735293729537       -3.1491723954431681     
  -5.8083483227314625       -3.0791244120504144     
  -5.8082259137372345       -3.0090808950686876     
  -5.8081063034792546       -2.9390417439292618     
  -5.8079894930215810       -2.8690068579986128     
  -5.8078754834033326       -2.7989761365799191     
  -5.8077642756386849       -2.7289494789145632     
  -5.8076558707168644       -2.6589267841836248     
  -5.8075502696021370       -2.5889079515093862     
  -5.8074474732338057       -2.5188928799568315     
  -5.8073474825262030       -2.4488814685351463     
  -5.8072502983686833       -2.3788736161992197     
  -5.8071559216256183       -2.3088692218511495     
  -5.8070643531363899       -2.2388681843417411     
  -5.8069755937153866       -2.1688704024720118     
  -5.8068896441519948       -2.0988757749946974     
  -5.8068065052105959       -2.0288842006157504     
  -5.8067261776305585       -1.9588955779958512     
  -5.8066486621262374       -1.8889098057519087     
  -5.8065739593869656       -1.8189267824585678     
  -5.8065020700770491       -1.7489464066497138     
  -5.8064329948357640       -1.6789685768199800     
  -5.8063667342773533       -1.6089931914262545     
  -5.8063032889910176       -1.5390201488891855     
  -5.8062426595409180       -1.4690493475946902     
  -5.8061848464661674       -1.3990806858954621     
  -5.8061298502808274       -1.3291140621124788     
  -5.8060776714739077       -1.2591493745365103     
  -5.8060283105093591       -1.1891865214296278     
  -5.8059817678260712       -1.1192254010267126     
  -5.8059380438378714       -1.0492659115369649     
  -5.8058971389335214      -0.97930795114541336     
  -5.8058590534767127      -0.90935141801442498     
  -5.8058237878060650      -0.83939621028521427     
  -5.8057913422351266      -0.76944222607935420     
  -5.8057617170523663      -0.69948936350028501     
  -5.8057349125211779      -0.62953752063482649     
  -5.8057109288798747      -0.55958659555468682     
  -5.8056897663416889      -0.48963648631797380     
  -5.8056714250947694      -0.41968709097070622     
  -5.8056559053021823      -0.34973830754832425     
  -5.8056432071019071      -0.27979003407720038     
  -5.8056333306068382      -0.20984216857615079     
  -5.8056262759047836      -0.13989460905794662     
  -5.8056220430584631       -6.9947253530824857E-002
  -5.8056206321055077        0.0000000000000000     
  -5.8056220430584631        6.9947253530824857E-002
  -5.8056262759047836       0.13989460905794662     
  -5.8056333306068382       0.20984216857615079     
  -5.8056432071019071       0.27979003407720038     
  -5.8056559053021823       0.34973830754832425     
  -5.8056714250947694       0.41968709097070622     
  -5.8056897663416889       0.48963648631797380     
  -5.8057109288798747       0.55958659555468682     
  -5.8057349125211779       0.62953752063482649     
  -5.8057617170523663       0.69948936350028501     
  -5.8057913422351266       0.76944222607935420     
  -5.8058237878060650       0.83939621028521427     
  -5.8058590534767127       0.90935141801442498     
  -5.8058971389335214       0.97930795114541336     
  -5.8059380438378714        1.0492659115369649     
  -5.8059817678260712        1.1192254010267126     
  -5.8060283105093591        1.1891865214296278     
  -5.8060776714739077        1.2591493745365103     
  -5.8061298502808274        1.3291140621124788     
  -5.8061848464661674        1.3990806858954621     
  -5.8062426595409180        1.4690493475946902     
  -5.8063032889910176        1.5390201488891855     
  -5.8063667342773533        1.6089931914262545     
  -5.8064329948357640        1.6789685768199800     
  -5.8065020700770491        1.7489464066497138     
  -5.8065739593869656        1.8189267824585678     
  -5.8066486621262374        1.8889098057519087     
  -5.8067261776305585        1.9588955779958512     
  -5.8068065052105959        2.0288842006157504     
  -5.8068896441519948        2.0988757749946974     
  -5.8069755937153866        2.1688704024720118     
  -5.8070643531363899        2.2388681843417411     
  -5.8071559216256183        2.3088692218511495     
  -5.8072502983686833        2.3788736161992197     
  -5.8073474825262030        2.4488814685351463     
  -5.8074474732338057        2.5188928799568315     
  -5.8075502696021370        2.5889079515093862     
  -5.8076558707168644        2.6589267841836248     
  -5.8077642756386849        2.7289494789145632     
  -5.8078754834033326        2.7989761365799191     
  -5.8079894930215810        2.8690068579986128     
  -5.8081063034792546        2.9390417439292618     
  -5.8082259137372345        3.0090808950686876     
  -5.8083483227314625        3.0791244120504144     
  -5.8084735293729537        3.1491723954431681     
  -5.8086015325478000        3.2192249457493833     
  -5.8087323311171772        3.2892821634037031     
  -5.8088659239173586        3.3593441487714846     
  -5.8090023097597161        3.4294110021473028     
  -5.8091414874307326        3.4994828237534534     
  -5.8092834556920092        3.5695597137384634     
  -5.8094282132802730        3.6396417721755929     
  -5.8095757589073882        3.7097290990613443     
  -5.8097260912603623        3.7798217943139707     
  -5.8098792090013571        3.8499199577719838     
  -5.7399625357869919       -3.9899739578031532     
  -5.7398057248137730       -3.9198673242630639     
  -5.7396516636298971       -3.8497663597517602     
  -5.7395003536063083       -3.7796709645700077     
  -5.7393517960894176       -3.7095810389358430     
  -5.7392059924010956       -3.6394964829860608     
  -5.7390629438386638       -3.5694171967777049     
  -5.7389226516748826       -3.4993430802895622     
  -5.7387851171579465       -3.4292740334236509     
  -5.7386503415114740       -3.3592099560067159     
  -5.7385183259344972       -3.2891507477917239     
  -5.7383890716014561       -3.2190963084593536     
  -5.7382625796621900       -3.1490465376194940     
  -5.7381388512419269       -3.0790013348127414     
  -5.7380178874412806       -3.0089605995118909     
  -5.7378996893362393       -2.9389242311234391     
  -5.7377842579781566       -2.8688921289890783     
  -5.7376715943937517       -2.7988641923871955     
  -5.7375616995850933       -2.7288403205343736     
  -5.7374545745295995       -2.6588204125868877     
  -5.7373502201800273       -2.5888043676422070     
  -5.7372486374644680       -2.5187920847404981     
  -5.7371498272863386       -2.4487834628661203     
  -5.7370537905243797       -2.3787784009491326     
  -5.7369605280326432       -2.3087767978667957     
  -5.7368700406404942       -2.2387785524450710     
  -5.7367823291525983       -2.1687835634601282     
  -5.7366973943489192       -2.0987917296398484     
  -5.7366152369847141       -2.0288029496653253     
  -5.7365358577905274       -1.9588171221723749     
  -5.7364592574721849       -1.8888341457530364     
  -5.7363854367107923       -1.8188539189570805     
  -5.7363143961627250       -1.7488763402935137     
  -5.7362461364596289       -1.6789013082320863     
  -5.7361806582084141       -1.6089287212047989     
  -5.7361179619912486       -1.5389584776074081     
  -5.7360580483655585       -1.4689904758009358     
  -5.7360009178640219       -1.3990246141131759     
  -5.7359465709945638       -1.3290607908402039     
  -5.7358950082403561       -1.2590989042478831     
  -5.7358462300598116       -1.1891388525733755     
  -5.7358002368865817       -1.1191805340266501     
  -5.7357570291295525       -1.0492238467919914     
  -5.7357166071728454      -0.97926868902951025     
  -5.7356789713758110      -0.90931495887665292     
  -5.7356441220730261      -0.83936255444971108     
  -5.7356120595742963      -0.76941137384533242     
  -5.7355827841646470      -0.69946131514203003     
  -5.7355562961043285      -0.62951227640169449     
  -5.7355325956288077      -0.55956415567110318     
  -5.7355116829487729      -0.48961685098343177     
  -5.7354935582501261      -0.41967026035976529     
  -5.7354782216939864      -0.34972428181060894     
  -5.7354656734166882      -0.27977881333739946     
  -5.7354559135297762      -0.20983375293401618     
  -5.7354489421200112      -0.13988899858829296     
  -5.7354447592493631       -6.9944448283528818E-002
  -5.7354433649550156        0.0000000000000000     
  -5.7354447592493631        6.9944448283528818E-002
  -5.7354489421200112       0.13988899858829296     
  -5.7354559135297762       0.20983375293401618     
  -5.7354656734166882       0.27977881333739946     
  -5.7354782216939864       0.34972428181060894     
  -5.7354935582501261       0.41967026035976529     
  -5.7355116829487729       0.48961685098343177     
  -5.7355325956288077       0.55956415567110318     
  -5.7355562961043285       0.62951227640169449     
  -5.7355827841646470       0.69946131514203003     
  -5.7356120595742963       0.76941137384533242     
  -5.7356441220730261       0.83936255444971108     
  -5.7356789713758110       0.90931495887665292     
  -5.7357166071728454       0.97926868902951025     
  -5.7357570291295525        1.0492238467919914     
  -5.7358002368865817        1.1191805340266501     
  -5.7358462300598116        1.1891388525733755     
  -5.7358950082403561        1.2590989042478831     
  -5.7359465709945638        1.3290607908402039     
  -5.7360009178640219        1.3990246141131759     
  -5.7360580483655585        1.4689904758009358     
  -5.7361179619912486        1.5389584776074081     
  -5.7361806582084141        1.6089287212047989     
  -5.7362461364596289        1.6789013082320863     
  -5.7363143961627250        1.7488763402935137     
  -5.7363854367107923        1.8188539189570805     
  -5.7364592574721849        1.8888341457530364     
  -5.7365358577905274        1.9588171221723749     
  -5.7366152369847141        2.0288029496653253     
  -5.7366973943489192        2.0987917296398484     
  -5.7367823291525983        2.1687835634601282     
  -5.7368700406404942        2.2387785524450710     
  -5.7369605280326432        2.3087767978667957     
  -5.7370537905243797        2.3787784009491326     
  -5.7371498272863386        2.4487834628661203     
  -5.7372486374644680        2.5187920847404981     
  -5.7373502201800273        2.5888043676422070     
  -5.7374545745295995        2.6588204125868877     
  -5.7375616995850933        2.7288403205343736     
  -5.7376715943937517        2.7988641923871955     
  -5.7377842579781566        2.8688921289890783     
  -5.7378996893362393        2.9389242311234391     
  -5.7380178874412806        3.0089605995118909     
  -5.7381388512419269        3.0790013348127414     
  -5.7382625796621900        3.1490465376194940     
  -5.7383890716014561        3.2190963084593536     
  -5.7385183259344972        3.2891507477917239     
  -5.7386503415114740        3.3592099560067159     
  -5.7387851171579465        3.4292740334236509     
  -5.7389226516748826        3.4993430802895622     
  -5.7390629438386638        3.5694171967777049     
  -5.7392059924010956        3.6394964829860608     
  -5.7393517960894176        3.7095810389358430     
  -5.7395003536063083        3.7796709645700077     
  -5.7396516636298971        3.8497663597517602     
  -5.7398057248137730        3.9198673242630639     
  -5.7399625357869919        3.9899739578031532     
  -5.6698971981897204       -4.0599263888272068     
  -5.6697395465029743       -3.9898167179095005     
  -5.6695846103539198       -3.9197128170348092     
  -5.6694323911211608       -3.8496145865637512     
  -5.6692828901590726       -3.7795219267727149     
  -5.6691361087977974       -3.7094347378553487     
  -5.6689920483432310       -3.6393529199240500     
  -5.6688507100770194       -3.5692763730114567     
  -5.6687120952565433       -3.4992049970719403     
  -5.6685762051149124       -3.4291386919830957     
  -5.6684430408609607       -3.3590773575472359     
  -5.6683126036792295       -3.2890208934928862     
  -5.6681848947299667       -3.2189691994762777     
  -5.6680599151491169       -3.1489221750828427     
  -5.6679376660483118       -3.0788797198287123     
  -5.6678181485148622       -3.0088417331622104     
  -5.6677013636117533       -2.9388081144653535     
  -5.6675873123776368       -2.8687787630553472     
  -5.6674759958268224       -2.7987535781860848     
  -5.6673674149492692       -2.7287324590496480     
  -5.6672615707105836       -2.6587153047778047     
  -5.6671584640520081       -2.5887020144435100     
  -5.6670580958904191       -2.5186924870624088     
  -5.6669604671183169       -2.4486866215943346     
  -5.6668655786038205       -2.3786843169448133     
  -5.6667734311906619       -2.3086854719665659     
  -5.6666840256981823       -2.2386899854610105     
  -5.6665973629213235       -2.1686977561797658     
  -5.6665134436306239       -2.0987086828261572     
  -5.6664322685722128       -2.0287226640567182     
  -5.6663538384678054       -1.9587395984826983     
  -5.6662781540146989       -1.8887593846715665     
  -5.6662052158857659       -1.8187819211485177     
  -5.6661350247294511       -1.7488071063979787     
  -5.6660675811697647       -1.6788348388651155     
  -5.6660028858062832       -1.6088650169573400     
  -5.6659409392141402       -1.5388975390458159     
  -5.6658817419440233       -1.4689323034669690     
  -5.6658252945221728       -1.3989692085239933     
  -5.6657715974503775       -1.3290081524883601     
  -5.6657206512059668       -1.2590490336013260     
  -5.6656724562418157       -1.1890917500754428     
  -5.6656270129863326       -1.1191362000960658     
  -5.6655843218434647       -1.0491822818228640     
  -5.6655443831926897      -0.97922989339132915     
  -5.6655071973890152      -0.90927893291428641     
  -5.6654727647629741      -0.83932929848340354     
  -5.6654410856206283      -0.76938088817070260     
  -5.6654121602435588      -0.69943360003006894     
  -5.6653859888888691      -0.62948733209876329     
  -5.6653625717891831      -0.55954198239893171     
  -5.6653419091526400      -0.48959744893911705     
  -5.6653240011628974      -0.41965362971577014     
  -5.6653088479791256      -0.34971042271476083     
  -5.6652964497360108      -0.27976772591288945     
  -5.6652868065437509      -0.20982543727939817     
  -5.6652799184880580      -0.13988345477748293     
  -5.6652757856301523       -6.9941676365804367E-002
  -5.6652744080067690        0.0000000000000000     
  -5.6652757856301523        6.9941676365804367E-002
  -5.6652799184880580       0.13988345477748293     
  -5.6652868065437509       0.20982543727939817     
  -5.6652964497360108       0.27976772591288945     
  -5.6653088479791256       0.34971042271476083     
  -5.6653240011628974       0.41965362971577014     
  -5.6653419091526400       0.48959744893911705     
  -5.6653625717891831       0.55954198239893171     
  -5.6653859888888691       0.62948733209876329     
  -5.6654121602435588       0.69943360003006894     
  -5.6654410856206283       0.76938088817070260     
  -5.6654727647629741       0.83932929848340354     
  -5.6655071973890152       0.90927893291428641     
  -5.6655443831926897       0.97922989339132915     
  -5.6655843218434647        1.0491822818228640     
  -5.6656270129863326        1.1191362000960658     
  -5.6656724562418157        1.1890917500754428     
  -5.6657206512059668        1.2590490336013260     
  -5.6657715974503775        1.3290081524883601     
  -5.6658252945221728        1.3989692085239933     
  -5.6658817419440233        1.4689323034669690     
  -5.6659409392141402        1.5388975390458159     
  -5.6660028858062832        1.6088650169573400     
  -5.6660675811697647        1.6788348388651155     
  -5.6661350247294511        1.7488071063979787     
  -5.6662052158857659        1.8187819211485177     
  -5.6662781540146989        1.8887593846715665     
  -5.6663538384678054        1.9587395984826983     
  -5.6664322685722128        2.0287226640567182     
  -5.6665134436306239        2.0987086828261572     
  -5.6665973629213235        2.1686977561797658     
  -5.6666840256981823        2.2386899854610105     
  -5.6667734311906619        2.3086854719665659     
  -5.6668655786038205        2.3786843169448133     
  -5.6669604671183169        2.4486866215943346     
  -5.6670580958904191        2.5186924870624088     
  -5.6671584640520081        2.5887020144435100     
  -5.6672615707105836        2.6587153047778047     
  -5.6673674149492692        2.7287324590496480     
  -5.6674759958268224        2.7987535781860848     
  -5.6675873123776368        2.8687787630553472     
  -5.6677013636117533        2.9388081144653535     
  -5.6678181485148622        3.0088417331622104     
  -5.6679376660483118        3.0788797198287123     
  -5.6680599151491169        3.1489221750828427     
  -5.6681848947299667        3.2189691994762777     
  -5.6683126036792295        3.2890208934928862     
  -5.6684430408609607        3.3590773575472359     
  -5.6685762051149124        3.4291386919830957     
  -5.6687120952565433        3.4992049970719403     
  -5.6688507100770194        3.5692763730114567     
  -5.6689920483432310        3.6393529199240500     
  -5.6691361087977974        3.7094347378553487     
  -5.6692828901590726        3.7795219267727149     
  -5.6694323911211608        3.8496145865637512     
  -5.6695846103539198        3.9197128170348092     
  -5.6697395465029743        3.9898167179095005     
  -5.6698971981897204        4.0599263888272068     
  -5.5999999999999996       -4.2000000000000002     
  -5.5998388962606924       -4.1298811859922608     
  -5.5996804723834215       -4.0597683424779811     
  -5.5995247297777517       -3.9896613699666488     
  -5.5993716698293365       -3.9195601688805355     
  -5.5992212938999089       -3.8494646395561878     
  -5.5990736033272741       -3.7793746822459102     
  -5.5989285994252986       -3.7092901971192607     
  -5.5987862834839008       -3.6392110842645362     
  -5.5986466567690423       -3.5691372436902644     
  -5.5985097205227188       -3.4990685753266999     
  -5.5983754759629543       -3.4290049790273098     
  -5.5982439242837865       -3.3589463545702722     
  -5.5981150666552670       -3.2888926016599696     
  -5.5979889042234445       -3.2188436199284811     
  -5.5978654381103636       -3.1487993089370794     
  -5.5977446694140536       -3.0787595681777296     
  -5.5976265992085210       -3.0087242970745800     
  -5.5975112285437447       -2.9386933949854659     
  -5.5973985584456658       -2.8686667612034040     
  -5.5972885899161806       -2.7986442949580903     
  -5.5971813239331381       -2.7286258954174047     
  -5.5970767614503263       -2.6586114616889054     
  -5.5969749033974709       -2.5886008928213307     
  -5.5968757506802289       -2.5185940878061031     
  -5.5967793041801777       -2.4485909455788279     
  -5.5966855647548144       -2.3785913650207959     
  -5.5965945332375462       -2.3085952449604883     
  -5.5965062104376884       -2.2386024841750758     
  -5.5964205971404546       -2.1686129813919264     
  -5.5963376941069543       -2.0986266352901080     
  -5.5962575020741863       -2.0286433445018925     
  -5.5961800217550337       -1.9586630076142619     
  -5.5961052538382612       -1.8886855231704132     
  -5.5960331989885068       -1.8187107896712651     
  -5.5959638578462805       -1.7487387055769628     
  -5.5958972310279576       -1.6787691693083873     
  -5.5958333191257745       -1.6088020792486604     
  -5.5957721227078290       -1.5388373337446530     
  -5.5957136423180689       -1.4688748311084932     
  -5.5956578784762945       -1.3989144696190736     
  -5.5956048316781537       -1.3289561475235616     
  -5.5955545023951361       -1.2589997630389058     
  -5.5955545023951361        1.2589997630389058     
  -5.5956048316781537        1.3289561475235616     
  -5.5956578784762945        1.3989144696190736     
  -5.5957136423180689        1.4688748311084932     
  -5.5957721227078290        1.5388373337446530     
  -5.5958333191257745        1.6088020792486604     
  -5.5958972310279576        1.6787691693083873     
  -5.5959638578462805        1.7487387055769628     
  -5.5960331989885068        1.8187107896712651     
  -5.5961052538382612        1.8886855231704132     
  -5.5961800217550337        1.9586630076142619     
  -5.5962575020741863        2.0286433445018925     
  -5.5963376941069543        2.0986266352901080     
  -5.5964205971404546        2.1686129813919264     
  -5.5965062104376884        2.2386024841750758     
  -5.5965945332375462        2.3085952449604883     
  -5.5966855647548144        2.3785913650207959     
  -5.5967793041801777        2.4485909455788279     
  -5.5968757506802289        2.5185940878061031     
  -5.5969749033974709        2.5886008928213307     
  -5.5970767614503263        2.6586114616889054     
  -5.5971813239331381        2.7286258954174047     
  -5.5972885899161806        2.7986442949580903     
  -5.5973985584456658        2.8686667612034040     
  -5.5975112285437447        2.9386933949854659     
  -5.5976265992085210        3.0087242970745800     
  -5.5977446694140536        3.0787595681777296     
  -5.5978654381103636        3.1487993089370794     
  -5.5979889042234445        3.2188436199284811     
  -5.5981150666552670        3.2888926016599696     
  -5.5982439242837865        3.3589463545702722     
  -5.5983754759629543        3.4290049790273098     
  -5.5985097205227188        3.4990685753266999     
  -5.5986466567690423        3.5691372436902644     
  -5.5987862834839008        3.6392110842645362     
  -5.5989285994252986        3.7092901971192607     
  -5.5990736033272741        3.7793746822459102     
  -5.5992212938999089        3.8494646395561878     
  -5.5993716698293365        3.9195601688805355     
  -5.5995247297777517        3.9896613699666488     
  -5.5996804723834215        4.0597683424779811     
  -5.5998388962606924        4.1298811859922608     
  -5.5999999999999996        4.2000000000000002     
  -5.5299492012257012       -4.2699607756299711     
  -5.5297874281315638       -4.1998385530113138     
  -5.5296283006140028       -4.1297224017243819     
  -5.5294718200887214       -4.0596122223436177     
  -5.5293179879478158       -3.9895079153547535     
  -5.5291668055597709       -3.9194093811562931     
  -5.5290182742694460       -3.8493165200610062     
  -5.5288723953980679       -3.7792292322974128     
  -5.5287291702432215       -3.7091474180112751     
  -5.5285886000788427       -3.6390709772670866     
  -5.5284506861552050       -3.5689998100495623     
  -5.5283154296989139       -3.4989338162651351     
  -5.5281828319128987       -3.4288728957434431     
  -5.5280528939764020       -3.3588169482388261     
  -5.5279256170449749       -3.2887658734318204     
  -5.5278010022504658       -3.2187195709306509     
  -5.5276790507010132       -3.1486779402727292     
  -5.5275597634810412       -3.0786408809261494     
  -5.5274431416512453       -3.0086082922911839     
  -5.5273291862485943       -2.9385800737017838     
  -5.5272178982863132       -2.8685561244270743     
  -5.5271092787538860       -2.7985363436728536     
  -5.5270033286170408       -2.7285206305830960     
  -5.5269000488177467       -2.6585088842414479     
  -5.5267994402742087       -2.5885010036727305     
  -5.5267015038808589       -2.5184968878444418     
  -5.5266062405083503       -2.4484964356682566     
  -5.5265136510035537       -2.3784995460015295     
  -5.5264237361895487       -2.3085061176487991     
  -5.5263364968656203       -2.2385160493632892     
  -5.5262519338072504       -2.1685292398484144     
  -5.5261700477661160       -2.0985455877592845     
  -5.5260908394700845       -2.0285649917042079     
  -5.5260143096232026       -1.9585873502461983     
  -5.5259404589056995       -1.8886125619044796     
  -5.5259404589056995        1.8886125619044796     
  -5.5260143096232026        1.9585873502461983     
  -5.5260908394700845        2.0285649917042079     
  -5.5261700477661160        2.0985455877592845     
  -5.5262519338072504        2.1685292398484144     
  -5.5263364968656203        2.2385160493632892     
  -5.5264237361895487        2.3085061176487991     
  -5.5265136510035537        2.3784995460015295     
  -5.5266062405083503        2.4484964356682566     
  -5.5267015038808589        2.5184968878444418     
  -5.5267994402742087        2.5885010036727305     
  -5.5269000488177467        2.6585088842414479     
  -5.5270033286170408        2.7285206305830960     
  -5.5271092787538860        2.7985363436728536     
  -5.5272178982863132        2.8685561244270743     
  -5.5273291862485943        2.9385800737017838     
  -5.5274431416512453        3.0086082922911839     
  -5.5275597634810412        3.0786408809261494     
  -5.5276790507010132        3.1486779402727292     
  -5.5278010022504658        3.2187195709306509     
  -5.5279256170449749        3.2887658734318204     
  -5.5280528939764020        3.3588169482388261     
  -5.5281828319128987        3.4288728957434431     
  -5.5283154296989139        3.4989338162651351     
  -5.5284506861552050        3.5689998100495623     
  -5.5285886000788427        3.6390709772670866     
  -5.5287291702432215        3.7091474180112751     
  -5.5288723953980679        3.7792292322974128     
  -5.5290182742694460        3.8493165200610062     
  -5.5291668055597709        3.9194093811562931     
  -5.5293179879478158        3.9895079153547535     
  -5.5294718200887214        4.0596122223436177     
  -5.5296283006140028        4.1297224017243819     
  -5.5297874281315638        4.1998385530113138     
  -5.5299492012257012        4.2699607756299711     
  -5.4599049656493559       -4.3399244598751290     
  -5.4597425917868465       -4.2697986935768926     
  -5.4595828292040425       -4.1996790993877253     
  -5.4594256793221776       -4.1295655779488261     
  -5.4592711435391834       -4.0594580298111866     
  -5.4591192232296857       -3.9893563554370783     
  -5.4589699197449928       -3.9192604552015329     
  -5.4588232344130843       -3.8491702293938417     
  -5.4586791685386054       -3.7790855782190347     
  -5.4585377234028547       -3.7090064017993756     
  -5.4583989002637772       -3.6389326001758513     
  -5.4582627003559532       -3.5688640733096619     
  -5.4581291248905943       -3.4988007210837146     
  -5.4579981750555309       -3.4287424433041154     
  -5.4578698520152038       -3.3586891397016636     
  -5.4577441569106595       -3.2886407099333463     
  -5.4576210908595408       -3.2185970535838320     
  -5.4575006549560765       -3.1485580701669673     
  -5.4573828502710793       -3.0785236591272755     
  -5.4572676778519318       -3.0084937198414492     
  -5.4571551387225847       -2.9384681516198534     
  -5.4570452338835489       -2.8684468537080194     
  -5.4569379643118845       -2.7984297252881456     
  -5.4568333309611994       -2.7284166654805997     
  -5.4567313347616393       -2.6584075733454142     
  -5.4566319766198834       -2.5884023478837905     
  -5.4565352574191355       -2.5184008880396012     
  -5.4564411780191229       -2.4484030927008886     
  -5.4563497392560834       -2.3784088607013696     
  -5.4562609419427659       -2.3084180908219398     
  -5.4562609419427659        2.3084180908219398     
  -5.4563497392560834        2.3784088607013696     
  -5.4564411780191229        2.4484030927008886     
  -5.4565352574191355        2.5184008880396012     
  -5.4566319766198834        2.5884023478837905     
  -5.4567313347616393        2.6584075733454142     
  -5.4568333309611994        2.7284166654805997     
  -5.4569379643118845        2.7984297252881456     
  -5.4570452338835489        2.8684468537080194     
  -5.4571551387225847        2.9384681516198534     
  -5.4572676778519318        3.0084937198414492     
  -5.4573828502710793        3.0785236591272755     
  -5.4575006549560765        3.1485580701669673     
  -5.4576210908595408        3.2185970535838320     
  -5.4577441569106595        3.2886407099333463     
  -5.4578698520152038        3.3586891397016636     
  -5.4579981750555309        3.4287424433041154     
  -5.4581291248905943        3.4988007210837146     
  -5.4582627003559532        3.5688640733096619     
  -5.4583989002637772        3.6389326001758513     
  -5.4585377234028547        3.7090064017993756     
  -5.4586791685386054        3.7790855782190347     
  -5.4588232344130843        3.8491702293938417     
  -5.4589699197449928        3.9192604552015329     
  -5.4591192232296857        3.9893563554370783     
  -5.4592711435391834        4.0594580298111866     
  -5.4594256793221776        4.1295655779488261     
  -5.4595828292040425        4.1996790993877253     
  -5.4597425917868465        4.2697986935768926     
  -5.4599049656493559        4.3399244598751290     
  -5.3898670910931719       -4.4098912563489598     
  -5.3897041850699310       -4.3397618113550092     
  -5.3895438560193245       -4.2696386391841399     
  -5.3893861053675067       -4.1995216405461093     
  -5.3892309345176397       -4.1294107160589704     
  -5.3890783448498816       -4.0593057662505601     
  -5.3889283377213806       -3.9892066915599833     
  -5.3887809144662624       -3.9191133923390997     
  -5.3886360763956223       -3.8490257688540161     
  -5.3884938247975169       -3.7789437212865700     
  -5.3883541609369523       -3.7088671497358248     
  -5.3882170860558798       -3.6387959542195554     
  -5.3880826013731822       -3.5687300346757440     
  -5.3879507080846682       -3.4986692909640706     
  -5.3878214073630666       -3.4286136228674065     
  -5.3876947003580113       -3.3585629300933060     
  -5.3875705881960414       -3.2885171122755059     
  -5.3874490719805861       -3.2184760689754150     
  -5.3873301527919617       -3.1484396996836144     
  -5.3872138316873652       -3.0784079038213519     
  -5.3871001097008611       -3.0083805807420392     
  -5.3869889878433801       -2.9383576297327529     
  -5.3868804671027091       -2.8683389500157288     
  -5.3867745484434870       -2.7983244407498633     
  -5.3866712328071937       -2.7283140010322153     
  -5.3866712328071937        2.7283140010322153     
  -5.3867745484434870        2.7983244407498633     
  -5.3868804671027091        2.8683389500157288     
  -5.3869889878433801        2.9383576297327529     
  -5.3871001097008611        3.0083805807420392     
  -5.3872138316873652        3.0784079038213519     
  -5.3873301527919617        3.1484396996836144     
  -5.3874490719805861        3.2184760689754150     
  -5.3875705881960414        3.2885171122755059     
  -5.3876947003580113        3.3585629300933060     
  -5.3878214073630666        3.4286136228674065     
  -5.3879507080846682        3.4986692909640706     
  -5.3880826013731822        3.5687300346757440     
  -5.3882170860558798        3.6387959542195554     
  -5.3883541609369523        3.7088671497358248     
  -5.3884938247975169        3.7789437212865700     
  -5.3886360763956223        3.8490257688540161     
  -5.3887809144662624        3.9191133923390997     
  -5.3889283377213806        3.9892066915599833     
  -5.3890783448498816        4.0593057662505601     
  -5.3892309345176397        4.1294107160589704     
  -5.3893861053675067        4.1995216405461093     
  -5.3895438560193245        4.2696386391841399     
  -5.3897041850699310        4.3397618113550092     
  -5.3898670910931719        4.4098912563489598     
  -5.3198353752466705       -4.4798613686287752     
  -5.3196720056891014       -4.4097281099791239     
  -5.3195111787881064       -4.3396012248008233     
  -5.3193528959741538       -4.2694806138739905     
  -5.3191971586550242       -4.1993661778855449     
  -5.3190439682158033       -4.1292578174306893     
  -5.3188933260188715       -4.0591554330144008     
  -5.3187452334038907       -3.9890589250529178     
  -5.3185996916878011       -3.9189681938752217     
  -5.3184567021648066       -3.8488831397245313     
  -5.3183162661063710       -3.7788036627597892     
  -5.3181783847612021       -3.7087296630571540     
  -5.3180430593552517       -3.6386610406114879     
  -5.3179102910916995       -3.5685976953378509     
  -5.3177800811509499       -3.4985395270729933     
  -5.3176524306906217       -3.4284864355768478     
  -5.3175273408455386       -3.3584383205340238     
  -5.3174048127277240       -3.2883950815553029     
  -5.3172848474263947       -3.2183566181791337     
  -5.3171674460079474       -3.1483228298731265     
  -5.3170526095159580       -3.0782936160355545     
  -5.3170526095159580        3.0782936160355545     
  -5.3171674460079474        3.1483228298731265     
  -5.3172848474263947        3.2183566181791337     
  -5.3174048127277240        3.2883950815553029     
  -5.3175273408455386        3.3584383205340238     
  -5.3176524306906217        3.4284864355768478     
  -5.3177800811509499        3.4985395270729933     
  -5.3179102910916995        3.5685976953378509     
  -5.3180430593552517        3.6386610406114879     
  -5.3181783847612021        3.7087296630571540     
  -5.3183162661063710        3.7788036627597892     
  -5.3184567021648066        3.8488831397245313     
  -5.3185996916878011        3.9189681938752217     
  -5.3187452334038907        3.9890589250529178     
  -5.3188933260188715        4.0591554330144008     
  -5.3190439682158033        4.1292578174306893     
  -5.3191971586550242        4.1993661778855449     
  -5.3193528959741538        4.2694806138739905     
  -5.3195111787881064        4.3396012248008233     
  -5.3196720056891014        4.4097281099791239     
  -5.3198353752466705        4.4798613686287752     
  -5.2499758869980448       -4.6199787805582799     
  -5.2498096156727057       -4.5498350002496784     
  -5.2496458512235549       -4.4796977930441013     
  -5.2494845951071394       -4.4095670598899970     
  -5.2493258487576320       -4.3394427016396424     
  -5.2491696135868278       -4.2693246190506189     
  -5.2490158909841291       -4.1992127127873031     
  -5.2488646823165395       -4.1291068834223443     
  -5.2487159889286534       -4.0590070314381581     
  -5.2485698121426445       -3.9889130572284102     
  -5.2484261532582588       -3.9188248610995000     
  -5.2482850135528061       -3.8487423432720580     
  -5.2481463942811484       -3.7786654038824268     
  -5.2480102966756945       -3.7085939429841570     
  -5.2478767219463878       -3.6385278605494960     
  -5.2477456712807031       -3.5684670564708778     
  -5.2476171458436323       -3.4984114305624212     
  -5.2474911467776799       -3.4283608825614178     
  -5.2473676752028569       -3.3583153121298284     
  -5.2473676752028569        3.3583153121298284     
  -5.2474911467776799        3.4283608825614178     
  -5.2476171458436323        3.4984114305624212     
  -5.2477456712807031        3.5684670564708778     
  -5.2478767219463878        3.6385278605494960     
  -5.2480102966756945        3.7085939429841570     
  -5.2481463942811484        3.7786654038824268     
  -5.2482850135528061        3.8487423432720580     
  -5.2484261532582588        3.9188248610995000     
  -5.2485698121426445        3.9889130572284102     
  -5.2487159889286534        4.0590070314381581     
  -5.2488646823165395        4.1291068834223443     
  -5.2490158909841291        4.1992127127873031     
  -5.2491696135868278        4.2693246190506189     
  -5.2493258487576320        4.3394427016396424     
  -5.2494845951071394        4.4095670598899970     
  -5.2496458512235549        4.4796977930441013     
  -5.2498096156727057        4.5498350002496784     
  -5.2499758869980448        4.6199787805582799     
  -5.1799561730405461       -4.6899603188340082     
  -5.1797896098134935       -4.6198123546985217     
  -5.1796255191294298       -4.5496710641001750     
  -5.1794639024476936       -4.4795363480628714     
  -5.1793047612055574       -4.4094081075128404     
  -5.1791480968182197       -4.3392862432801307     
  -5.1789939106787948       -4.2691706561000871     
  -5.1788422041583004       -4.1990612466148383     
  -5.1786929786056533       -4.1289579153747775     
  -5.1785462353476550       -4.0588605628400538     
  -5.1784019756889856       -3.9887690893820569     
  -5.1782602009121925       -3.9186833952849027     
  -5.1781209122776852       -3.8486033807469284     
  -5.1779841110237195       -3.7785289458821740     
  -5.1778497983663980       -3.7084599907218800     
  -5.1777179754996556       -3.6383964152159742     
  -5.1777179754996556        3.6383964152159742     
  -5.1778497983663980        3.7084599907218800     
  -5.1779841110237195        3.7785289458821740     
  -5.1781209122776852        3.8486033807469284     
  -5.1782602009121925        3.9186833952849027     
  -5.1784019756889856        3.9887690893820569     
  -5.1785462353476550        4.0588605628400538     
  -5.1786929786056533        4.1289579153747775     
  -5.1788422041583004        4.1990612466148383     
  -5.1789939106787948        4.2691706561000871     
  -5.1791480968182197        4.3392862432801307     
  -5.1793047612055574        4.4094081075128404     
  -5.1794639024476936        4.4795363480628714     
  -5.1796255191294298        4.5496710641001750     
  -5.1797896098134935        4.6198123546985217     
  -5.1799561730405461        4.6899603188340082     
  -5.1099419414524805       -4.7599459180653243     
  -5.1097751549966333       -4.6897936354078693     
  -5.1096108067458266       -4.6196481266469123     
  -5.1094488981615838       -4.5495092928836014     
  -5.1092894306836678       -4.4793770351199278     
  -5.1091324057300733       -4.4092512542601998     
  -5.1089778246970168       -4.3391318511125343     
  -5.1088256889589267       -4.2690187263903354     
  -5.1086759998684315       -4.1989117807137788     
  -5.1085287587563535       -4.1288109146112992     
  -5.1083839669316982       -4.0587160285210739     
  -5.1082416256816439       -3.9886270227925165     
  -5.1081017362715366       -3.9185437976877542     
  -5.1081017362715366        3.9185437976877542     
  -5.1082416256816439        3.9886270227925165     
  -5.1083839669316982        4.0587160285210739     
  -5.1085287587563535        4.1288109146112992     
  -5.1086759998684315        4.1989117807137788     
  -5.1088256889589267        4.2690187263903354     
  -5.1089778246970168        4.3391318511125343     
  -5.1091324057300733        4.4092512542601998     
  -5.1092894306836678        4.4793770351199278     
  -5.1094488981615838        4.5495092928836014     
  -5.1096108067458266        4.6196481266469123     
  -5.1097751549966333        4.6897936354078693     
  -5.1099419414524805        4.7599459180653243     
  -5.0399329894449885       -4.8299357815514474     
  -5.0397660484411340       -4.7597790457499594     
  -5.0396015113008339       -4.6896291841271651     
  -5.0394393794871881       -4.6194860978632555     
  -5.0392796544418426       -4.5493496880377746     
  -5.0391223375849821       -4.4792198556310954     
  -5.0389674303153162       -4.4090965015259025     
  -5.0388149340100741       -4.3389795265086750     
  -5.0386648500249906       -4.2688688312711722     
  -5.0385171796943009       -4.1987643164119177     
  -5.0385171796943009        4.1987643164119177     
  -5.0386648500249906        4.2688688312711722     
  -5.0388149340100741        4.3389795265086750     
  -5.0389674303153162        4.4090965015259025     
  -5.0391223375849821        4.4792198556310954     
  -5.0392796544418426        4.5493496880377746     
  -5.0394393794871881        4.6194860978632555     
  -5.0396015113008339        4.6896291841271651     
  -5.0397660484411340        4.7597790457499594     
  -5.0399329894449885        4.8299357815514474     
  -4.9699291141290702       -4.8999301125216190     
  -4.9697620872634447       -4.8297687890306715     
  -4.9695974299175605       -4.7596144399210436     
  -4.9694351435554855       -4.6894669664537689     
  -4.9692752296201439       -4.6193262697877397     
  -4.9691176895332987       -4.5491922509811893     
  -4.9689625246955487       -4.4790648109931706     
  -4.9688097364863131       -4.4089438506850387     
  -4.9688097364863131        4.4089438506850387     
  -4.9689625246955487        4.4790648109931706     
  -4.9691176895332987        4.5491922509811893     
  -4.9692752296201439        4.6193262697877397     
  -4.9694351435554855        4.6894669664537689     
  -4.9695974299175605        4.7596144399210436     
  -4.9697620872634447        4.8297687890306715     
  -4.9699291141290702        4.8999301125216190     
  -4.8999301125216190       -4.9699291141290702     
  -4.8997630684834848       -4.8997630684834848     
  -4.8995983596201622       -4.8296040973398737     
  -4.8994359873960827       -4.7594521020419078     
  -4.8992759532548353       -4.6893069838296286     
  -4.8992759532548353        4.6893069838296286     
  -4.8994359873960827        4.7594521020419078     
  -4.8995983596201622        4.8296040973398737     
  -4.8997630684834848        4.8997630684834848     
  -4.8999301125216190        4.9699291141290702     
  -4.8299357815514474       -5.0399329894449885     
  -4.8297687890306715       -4.9697620872634447     
  -4.8296040973398737       -4.8995983596201622     
  -4.8296040973398737        4.8995983596201622     
  -4.8297687890306715        4.9697620872634447     
  -4.8299357815514474        5.0399329894449885     
  -4.7599459180653243       -5.1099419414524805     
  -4.7599459180653243        5.1099419414524805     
  -4.5439048718378565       -1.1184996607600879     
  -4.5438704948468898       -1.0485854988108207     
  -4.5438383342995179      -0.97867287200297304     
  -4.5438083904810744      -0.90876167809621500     
  -4.5437806636572242      -0.83885181482902604     
  -4.5437551540739589      -0.76894317992020855     
  -4.5437318619575979      -0.69903567107039966     
  -4.5437107875147849      -0.62912918596358558     
  -4.5436919309324884      -0.55922362226861400     
  -4.5436752923779977      -0.48931887764070753     
  -4.5436608719989264      -0.41941484972297788     
  -4.5436486699232068      -0.34951143614793895     
  -4.5436386862590892      -0.27960853453902090     
  -4.5436309210951462      -0.20970604251208366     
  -4.5436253745002650      -0.13980385767693126     
  -4.5436220465236543       -6.9901877638825452E-002
  -4.5436209371948362        0.0000000000000000     
  -4.5436220465236543        6.9901877638825452E-002
  -4.5436253745002650       0.13980385767693126     
  -4.5436309210951462       0.20970604251208366     
  -4.5436386862590892       0.27960853453902090     
  -4.5436486699232068       0.34951143614793895     
  -4.5436608719989264       0.41941484972297788     
  -4.5436752923779977       0.48931887764070753     
  -4.5436919309324884       0.55922362226861400     
  -4.5437107875147849       0.62912918596358558     
  -4.5437318619575979       0.69903567107039966     
  -4.5437551540739589       0.76894317992020855     
  -4.5437806636572242       0.83885181482902604     
  -4.5438083904810744       0.90876167809621500     
  -4.5438383342995179       0.97867287200297304     
  -4.5438704948468898        1.0485854988108207     
  -4.5439048718378565        1.1184996607600879     
  -4.4742606404482270       -1.7477580626750886     
  -4.4742071568661572       -1.6778276838248090     
  -4.4741558526450902       -1.6078997595443292     
  -4.4741067282402120       -1.5379741878325728     
  -4.4740597840873635       -1.4680508666536660     
  -4.4740150206030354       -1.3981296939384484     
  -4.4739724381843642       -1.3282105675859832     
  -4.4739320372091331       -1.2582933854650686     
  -4.4738938180357648       -1.1883780454157498     
  -4.4738577810033231       -1.1184644452508308     
  -4.4738239264315078       -1.0485524827573844     
  -4.4737922546206548      -0.97864205569826801     
  -4.4737627658517320      -0.90873306181363300     
  -4.4737354603863393      -0.83882539882243856     
  -4.4737103384667058      -0.76891896442396501     
  -4.4736874003156872      -0.69901365629932610     
  -4.4736666461367678      -0.62910937211298290     
  -4.4736480761140536      -0.55920600951425670     
  -4.4736316904122768      -0.48930346613884274     
  -4.4736174891767906      -0.41940163961032401     
  -4.4736054725335697      -0.34950042754168509     
  -4.4735956405892106      -0.27959972753682566     
  -4.4735879934309279      -0.20969943719207473     
  -4.4735825311265591      -0.13979945409770497     
  -4.4735792537245551       -6.9899675839446174E-002
  -4.4735781612539904        0.0000000000000000     
  -4.4735792537245551        6.9899675839446174E-002
  -4.4735825311265591       0.13979945409770497     
  -4.4735879934309279       0.20969943719207473     
  -4.4735956405892106       0.27959972753682566     
  -4.4736054725335697       0.34950042754168509     
  -4.4736174891767906       0.41940163961032401     
  -4.4736316904122768       0.48930346613884274     
  -4.4736480761140536       0.55920600951425670     
  -4.4736666461367678       0.62910937211298290     
  -4.4736874003156872       0.69901365629932610     
  -4.4737103384667058       0.76891896442396501     
  -4.4737354603863393       0.83882539882243856     
  -4.4737627658517320       0.90873306181363300     
  -4.4737922546206548       0.97864205569826801     
  -4.4738239264315078        1.0485524827573844     
  -4.4738577810033231        1.1184644452508308     
  -4.4738938180357648        1.1883780454157498     
  -4.4739320372091331        1.2582933854650686     
  -4.4739724381843642        1.3282105675859832     
  -4.4740150206030354        1.3981296939384484     
  -4.4740597840873635        1.4680508666536660     
  -4.4741067282402120        1.5379741878325728     
  -4.4741558526450902        1.6078997595443292     
  -4.4742071568661572        1.6778276838248090     
  -4.4742606404482270        1.7477580626750886     
  -4.4046424981384158       -2.2372787292131640     
  -4.4045748345102353       -2.1673304741240842     
  -4.4045093129240991       -2.0973853871067138     
  -4.4044459339613535       -2.0274433664266547     
  -4.4043846981843231       -1.9575043103041434     
  -4.4043256061363047       -1.8875681169155591     
  -4.4042686583415671       -1.8176346843949327     
  -4.4042138553053451       -1.7477039108354544     
  -4.4041611975138348       -1.6777756942909845     
  -4.4041106854341940       -1.6078499327775628     
  -4.4040623195145354       -1.5379265242749172     
  -4.4040161001839273       -1.4680053667279758     
  -4.4039720278523866       -1.3980863580483767     
  -4.4039301029108797       -1.3281693961159797     
  -4.4038903257313171       -1.2582543787803764     
  -4.4038526966665525       -1.1883412038624031     
  -4.4038172160503803       -1.1184297691556522     
  -4.4037838841975319       -1.0485199724279837     
  -4.4037527014036746      -0.97861171142303882     
  -4.4037236679454121      -0.90870488386175174     
  -4.4036967840802772      -0.83879938744386229     
  -4.4036720500467350      -0.76889511984942993     
  -4.4036494660641790      -0.69899197874034580     
  -4.4036290323329279      -0.62908986176184689     
  -4.4036107490342307      -0.55918866654402932     
  -4.4035946163302562      -0.48928829070336177     
  -4.4035806343641006      -0.41938863184420000     
  -4.4035688032597804      -0.34948958756030002     
  -4.4035591231222355      -0.27959105543633239     
  -4.4035515940373253      -0.20969293304939643     
  -4.4035462160718319      -0.13979511797053434     
  -4.4035429892734550       -6.9897507766245329E-002
  -4.4035419136708160        0.0000000000000000     
  -4.4035429892734550        6.9897507766245329E-002
  -4.4035462160718319       0.13979511797053434     
  -4.4035515940373253       0.20969293304939643     
  -4.4035591231222355       0.27959105543633239     
  -4.4035688032597804       0.34948958756030002     
  -4.4035806343641006       0.41938863184420000     
  -4.4035946163302562       0.48928829070336177     
  -4.4036107490342307       0.55918866654402932     
  -4.4036290323329279       0.62908986176184689     
  -4.4036494660641790       0.69899197874034580     
  -4.4036720500467350       0.76889511984942993     
  -4.4036967840802772       0.83879938744386229     
  -4.4037236679454121       0.90870488386175174     
  -4.4037527014036746       0.97861171142303882     
  -4.4037838841975319        1.0485199724279837     
  -4.4038172160503803        1.1184297691556522     
  -4.4038526966665525        1.1883412038624031     
  -4.4038903257313171        1.2582543787803764     
  -4.4039301029108797        1.3281693961159797     
  -4.4039720278523866        1.3980863580483767     
  -4.4040161001839273        1.4680053667279758     
  -4.4040623195145354        1.5379265242749172     
  -4.4041106854341940        1.6078499327775628     
  -4.4041611975138348        1.6777756942909845     
  -4.4042138553053451        1.7477039108354544     
  -4.4042686583415671        1.8176346843949327     
  -4.4043256061363047        1.8875681169155591     
  -4.4043846981843231        1.9575043103041434     
  -4.4044459339613535        2.0274433664266547     
  -4.4045093129240991        2.0973853871067138     
  -4.4045748345102353        2.1673304741240842     
  -4.4046424981384158        2.2372787292131640     
  -4.3349600242927702       -2.5869922725618144     
  -4.3348828894536675       -2.5170287745214841     
  -4.3348078599048687       -2.4470689531721033     
  -4.3347349363120911       -2.3771127070098563     
  -4.3346641193223521       -2.3071599344780260     
  -4.3345954095639598       -2.2372105339684958     
  -4.3345288076465156       -2.1672644038232578     
  -4.3344643141609041       -2.0973214423359217     
  -4.3344019296792933       -2.0273815477532175     
  -4.3343416547551286       -1.9574446182765095     
  -4.3342834899231280       -1.8875105520632978     
  -4.3342274356992831       -1.8175792472287318     
  -4.3341734925808488       -1.7476506018471167     
  -4.3341216610463471       -1.6777245139534247     
  -4.3340719415555577       -1.6078008815448037     
  -4.3340243345495182       -1.5378796025820871     
  -4.3339788404505217       -1.4679605749913056     
  -4.3339354596621105       -1.3980436966651970     
  -4.3338941925690788       -1.3281288654647179     
  -4.3338550395374638       -1.2582159792205541     
  -4.3338180009145475       -1.1883049357346338     
  -4.3337830770288530       -1.1183956327816398     
  -4.3337502681901441       -1.0484879681105188     
  -4.3337195746894182      -0.97858183944599775     
  -4.3336909967989117      -0.90867714449009451     
  -4.3336645347720912      -0.83877378092363053     
  -4.3336401888436553      -0.76887164640774530     
  -4.3336179592295334      -0.69897063858540864     
  -4.3335978461268834      -0.62907065508293469     
  -4.3335798497140887      -0.55917159351149548     
  -4.3335639701507613      -0.48927335146863432     
  -4.3335502075777343      -0.41937582653978078     
  -4.3335385621170692      -0.34947891629976363     
  -4.3335290338720460      -0.27958251831432557     
  -4.3335216229271705      -0.20968653014163730     
  -4.3335163293481687      -0.13979084933381192     
  -4.3335131531819888       -6.9895373438419187E-002
  -4.3335120944567986        0.0000000000000000     
  -4.3335131531819888        6.9895373438419187E-002
  -4.3335163293481687       0.13979084933381192     
  -4.3335216229271705       0.20968653014163730     
  -4.3335290338720460       0.27958251831432557     
  -4.3335385621170692       0.34947891629976363     
  -4.3335502075777343       0.41937582653978078     
  -4.3335639701507613       0.48927335146863432     
  -4.3335798497140887       0.55917159351149548     
  -4.3335978461268834       0.62907065508293469     
  -4.3336179592295334       0.69897063858540864     
  -4.3336401888436553       0.76887164640774530     
  -4.3336645347720912       0.83877378092363053     
  -4.3336909967989117       0.90867714449009451     
  -4.3337195746894182       0.97858183944599775     
  -4.3337502681901441        1.0484879681105188     
  -4.3337830770288530        1.1183956327816398     
  -4.3338180009145475        1.1883049357346338     
  -4.3338550395374638        1.2582159792205541     
  -4.3338941925690788        1.3281288654647179     
  -4.3339354596621105        1.3980436966651970     
  -4.3339788404505217        1.4679605749913056     
  -4.3340243345495182        1.5378796025820871     
  -4.3340719415555577        1.6078008815448037     
  -4.3341216610463471        1.6777245139534247     
  -4.3341734925808488        1.7476506018471167     
  -4.3342274356992831        1.8175792472287318     
  -4.3342834899231280        1.8875105520632978     
  -4.3343416547551286        1.9574446182765095     
  -4.3344019296792933        2.0273815477532175     
  -4.3344643141609041        2.0973214423359217     
  -4.3345288076465156        2.1672644038232578     
  -4.3345954095639598        2.2372105339684958     
  -4.3346641193223521        2.3071599344780260     
  -4.3347349363120911        2.3771127070098563     
  -4.3348078599048687        2.4470689531721033     
  -4.3348828894536675        2.5170287745214841     
  -4.3349600242927702        2.5869922725618144     
  -4.2653240129856496       -2.9367804679573326     
  -4.2652377603540526       -2.8667991504019046     
  -4.2651535758832173       -2.7968220169726012     
  -4.2650714603201152       -2.7268489664341722     
  -4.2649914143933412       -2.6568798974909340     
  -4.2649134388131067       -2.5869147087882780     
  -4.2648375342712361       -2.5169532989141725     
  -4.2647637014411615       -2.4469955664006666     
  -4.2646919409779169       -2.3770414097253965     
  -4.2646222535181355       -2.3070907273130898     
  -4.2645546396800453       -2.2371434175370735     
  -4.2644891000634635       -2.1671993787207766     
  -4.2644256352497942       -2.0972585091392433     
  -4.2643642458020228       -2.0273207070206336     
  -4.2643049322647126       -1.9573858705477372     
  -4.2642476951640038       -1.8874538978594770     
  -4.2641925350076040       -1.8175246870524218     
  -4.2641394522847920       -1.7475981361822921     
  -4.2640884474664080       -1.6776741432654723     
  -4.2640395210048547       -1.6077526062805194     
  -4.2639926733340934       -1.5378334231696731     
  -4.2639479048696378       -1.4679164918403673     
  -4.2639052160085580       -1.3980017101667404     
  -4.2638646071294692       -1.3280889759911463     
  -4.2638260785925368       -1.2581781871256668     
  -4.2637896307394705       -1.1882692413536229     
  -4.2637552638935201       -1.1183620364310876     
  -4.2637229783594783       -1.0484564700883965     
  -4.2636927744236752      -0.97855244003166320     
  -4.2636646523539747      -0.90864984394428983     
  -4.2636386123997783      -0.83874857948848114     
  -4.2636146547920184      -0.76884854430675753     
  -4.2635927797431590      -0.69894963602346871     
  -4.2635729874471933      -0.62905175224630716     
  -4.2635552780796422      -0.55915479056782202     
  -4.2635396517975561      -0.48925864856693274     
  -4.2635261087395104      -0.41936322381044366     
  -4.2635146490256046      -0.34946841385455774     
  -4.2635052727574632      -0.27957411624639111     
  -4.2634979800182355      -0.20968022852548701     
  -4.2634927708725927      -0.13978664822533093     
  -4.2634896453667297       -6.9893272874864423E-002
  -4.2634886035283621        0.0000000000000000     
  -4.2634896453667297        6.9893272874864423E-002
  -4.2634927708725927       0.13978664822533093     
  -4.2634979800182355       0.20968022852548701     
  -4.2635052727574632       0.27957411624639111     
  -4.2635146490256046       0.34946841385455774     
  -4.2635261087395104       0.41936322381044366     
  -4.2635396517975561       0.48925864856693274     
  -4.2635552780796422       0.55915479056782202     
  -4.2635729874471933       0.62905175224630716     
  -4.2635927797431590       0.69894963602346871     
  -4.2636146547920184       0.76884854430675753     
  -4.2636386123997783       0.83874857948848114     
  -4.2636646523539747       0.90864984394428983     
  -4.2636927744236752       0.97855244003166320     
  -4.2637229783594783        1.0484564700883965     
  -4.2637552638935201        1.1183620364310876     
  -4.2637896307394705        1.1882692413536229     
  -4.2638260785925368        1.2581781871256668     
  -4.2638646071294692        1.3280889759911463     
  -4.2639052160085580        1.3980017101667404     
  -4.2639479048696378        1.4679164918403673     
  -4.2639926733340934        1.5378334231696731     
  -4.2640395210048547        1.6077526062805194     
  -4.2640884474664080        1.6776741432654723     
  -4.2641394522847920        1.7475981361822921     
  -4.2641925350076040        1.8175246870524218     
  -4.2642476951640038        1.8874538978594770     
  -4.2643049322647126        1.9573858705477372     
  -4.2643642458020228        2.0273207070206336     
  -4.2644256352497942        2.0972585091392433     
  -4.2644891000634635        2.1671993787207766     
  -4.2645546396800453        2.2371434175370735     
  -4.2646222535181355        2.3070907273130898     
  -4.2646919409779169        2.3770414097253965     
  -4.2647637014411615        2.4469955664006666     
  -4.2648375342712361        2.5169532989141725     
  -4.2649134388131067        2.5869147087882780     
  -4.2649914143933412        2.6568798974909340     
  -4.2650714603201152        2.7268489664341722     
  -4.2651535758832173        2.7968220169726012     
  -4.2652377603540526        2.8667991504019046     
  -4.2653240129856496        2.9367804679573326     
  -4.1957317461688630       -3.2866565344989427     
  -4.1956367308662381       -3.2166548269974489     
  -4.1955437462404648       -3.1466578096803484     
  -4.1954527931166448       -3.0766653816188723     
  -4.1953638723018249       -3.0066774418163078     
  -4.1952769845849982       -2.9366938892094989     
  -4.1951921307370927       -2.8667146226703468     
  -4.1951093115109677       -2.7967395410073119     
  -4.1950285276414121       -2.7267685429669175     
  -4.1949497798451336       -2.6568015272352516     
  -4.1948730688207601       -2.5868383924394682     
  -4.1947983952488288       -2.5168790371492968     
  -4.1947257597917860       -2.4469233598785416     
  -4.1946551630939810       -2.3769712590865888     
  -4.1945866057816614       -2.3070226331799137     
  -4.1945200884629710       -2.2370773805135844     
  -4.1944556117279417       -2.1671353993927696     
  -4.1943931761484921       -2.0971965880742460     
  -4.1943327822784253       -2.0272608447679055     
  -4.1942744306534214       -1.9573280676382632     
  -4.1942181217910353       -1.8873981548059657     
  -4.1941638561906949       -1.8174710043493012     
  -4.1941116343336953       -1.7475465143057063     
  -4.1940614566831975       -1.6776245826732790     
  -4.1940133236842234       -1.6077051074122857     
  -4.1939672357636546       -1.5377879864466732     
  -4.1939231933302272       -1.4678731176655795     
  -4.1938811967745329       -1.3979603989248441     
  -4.1938412464690122       -1.3280497280485204     
  -4.1938033427679535       -1.2581410028303861     
  -4.1937674860074923       -1.1882341210354559     
  -4.1937336765056061       -1.1183289804014951     
  -4.1937019145621148       -1.0484254786405287     
  -4.1936722004586757      -0.97852351344035771     
  -4.1936445344587865      -0.90862298246607043     
  -4.1936189168077780      -0.83872378336155562     
  -4.1935953477328161      -0.76882581375101622     
  -4.1935738274428971      -0.69892897124048281     
  -4.1935543561288515      -0.62903315341932764     
  -4.1935369339633368      -0.55913825786177818     
  -4.1935215611008401      -0.48924418212843129     
  -4.1935082376776762      -0.41935082376776761     
  -4.1934969638119863      -0.34945808031766551     
  -4.1934877396037376      -0.27956584930691586     
  -4.1934805651347222      -0.20967402825673609     
  -4.1934754404685552      -0.13978251468228520     
  -4.1934723656506794       -6.9891206094177996E-002
  -4.1934713407083581        0.0000000000000000     
  -4.1934723656506794        6.9891206094177996E-002
  -4.1934754404685552       0.13978251468228520     
  -4.1934805651347222       0.20967402825673609     
  -4.1934877396037376       0.27956584930691586     
  -4.1934969638119863       0.34945808031766551     
  -4.1935082376776762       0.41935082376776761     
  -4.1935215611008401       0.48924418212843129     
  -4.1935369339633368       0.55913825786177818     
  -4.1935543561288515       0.62903315341932764     
  -4.1935738274428971       0.69892897124048281     
  -4.1935953477328161       0.76882581375101622     
  -4.1936189168077780       0.83872378336155562     
  -4.1936445344587865       0.90862298246607043     
  -4.1936722004586757       0.97852351344035771     
  -4.1937019145621148        1.0484254786405287     
  -4.1937336765056061        1.1183289804014951     
  -4.1937674860074923        1.1882341210354559     
  -4.1938033427679535        1.2581410028303861     
  -4.1938412464690122        1.3280497280485204     
  -4.1938811967745329        1.3979603989248441     
  -4.1939231933302272        1.4678731176655795     
  -4.1939672357636546        1.5377879864466732     
  -4.1940133236842234        1.6077051074122857     
  -4.1940614566831975        1.6776245826732790     
  -4.1941116343336953        1.7475465143057063     
  -4.1941638561906949        1.8174710043493012     
  -4.1942181217910353        1.8873981548059657     
  -4.1942744306534214        1.9573280676382632     
  -4.1943327822784253        2.0272608447679055     
  -4.1943931761484921        2.0971965880742460     
  -4.1944556117279417        2.1671353993927696     
  -4.1945200884629710        2.2370773805135844     
  -4.1945866057816614        2.3070226331799137     
  -4.1946551630939810        2.3769712590865888     
  -4.1947257597917860        2.4469233598785416     
  -4.1947983952488288        2.5168790371492968     
  -4.1948730688207601        2.5868383924394682     
  -4.1949497798451336        2.6568015272352516     
  -4.1950285276414121        2.7267685429669175     
  -4.1951093115109677        2.7967395410073119     
  -4.1951921307370927        2.8667146226703468     
  -4.1952769845849982        2.9366938892094989     
  -4.1953638723018249        3.0066774418163078     
  -4.1954527931166448        3.0766653816188723     
  -4.1955437462404648        3.1466578096803484     
  -4.1956367308662381        3.2166548269974489     
  -4.1957317461688630        3.2866565344989427     
  -4.1260770767250046       -3.5666089985250036     
  -4.1259756482784109       -3.4965895324393315     
  -4.1258762135939717       -3.4265751604424510     
  -4.1257787735540523       -3.3565657818744836     
  -4.1256833290232926       -3.2865612960016062     
  -4.1255898808485947       -3.2165616020175487     
  -4.1254984298591193       -3.1465665990450908     
  -4.1254089768662805       -3.0765761861375651     
  -4.1253215226637412       -3.0065902622803535     
  -4.1252360680274043       -2.9366087263923899     
  -4.1251526137154126       -2.8666314773276595     
  -4.1250711604681367       -2.7966584138767026     
  -4.1249917090081762       -2.7266894347681170     
  -4.1249142600403532       -2.6567244386700586     
  -4.1248388142517056       -2.5867633241917471     
  -4.1247653723114821       -2.5168059898849720     
  -4.1246939348711411       -2.4468523342455923     
  -4.1246245025643447       -2.3769022557150459     
  -4.1245570760069512       -2.3069556526818542     
  -4.1244916557970175       -2.2370124234831286     
  -4.1244282425147887       -2.1670724664060752     
  -4.1243668367226967       -2.0971356796895066     
  -4.1243074389653565       -2.0272019615253449     
  -4.1242500497695644       -1.9572712100601324     
  -4.1241946696442913       -1.8873433233965398     
  -4.1241412990806783       -1.8174181995948751     
  -4.1240899385520375       -1.7474957366745925     
  -4.1240405885138482       -1.6775758326158028     
  -4.1239932494037497       -1.6076583853607840     
  -4.1239479216415429       -1.5377432928154906     
  -4.1239046056291837       -1.4678304528510655     
  -4.1238633017507853       -1.3979197633053508     
  -4.1238240103726085       -1.3280111219843995     
  -4.1237867318430670       -1.2581044266639865     
  -4.1237514664927186       -1.1881995750911223     
  -4.1237182146342679       -1.1182964649855645     
  -4.1236869765625608       -1.0483949940413291     
  -4.1236577525545828      -0.97849505992820607     
  -4.1236305428694600      -0.90859656029327085     
  -4.1236053477484536      -0.83869939276239724     
  -4.1235821674149609      -0.76880345494177238     
  -4.1235610020745135      -0.69890864441940903     
  -4.1235418519147746      -0.62901485876666052     
  -4.1235247171055383      -0.55912199553973407     
  -4.1235095977987291      -0.48922995228120519     
  -4.1234964941284007      -0.41933862652153231     
  -4.1234854062107349      -0.34944791578057072     
  -4.1234763341440388      -0.27955771756908743     
  -4.1234692780087494      -0.20966792939027537     
  -4.1234642378674264      -0.13977844874126871     
  -4.1234612137647577       -6.9889173114656922E-002
  -4.1234602057275556        0.0000000000000000     
  -4.1234612137647577        6.9889173114656922E-002
  -4.1234642378674264       0.13977844874126871     
  -4.1234692780087494       0.20966792939027537     
  -4.1234763341440388       0.27955771756908743     
  -4.1234854062107349       0.34944791578057072     
  -4.1234964941284007       0.41933862652153231     
  -4.1235095977987291       0.48922995228120519     
  -4.1235247171055383       0.55912199553973407     
  -4.1235418519147746       0.62901485876666052     
  -4.1235610020745135       0.69890864441940903     
  -4.1235821674149609       0.76880345494177238     
  -4.1236053477484536       0.83869939276239724     
  -4.1236305428694600       0.90859656029327085     
  -4.1236577525545828       0.97849505992820607     
  -4.1236869765625608        1.0483949940413291     
  -4.1237182146342679        1.1182964649855645     
  -4.1237514664927186        1.1881995750911223     
  -4.1237867318430670        1.2581044266639865     
  -4.1238240103726085        1.3280111219843995     
  -4.1238633017507853        1.3979197633053508     
  -4.1239046056291837        1.4678304528510655     
  -4.1239479216415429        1.5377432928154906     
  -4.1239932494037497        1.6076583853607840     
  -4.1240405885138482        1.6775758326158028     
  -4.1240899385520375        1.7474957366745925     
  -4.1241412990806783        1.8174181995948751     
  -4.1241946696442913        1.8873433233965398     
  -4.1242500497695644        1.9572712100601324     
  -4.1243074389653565        2.0272019615253449     
  -4.1243668367226967        2.0971356796895066     
  -4.1244282425147887        2.1670724664060752     
  -4.1244916557970175        2.2370124234831286     
  -4.1245570760069512        2.3069556526818542     
  -4.1246245025643447        2.3769022557150459     
  -4.1246939348711411        2.4468523342455923     
  -4.1247653723114821        2.5168059898849720     
  -4.1248388142517056        2.5867633241917471     
  -4.1249142600403532        2.6567244386700586     
  -4.1249917090081762        2.7266894347681170     
  -4.1250711604681367        2.7966584138767026     
  -4.1251526137154126        2.8666314773276595     
  -4.1252360680274043        2.9366087263923899     
  -4.1253215226637412        3.0065902622803535     
  -4.1254089768662805        3.0765761861375651     
  -4.1254984298591193        3.1465665990450908     
  -4.1255898808485947        3.2165616020175487     
  -4.1256833290232926        3.2865612960016062     
  -4.1257787735540523        3.3565657818744836     
  -4.1258762135939717        3.4265751604424510     
  -4.1259756482784109        3.4965895324393315     
  -4.1260770767250046        3.5666089985250036     
  -4.0564465522522504       -3.8466303512736864     
  -4.0563389934381666       -3.7765914766493274     
  -4.0562333912904771       -3.7065580989378502     
  -4.0561297467463255       -3.6365301177725677     
  -4.0560280607254473       -3.5665074327068589     
  -4.0559283341301677       -3.4964899432156620     
  -4.0558305678453914       -3.4264775486969690     
  -4.0557347627386005       -3.3564701484733250     
  -4.0556409196598464       -3.2864676417933238     
  -4.0555490394417424       -3.2164699278331064     
  -4.0554591228994612       -3.1464769056978583     
  -4.0553711708307292       -3.0764884744233121     
  -4.0552851840158164       -3.0065045329772437     
  -4.0552011632175384       -2.9365249802609767     
  -4.0551191091812449       -2.8665497151108807     
  -4.0550390226348174       -2.7965786362998744     
  -4.0549609042886647       -2.7266116425389297     
  -4.0548847548357152       -2.6566486324785727     
  -4.0548105749514178       -2.5866895047103871     
  -4.0547383652937299       -2.5167341577685223     
  -4.0546681265031186       -2.4467824901311928     
  -4.0545998592025549       -2.3768344002221875     
  -4.0545335639975084       -2.3068897864123756     
  -4.0544692414759442       -2.2369485470212109     
  -4.0544068922083181       -2.1670105803182391     
  -4.0543465167475734       -2.0970757845246073     
  -4.0542881156291379       -2.0271440578145690     
  -4.0542316893709183       -1.9572152983169950     
  -4.0541772384732981       -1.8872894041168800     
  -4.0541247634191331       -1.8173662732568530     
  -4.0540742646737513       -1.7474458037386860     
  -4.0540257426849440       -1.6775278935248046     
  -4.0539791978829696       -1.6076124405397987     
  -4.0539346306805450       -1.5376993426719310     
  -4.0538920414728450       -1.4677884977746509     
  -4.0538514306375015       -1.3978798036681039     
  -4.0538127985345964       -1.3279731581406440     
  -4.0537761455066654       -1.2580684589503444     
  -4.0537414718786886       -1.1881656038265123     
  -4.0537087779580947       -1.1182644904711987     
  -4.0536780640347549       -1.0483650165607128     
  -4.0536493303809831      -0.97846707974713387     
  -4.0536225772515309      -0.90857057765982607     
  -4.0535978048835917      -0.83867540790694994     
  -4.0535750134967916      -0.76878146807697778     
  -4.0535542032931957      -0.69888865574020609     
  -4.0535353744572999      -0.62899686845027070     
  -4.0535185271560348      -0.55910600374566000     
  -4.0535036615387607      -0.48921595915122973     
  -4.0534907777372693      -0.41932663217971755     
  -4.0534798758657828      -0.34943792033325716     
  -4.0534709560209512      -0.27954972110489323     
  -4.0534640182818515      -0.20966193198009575     
  -4.0534590627099893      -0.13977445043827552     
  -4.0534560893492992       -6.9887173954298276E-002
  -4.0534550982261406        0.0000000000000000     
  -4.0534560893492992        6.9887173954298276E-002
  -4.0534590627099893       0.13977445043827552     
  -4.0534640182818515       0.20966193198009575     
  -4.0534709560209512       0.27954972110489323     
  -4.0534798758657828       0.34943792033325716     
  -4.0534907777372693       0.41932663217971755     
  -4.0535036615387607       0.48921595915122973     
  -4.0535185271560348       0.55910600374566000     
  -4.0535353744572999       0.62899686845027070     
  -4.0535542032931957       0.69888865574020609     
  -4.0535750134967916       0.76878146807697778     
  -4.0535978048835917       0.83867540790694994     
  -4.0536225772515309       0.90857057765982607     
  -4.0536493303809831       0.97846707974713387     
  -4.0536780640347549        1.0483650165607128     
  -4.0537087779580947        1.1182644904711987     
  -4.0537414718786886        1.1881656038265123     
  -4.0537761455066654        1.2580684589503444     
  -4.0538127985345964        1.3279731581406440     
  -4.0538514306375015        1.3978798036681039     
  -4.0538920414728450        1.4677884977746509     
  -4.0539346306805450        1.5376993426719310     
  -4.0539791978829696        1.6076124405397987     
  -4.0540257426849440        1.6775278935248046     
  -4.0540742646737513        1.7474458037386860     
  -4.0541247634191331        1.8173662732568530     
  -4.0541772384732981        1.8872894041168800     
  -4.0542316893709183        1.9572152983169950     
  -4.0542881156291379        2.0271440578145690     
  -4.0543465167475734        2.0970757845246073     
  -4.0544068922083181        2.1670105803182391     
  -4.0544692414759442        2.2369485470212109     
  -4.0545335639975084        2.3068897864123756     
  -4.0545998592025549        2.3768344002221875     
  -4.0546681265031186        2.4467824901311928     
  -4.0547383652937299        2.5167341577685223     
  -4.0548105749514178        2.5866895047103871     
  -4.0548847548357152        2.6566486324785727     
  -4.0549609042886647        2.7266116425389297     
  -4.0550390226348174        2.7965786362998744     
  -4.0551191091812449        2.8665497151108807     
  -4.0552011632175384        2.9365249802609767     
  -4.0552851840158164        3.0065045329772437     
  -4.0553711708307292        3.0764884744233121     
  -4.0554591228994612        3.1464769056978583     
  -4.0555490394417424        3.2164699278331064     
  -4.0556409196598464        3.2864676417933238     
  -4.0557347627386005        3.3564701484733250     
  -4.0558305678453914        3.4264775486969690     
  -4.0559283341301677        3.4964899432156620     
  -4.0560280607254473        3.5665074327068589     
  -4.0561297467463255        3.6365301177725677     
  -4.0562333912904771        3.7065580989378502     
  -4.0563389934381666        3.7765914766493274     
  -4.0564465522522504        3.8466303512736864     
  -3.9868383981626403       -4.1267274647648380     
  -3.9867249923191461       -4.0566675360440430     
  -3.9866135058803160       -3.9866135058803160     
  -3.9865039398355711       -3.9165652742244204     
  -3.9863962951572520       -3.8465227409412077     
  -3.9862905728006113       -3.7764858058111050     
  -3.9861867737038073       -3.7064543685316100     
  -3.9860848987878974       -3.6364283287187833     
  -3.9859849489568306       -3.5664075859087432     
  -3.9858869250974447       -3.4963920395591614     
  -3.9857908280794554       -3.4263815890507598     
  -3.9856966587554550       -3.3563761336888041     
  -3.9856044179609031       -3.2863755727046042     
  -3.9855141065141240       -3.2163798052570121     
  -3.9854257252162970       -3.1463887304339182     
  -3.9853392748514551       -3.0764022472537547     
  -3.9852547561864773       -3.0064202546669914     
  -3.9851721699710843       -2.9364426515576407     
  -3.9850915169378323       -2.8664693367447565     
  -3.9850127978021095       -2.7965002089839359     
  -3.9849360132621294       -2.7265351669688251     
  -3.9848611639989291       -2.6565741093326194     
  -3.9847882506763601       -2.5866169346495669     
  -3.9847172739410888       -2.5166635414364769     
  -3.9846482344225880       -2.4467138281542207     
  -3.9845811327331346       -2.3767676932092381     
  -3.9845159694678065       -2.3068250349550459     
  -3.9844527452044760       -2.2368857516937410     
  -3.9843914605038067       -2.1669497416775085     
  -3.9843321159092513       -2.0970169031101324     
  -3.9842747119470463       -2.0270871341484971     
  -3.9842192491262085       -1.9571603329041023     
  -3.9841657279385325       -1.8872363974445678     
  -3.9841141488585867       -1.8173152257951448     
  -3.9840645123437097       -1.7473967159402235     
  -3.9840168188340086       -1.6774807658248456     
  -3.9839710687523544       -1.6075672733562132     
  -3.9839272625043805       -1.5376561364051995     
  -3.9838854004784787       -1.4677472528078606     
  -3.9838454830457981       -1.3978405203669466     
  -3.9838075105602408       -1.3279358368534135     
  -3.9837714833584608       -1.2580331000079350     
  -3.9837374017598619       -1.1881322075424150     
  -3.9837052660665950       -1.1182330571415005     
  -3.9836750765635549       -1.0483355464640935     
  -3.9836468335183812      -0.97843957314486552     
  -3.9836205371814541      -0.90854503479577020     
  -3.9835961877858934      -0.83865182900755642     
  -3.9835737855475570      -0.76875985335128294     
  -3.9835533306650399      -0.69886900537983154     
  -3.9835348233196726      -0.62897918262942198     
  -3.9835182636755189      -0.55909028262112548     
  -3.9835036518793765      -0.48920220286237953     
  -3.9834909880607743      -0.41931484084850251     
  -3.9834802723319731      -0.34942809406420816     
  -3.9834715047879645      -0.27954185998512032     
  -3.9834646855064682      -0.20965603607928779     
  -3.9834598145479347      -0.13977051980869948     
  -3.9834568919555435       -6.9885208630799014E-002
  -3.9834559177552009        0.0000000000000000     
  -3.9834568919555435        6.9885208630799014E-002
  -3.9834598145479347       0.13977051980869948     
  -3.9834646855064682       0.20965603607928779     
  -3.9834715047879645       0.27954185998512032     
  -3.9834802723319731       0.34942809406420816     
  -3.9834909880607743       0.41931484084850251     
  -3.9835036518793765       0.48920220286237953     
  -3.9835182636755189       0.55909028262112548     
  -3.9835348233196726       0.62897918262942198     
  -3.9835533306650399       0.69886900537983154     
  -3.9835737855475570       0.76875985335128294     
  -3.9835961877858934       0.83865182900755642     
  -3.9836205371814541       0.90854503479577020     
  -3.9836468335183812       0.97843957314486552     
  -3.9836750765635549        1.0483355464640935     
  -3.9837052660665950        1.1182330571415005     
  -3.9837374017598619        1.1881322075424150     
  -3.9837714833584608        1.2580331000079350     
  -3.9838075105602408        1.3279358368534135     
  -3.9838454830457981        1.3978405203669466     
  -3.9838854004784787        1.4677472528078606     
  -3.9839272625043805        1.5376561364051995     
  -3.9839710687523544        1.6075672733562132     
  -3.9840168188340086        1.6774807658248456     
  -3.9840645123437097        1.7473967159402235     
  -3.9841141488585867        1.8173152257951448     
  -3.9841657279385325        1.8872363974445678     
  -3.9842192491262085        1.9571603329041023     
  -3.9842747119470463        2.0270871341484971     
  -3.9843321159092513        2.0970169031101324     
  -3.9843914605038067        2.1669497416775085     
  -3.9844527452044760        2.2368857516937410     
  -3.9845159694678065        2.3068250349550459     
  -3.9845811327331346        2.3767676932092381     
  -3.9846482344225880        2.4467138281542207     
  -3.9847172739410888        2.5166635414364769     
  -3.9847882506763601        2.5866169346495669     
  -3.9848611639989291        2.6565741093326194     
  -3.9849360132621294        2.7265351669688251     
  -3.9850127978021095        2.7965002089839359     
  -3.9850915169378323        2.8664693367447565     
  -3.9851721699710843        2.9364426515576407     
  -3.9852547561864773        3.0064202546669914     
  -3.9853392748514551        3.0764022472537547     
  -3.9854257252162970        3.1463887304339182     
  -3.9855141065141240        3.2163798052570121     
  -3.9856044179609031        3.2863755727046042     
  -3.9856966587554550        3.3563761336888041     
  -3.9857908280794554        3.4263815890507598     
  -3.9858869250974447        3.4963920395591614     
  -3.9859849489568306        3.5664075859087432     
  -3.9860848987878974        3.6364283287187833     
  -3.9861867737038073        3.7064543685316100     
  -3.9862905728006113        3.7764858058111050     
  -3.9863962951572520        3.8465227409412077     
  -3.9865039398355711        3.9165652742244204     
  -3.9866135058803160        3.9866135058803160     
  -3.9867249923191461        4.0566675360440430     
  -3.9868383981626403        4.1267274647648380     
  -3.9171318690932750       -4.3368245693532685     
  -3.9170147820288586       -4.2667482447100058     
  -3.9168995779957001       -4.1966781192811071     
  -3.9167862580162462       -4.1266140932671167     
  -3.9166748230961814       -4.0565560667781879     
  -3.9165652742244204       -3.9865039398355711     
  -3.9164576123731010       -3.9164576123731010     
  -3.9163518384975800       -3.8464169842386946     
  -3.9162479535364230       -3.7763819551958364     
  -3.9161459584114002       -3.7063524249250754     
  -3.9160458540274803       -3.6363282930255174     
  -3.9159476412728225       -3.5663094590163205     
  -3.9158513210187720       -3.4962958223381890     
  -3.9157568941198533       -3.4262872823548718     
  -3.9156643614137647       -3.3562837383546555     
  -3.9155737237213724       -3.2862850895518663     
  -3.9154849818467046       -3.2162912350883648     
  -3.9153981365769472       -3.1463020740350469     
  -3.9153131886824362       -3.0763175053933427     
  -3.9152301389166544       -3.0063374280967166     
  -3.9151489880162265       -2.9363617410121701     
  -3.9150697367009117       -2.8663903429417390     
  -3.9149923856736013       -2.7964231326240010     
  -3.9149169356203126       -2.7264600087355748     
  -3.9148433872101851       -2.6565008698926258     
  -3.9147717410954743       -2.5865456146523669     
  -3.9147019979115498       -2.5165941415145676     
  -3.9146341582768884       -2.4466463489230557     
  -3.9145682227930720       -2.3767021352672222     
  -3.9145041920447823       -2.3067613988835323     
  -3.9144420665997965       -2.2368240380570268     
  -3.9143818470089853       -2.1668899510228310     
  -3.9143235338063072       -2.0969590359676649     
  -3.9142671275088059       -2.0270311910313459     
  -3.9142126286166063       -1.9571063143083032     
  -3.9141600376129118       -1.8871843038490825     
  -3.9141093549640007       -1.8172650576618576     
  -3.9140605811192226       -1.7473484737139386     
  -3.9140137165109956       -1.6774344499332838     
  -3.9139687615548042       -1.6075228842100089     
  -3.9139257166491954       -1.5376136743978983     
  -3.9138845821757764       -1.4677067183159163     
  -3.9138453584992123       -1.3978019137497186     
  -3.9138080459672233       -1.3278991584531652     
  -3.9137726449105825       -1.2579983501498302     
  -3.9137391556431136       -1.1880993865345166     
  -3.9137075784616884       -1.1182021652747682     
  -3.9136779136462265       -1.0483065840123822     
  -3.9136501614596906      -0.97841254036492264     
  -3.9136243221480878      -0.90851993192723468     
  -3.9136003959404646      -0.83862865627295669     
  -3.9135783830489093      -0.76873861095603579     
  -3.9135582836685470      -0.69884969351224047     
  -3.9135400979775397      -0.62896180146067604     
  -3.9135238261370864      -0.55907483230529809     
  -3.9135094682914193      -0.48918868353642742     
  -3.9134970245678056      -0.41930325263226487     
  -3.9134864950765444      -0.34941843706040571     
  -3.9134778799109671      -0.27953413427935481     
  -3.9134711791474368      -0.20965024174004127     
  -3.9134663928453479      -0.13976665688733386     
  -3.9134635210471247       -6.9883277161555804E-002
  -3.9134625637782219        0.0000000000000000     
  -3.9134635210471247        6.9883277161555804E-002
  -3.9134663928453479       0.13976665688733386     
  -3.9134711791474368       0.20965024174004127     
  -3.9134778799109671       0.27953413427935481     
  -3.9134864950765444       0.34941843706040571     
  -3.9134970245678056       0.41930325263226487     
  -3.9135094682914193       0.48918868353642742     
  -3.9135238261370864       0.55907483230529809     
  -3.9135400979775397       0.62896180146067604     
  -3.9135582836685470       0.69884969351224047     
  -3.9135783830489093       0.76873861095603579     
  -3.9136003959404646       0.83862865627295669     
  -3.9136243221480878       0.90851993192723468     
  -3.9136501614596906       0.97841254036492264     
  -3.9136779136462265        1.0483065840123822     
  -3.9137075784616884        1.1182021652747682     
  -3.9137391556431136        1.1880993865345166     
  -3.9137726449105825        1.2579983501498302     
  -3.9138080459672233        1.3278991584531652     
  -3.9138453584992123        1.3978019137497186     
  -3.9138845821757764        1.4677067183159163     
  -3.9139257166491954        1.5376136743978983     
  -3.9139687615548042        1.6075228842100089     
  -3.9140137165109956        1.6774344499332838     
  -3.9140605811192226        1.7473484737139386     
  -3.9141093549640007        1.8172650576618576     
  -3.9141600376129118        1.8871843038490825     
  -3.9142126286166063        1.9571063143083032     
  -3.9142671275088059        2.0270311910313459     
  -3.9143235338063072        2.0969590359676649     
  -3.9143818470089853        2.1668899510228310     
  -3.9144420665997965        2.2368240380570268     
  -3.9145041920447823        2.3067613988835323     
  -3.9145682227930720        2.3767021352672222     
  -3.9146341582768884        2.4466463489230557     
  -3.9147019979115498        2.5165941415145676     
  -3.9147717410954743        2.5865456146523669     
  -3.9148433872101851        2.6565008698926258     
  -3.9149169356203126        2.7264600087355748     
  -3.9149923856736013        2.7964231326240010     
  -3.9150697367009117        2.8663903429417390     
  -3.9151489880162265        2.9363617410121701     
  -3.9152301389166544        3.0063374280967166     
  -3.9153131886824362        3.0763175053933427     
  -3.9153981365769472        3.1463020740350469     
  -3.9154849818467046        3.2162912350883648     
  -3.9155737237213724        3.2862850895518663     
  -3.9156643614137647        3.3562837383546555     
  -3.9157568941198533        3.4262872823548718     
  -3.9158513210187720        3.4962958223381890     
  -3.9159476412728225        3.5663094590163205     
  -3.9160458540274803        3.6363282930255174     
  -3.9161459584114002        3.7063524249250754     
  -3.9162479535364230        3.7763819551958364     
  -3.9163518384975800        3.8464169842386946     
  -3.9164576123731010        3.9164576123731010     
  -3.9165652742244204        3.9865039398355711     
  -3.9166748230961814        4.0565560667781879     
  -3.9167862580162462        4.1266140932671167     
  -3.9168995779957001        4.1966781192811071     
  -3.9170147820288586        4.2667482447100058     
  -3.9171318690932750        4.3368245693532685     
  -3.8475578465714357       -4.6170694158857231     
  -3.8474354429571753       -4.5469691598584800     
  -3.8473148848730698       -4.4768755023977542     
  -3.8471961733891709       -4.4067883440639593     
  -3.8470793095590952       -4.3367075853211619     
  -3.8469642944200158       -4.2666331265385624     
  -3.8468511289926552       -4.1965648679919880     
  -3.8467398142812788       -4.1265027098653713     
  -3.8466303512736864       -4.0564465522522504     
  -3.8465227409412077       -3.9863962951572520     
  -3.8464169842386946       -3.9163518384975800     
  -3.8463130821045142       -3.8463130821045142     
  -3.8462110354605414       -3.7762799257248951     
  -3.8461108452121566       -3.7062522690226234     
  -3.8460125122482336       -3.6362300115801482     
  -3.8459160374411390       -3.5662130528999652     
  -3.8458214216467224       -3.4962012924061114     
  -3.8457286657043133       -3.4261946294456607     
  -3.8456377704367122       -3.3561929632902214     
  -3.8455487366501884       -3.2861961931374335     
  -3.8454615651344719       -3.2162042181124675     
  -3.8453762566627496       -3.1462169372695223     
  -3.8452928119916598       -3.0762342495933277     
  -3.8452112318612852       -3.0062560540006409     
  -3.8451315169951505       -2.9362822493417515     
  -3.8450536681002165       -2.8663127344019794     
  -3.8449776858668741       -2.7963474079031809     
  -3.8449035709689410       -2.7263861685052491     
  -3.8448313240636569       -2.6564289148076177     
  -3.8447609457916787       -2.5864755453507655     
  -3.8446924367770765       -2.5165259586177227     
  -3.8446257976273288       -2.4465800530355732     
  -3.8445610289333190       -2.3766377269769610     
  -3.8444981312693312       -2.3066988787615990     
  -3.8444371051930464       -2.2367634066577726     
  -3.8443779512455372       -2.1668312088838482     
  -3.8443206699512675       -2.0969021836097825     
  -3.8442652618180864       -2.0269762289586271     
  -3.8442117273372243       -1.9570532430080414     
  -3.8441600669832914       -1.8871331237917974     
  -3.8441102812142738       -1.8172157693012931     
  -3.8440623704715304       -1.7473010774870592     
  -3.8440163351797891       -1.6773889462602716     
  -3.8439721757471457       -1.6074792734942611     
  -3.8439298925650593       -1.5375719570260238     
  -3.8438894860083512       -1.4676668946577340     
  -3.8438509564352010       -1.3977639841582548     
  -3.8438143041871449       -1.3278631232646501     
  -3.8437795295890735       -1.2579642096836967     
  -3.8437466329492302       -1.1880671410933983     
  -3.8437156145592071       -1.1181718151444966     
  -3.8436864746939454       -1.0482781294619852     
  -3.8436592136117316      -0.97838598164662249     
  -3.8436338315541971      -0.90849526927644664     
  -3.8436103287463164      -0.83860588990828722     
  -3.8435887053964048      -0.76871774107928104     
  -3.8435689616961182      -0.69883072030838511     
  -3.8435510978204501      -0.62894472509789179     
  -3.8435351139277318      -0.55905965293494286     
  -3.8435210101596318      -0.48917540129304399     
  -3.8435087866411526      -0.41929186763358028     
  -3.8434984434806330      -0.34940894940733019     
  -3.8434899807697436      -0.27952654405598137     
  -3.8434833985834906      -0.20964454901364493     
  -3.8434786969802111      -0.13976286170837132     
  -3.8434758760015755       -6.9881379563665011E-002
  -3.8434749356725852        0.0000000000000000     
  -3.8434758760015755        6.9881379563665011E-002
  -3.8434786969802111       0.13976286170837132     
  -3.8434833985834906       0.20964454901364493     
  -3.8434899807697436       0.27952654405598137     
  -3.8434984434806330       0.34940894940733019     
  -3.8435087866411526       0.41929186763358028     
  -3.8435210101596318       0.48917540129304399     
  -3.8435351139277318       0.55905965293494286     
  -3.8435510978204501       0.62894472509789179     
  -3.8435689616961182       0.69883072030838511     
  -3.8435887053964048       0.76871774107928104     
  -3.8436103287463164       0.83860588990828722     
  -3.8436338315541971       0.90849526927644664     
  -3.8436592136117316       0.97838598164662249     
  -3.8436864746939454        1.0482781294619852     
  -3.8437156145592071        1.1181718151444966     
  -3.8437466329492302        1.1880671410933983     
  -3.8437795295890735        1.2579642096836967     
  -3.8438143041871449        1.3278631232646501     
  -3.8438509564352010        1.3977639841582548     
  -3.8438894860083512        1.4676668946577340     
  -3.8439298925650593        1.5375719570260238     
  -3.8439721757471457        1.6074792734942611     
  -3.8440163351797891        1.6773889462602716     
  -3.8440623704715304        1.7473010774870592     
  -3.8441102812142738        1.8172157693012931     
  -3.8441600669832914        1.8871331237917974     
  -3.8442117273372243        1.9570532430080414     
  -3.8442652618180864        2.0269762289586271     
  -3.8443206699512675        2.0969021836097825     
  -3.8443779512455372        2.1668312088838482     
  -3.8444371051930464        2.2367634066577726     
  -3.8444981312693312        2.3066988787615990     
  -3.8445610289333190        2.3766377269769610     
  -3.8446257976273288        2.4465800530355732     
  -3.8446924367770765        2.5165259586177227     
  -3.8447609457916787        2.5864755453507655     
  -3.8448313240636569        2.6564289148076177     
  -3.8449035709689410        2.7263861685052491     
  -3.8449776858668741        2.7963474079031809     
  -3.8450536681002165        2.8663127344019794     
  -3.8451315169951505        2.9362822493417515     
  -3.8452112318612852        3.0062560540006409     
  -3.8452928119916598        3.0762342495933277     
  -3.8453762566627496        3.1462169372695223     
  -3.8454615651344719        3.2162042181124675     
  -3.8455487366501884        3.2861961931374335     
  -3.8456377704367122        3.3561929632902214     
  -3.8457286657043133        3.4261946294456607     
  -3.8458214216467224        3.4962012924061114     
  -3.8459160374411390        3.5662130528999652     
  -3.8460125122482336        3.6362300115801482     
  -3.8461108452121566        3.7062522690226234     
  -3.8462110354605414        3.7762799257248951     
  -3.8463130821045142        3.8463130821045142     
  -3.8464169842386946        3.9163518384975800     
  -3.8465227409412077        3.9863962951572520     
  -3.8466303512736864        4.0564465522522504     
  -3.8467398142812788        4.1265027098653713     
  -3.8468511289926552        4.1965648679919880     
  -3.8469642944200158        4.2666331265385624     
  -3.8470793095590952        4.3367075853211619     
  -3.8471961733891709        4.4067883440639593     
  -3.8473148848730698        4.4768755023977542     
  -3.8474354429571753        4.5469691598584800     
  -3.8475578465714357        4.6170694158857231     
  -3.7778737108826670       -4.8272830750167417     
  -3.7777480830271095       -4.7571642527008047     
  -3.7776242641925859       -4.6870523277945058     
  -3.7775022554781432       -4.6169472011399533     
  -3.7773820579667121       -4.5468487734784500     
  -3.7772636727250983       -4.4767569454519691     
  -3.7771471008039779       -4.4066716176046414     
  -3.7770323432378876       -4.3365926903842409     
  -3.7769194010452187       -4.2665200641436734     
  -3.7768082752282108       -4.1964536391424572     
  -3.7766989667729427       -4.1263933155482153     
  -3.7765914766493274       -4.0563389934381666     
  -3.7764858058111050       -3.9862905728006113     
  -3.7763819551958364       -3.9162479535364230     
  -3.7762799257248951       -3.8462110354605414     
  -3.7761797183034638       -3.7761797183034638     
  -3.7760813338205259       -3.7061539017127387     
  -3.7759847731488603       -3.6361334852544585     
  -3.7758900371450346       -3.5661183684147550     
  -3.7757971266494010       -3.4961084506012976     
  -3.7757060424860889       -3.4261036311447848     
  -3.7756167854629994       -3.3561038093004441     
  -3.7755293563718002       -3.2861088842495301     
  -3.7754437559879208       -3.2161187551008221     
  -3.7753599850705464       -3.1461333208921221     
  -3.7752780443626124       -3.0761524805917584     
  -3.7751979345907998       -3.0061761331000816     
  -3.7751196564655314       -2.9362041772509690     
  -3.7750432106809639       -2.8662365118133248     
  -3.7749685979149867       -2.7962730354925829     
  -3.7748958188292154       -2.7263136469322116     
  -3.7748248740689876       -2.6563582447152134     
  -3.7747557642633573       -2.5864067273656337     
  -3.7746884900250937       -2.5164589933500627     
  -3.7746230519506745       -2.4465149410791409     
  -3.7745594506202820       -2.3765744689090664     
  -3.7744976865978002       -2.3066374751431002     
  -3.7744377604308106       -2.2367038580330734     
  -3.7743796726505883       -2.1667735157808932     
  -3.7743234237720986       -2.0968463465400551     
  -3.7742690142939930       -2.0269222484171441     
  -3.7742164446986068       -1.9570011194733519     
  -3.7741657154519554       -1.8870828577259777     
  -3.7741168270037306       -1.8171673611499444     
  -3.7740697797872977       -1.7472545276793046     
  -3.7740245742196943       -1.6773442552087530     
  -3.7739812107016242       -1.6074364415951363     
  -3.7739396896174582       -1.5375309846589644     
  -3.7739000113352290       -1.4676277821859225     
  -3.7738621762066300       -1.3977267319283815     
  -3.7738261845670125       -1.3278277316069120     
  -3.7737920367353834       -1.2579306789117946     
  -3.7737597330144030       -1.1880354715045343     
  -3.7737292736903840       -1.1181420070193731     
  -3.7737006590332869       -1.0482501830648021     
  -3.7736738892967221      -0.97835989722507610     
  -3.7736489647179443      -0.90847104706172743     
  -3.7736258855178542      -0.83858353011507869     
  -3.7736046519009938      -0.76869724390575811     
  -3.7735852640555483      -0.69881208593621269     
  -3.7735677221533424      -0.62892795369222376     
  -3.7735520263498401      -0.55904474464442089     
  -3.7735381767841440      -0.48916235624979648     
  -3.7735261735789933      -0.41928068595322149     
  -3.7735160168407638      -0.34939963118895961     
  -3.7735077066594673      -0.27951908938218278     
  -3.7735012431087500      -0.20963895795048612     
  -3.7734966262458940      -0.13975913430540352     
  -3.7734938561118141       -6.9879515853922491E-002
  -3.7734929327310596        0.0000000000000000     
  -3.7734938561118141        6.9879515853922491E-002
  -3.7734966262458940       0.13975913430540352     
  -3.7735012431087500       0.20963895795048612     
  -3.7735077066594673       0.27951908938218278     
  -3.7735160168407638       0.34939963118895961     
  -3.7735261735789933       0.41928068595322149     
  -3.7735381767841440       0.48916235624979648     
  -3.7735520263498401       0.55904474464442089     
  -3.7735677221533424       0.62892795369222376     
  -3.7735852640555483       0.69881208593621269     
  -3.7736046519009938       0.76869724390575811     
  -3.7736258855178542       0.83858353011507869     
  -3.7736489647179443       0.90847104706172743     
  -3.7736738892967221       0.97835989722507610     
  -3.7737006590332869        1.0482501830648021     
  -3.7737292736903840        1.1181420070193731     
  -3.7737597330144030        1.1880354715045343     
  -3.7737920367353834        1.2579306789117946     
  -3.7738261845670125        1.3278277316069120     
  -3.7738621762066300        1.3977267319283815     
  -3.7739000113352290        1.4676277821859225     
  -3.7739396896174582        1.5375309846589644     
  -3.7739812107016242        1.6074364415951363     
  -3.7740245742196943        1.6773442552087530     
  -3.7740697797872977        1.7472545276793046     
  -3.7741168270037306        1.8171673611499444     
  -3.7741657154519554        1.8870828577259777     
  -3.7742164446986068        1.9570011194733519     
  -3.7742690142939930        2.0269222484171441     
  -3.7743234237720986        2.0968463465400551     
  -3.7743796726505883        2.1667735157808932     
  -3.7744377604308106        2.2367038580330734     
  -3.7744976865978002        2.3066374751431002     
  -3.7745594506202820        2.3765744689090664     
  -3.7746230519506745        2.4465149410791409     
  -3.7746884900250937        2.5164589933500627     
  -3.7747557642633573        2.5864067273656337     
  -3.7748248740689876        2.6563582447152134     
  -3.7748958188292154        2.7263136469322116     
  -3.7749685979149867        2.7962730354925829     
  -3.7750432106809639        2.8662365118133248     
  -3.7751196564655314        2.9362041772509690     
  -3.7751979345907998        3.0061761331000816     
  -3.7752780443626124        3.0761524805917584     
  -3.7753599850705464        3.1461333208921221     
  -3.7754437559879208        3.2161187551008221     
  -3.7755293563718002        3.2861088842495301     
  -3.7756167854629994        3.3561038093004441     
  -3.7757060424860889        3.4261036311447848     
  -3.7757971266494010        3.4961084506012976     
  -3.7758900371450346        3.5661183684147550     
  -3.7759847731488603        3.6361334852544585     
  -3.7760813338205259        3.7061539017127387     
  -3.7761797183034638        3.7761797183034638     
  -3.7762799257248951        3.8462110354605414     
  -3.7763819551958364        3.9162479535364230     
  -3.7764858058111050        3.9862905728006113     
  -3.7765914766493274        4.0563389934381666     
  -3.7766989667729427        4.1263933155482153     
  -3.7768082752282108        4.1964536391424572     
  -3.7769194010452187        4.2665200641436734     
  -3.7770323432378876        4.3365926903842409     
  -3.7771471008039779        4.4066716176046414     
  -3.7772636727250983        4.4767569454519691     
  -3.7773820579667121        4.5468487734784500     
  -3.7775022554781432        4.6169472011399533     
  -3.7776242641925859        4.6870523277945058     
  -3.7777480830271095        4.7571642527008047     
  -3.7778737108826670        4.8272830750167417     
  -3.7081973943708815       -5.0375511772585559     
  -3.7080687526134399       -4.9674128572746081     
  -3.7079418833292612       -4.8972817326990246     
  -3.7078167876445303       -4.8271577046692942     
  -3.7076934666696362       -4.7570406742176461     
  -3.7075719214991634       -4.6869305422725276     
  -3.7074521532118854       -4.6168272096600838     
  -3.7073341628707563       -4.5467305771056443     
  -3.7072179515229049       -4.4766405452352060     
  -3.7071035201996243       -4.4065570145769124     
  -3.7069908699163689       -4.3364798855625448     
  -3.7068800016727441       -4.2664090585290069     
  -3.7067709164525011       -4.1963444337198128     
  -3.7066636152235293       -4.1262859112865700     
  -3.7065580989378502       -4.0562333912904771     
  -3.7064543685316100       -3.9861867737038073     
  -3.7063524249250754       -3.9161459584114002     
  -3.7062522690226234       -3.8461108452121566     
  -3.7061539017127387       -3.7760813338205259     
  -3.7060573238680057       -3.7060573238680057     
  -3.7059625363451034       -3.6360387149046298     
  -3.7058695399847985       -3.5660254064004664     
  -3.7057783356119414       -3.4960172977471142     
  -3.7056889240354578       -3.4260142882591968     
  -3.7056013060483459       -3.3560162771758604     
  -3.7055154824276704       -3.2860231636622736     
  -3.7054314539345552       -3.2160348468111235     
  -3.7053492213141803       -3.1460512256441153     
  -3.7052687852957771       -3.0760721991134754     
  -3.7051901465926211       -3.0060976661034471     
  -3.7051133059020289       -2.9361275254317967     
  -3.7050382639053532       -2.8661616758513113     
  -3.7049650212679772       -2.7962000160513036     
  -3.7048935786393118       -2.7262424446591162     
  -3.7048239366527889       -2.6562888602416224     
  -3.7047560959258590       -2.5863391613067317     
  -3.7046900570599872       -2.5163932463048968     
  -3.7046258206406470       -2.4464510136306163     
  -3.7045633872373185       -2.3765123616239401     
  -3.7045027574034828       -2.3065771885719801     
  -3.7044439316766202       -2.2366453927104124     
  -3.7043869105782052       -2.1667168722249879     
  -3.7043316946137024       -2.0967915252530394     
  -3.7042782842725654       -2.0268692498849883     
  -3.7042266800282309       -1.9569499441658578     
  -3.7041768823381171       -1.8870335060967767     
  -3.7041288916436201       -1.8171198336364931     
  -3.7040827083701116       -1.7472088247028827     
  -3.7040383329269342       -1.6773003771744606     
  -3.7039957657074005       -1.6073943888918909     
  -3.7039550070887906       -1.5374907576594978     
  -3.7039160574323469       -1.4675893812467791     
  -3.7038789170832760       -1.3976901573899154     
  -3.7038435863707417       -1.3277929837932849     
  -3.7038100656078665       -1.2578977581309736     
  -3.7037783550917269       -1.1880043780482896     
  -3.7037484551033533       -1.1181127411632765     
  -3.7037203659077274       -1.0482227450682247     
  -3.7036940877537794      -0.97833428733118699     
  -3.7036696208743880      -0.90844726549749144     
  -3.7036469654863784      -0.83856157709125545     
  -3.7036261217905193      -0.76867711961690033     
  -3.7036070899715243      -0.69879379056066493     
  -3.7035898701980488      -0.62891148739212144     
  -3.7035744626226879      -0.55903010756568872     
  -3.7035608673819778      -0.48914954852214804     
  -3.7035490845963945      -0.41926970769015787     
  -3.7035391143703507      -0.34939048248776894     
  -3.7035309567921981      -0.27951177032393948     
  -3.7035246119342240      -0.20963346860005042     
  -3.7035200798526531      -0.13975547471142089     
  -3.7035173605876466       -6.9877686048823523E-002
  -3.7035164541633003        0.0000000000000000     
  -3.7035173605876466        6.9877686048823523E-002
  -3.7035200798526531       0.13975547471142089     
  -3.7035246119342240       0.20963346860005042     
  -3.7035309567921981       0.27951177032393948     
  -3.7035391143703507       0.34939048248776894     
  -3.7035490845963945       0.41926970769015787     
  -3.7035608673819778       0.48914954852214804     
  -3.7035744626226879       0.55903010756568872     
  -3.7035898701980488       0.62891148739212144     
  -3.7036070899715243       0.69879379056066493     
  -3.7036261217905193       0.76867711961690033     
  -3.7036469654863784       0.83856157709125545     
  -3.7036696208743880       0.90844726549749144     
  -3.7036940877537794       0.97833428733118699     
  -3.7037203659077274        1.0482227450682247     
  -3.7037484551033533        1.1181127411632765     
  -3.7037783550917269        1.1880043780482896     
  -3.7038100656078665        1.2578977581309736     
  -3.7038435863707417        1.3277929837932849     
  -3.7038789170832760        1.3976901573899154     
  -3.7039160574323469        1.4675893812467791     
  -3.7039550070887906        1.5374907576594978     
  -3.7039957657074005        1.6073943888918909     
  -3.7040383329269342        1.6773003771744606     
  -3.7040827083701116        1.7472088247028827     
  -3.7041288916436201        1.8171198336364931     
  -3.7041768823381171        1.8870335060967767     
  -3.7042266800282309        1.9569499441658578     
  -3.7042782842725654        2.0268692498849883     
  -3.7043316946137024        2.0967915252530394     
  -3.7043869105782052        2.1667168722249879     
  -3.7044439316766202        2.2366453927104124     
  -3.7045027574034828        2.3065771885719801     
  -3.7045633872373185        2.3765123616239401     
  -3.7046258206406470        2.4464510136306163     
  -3.7046900570599872        2.5163932463048968     
  -3.7047560959258590        2.5863391613067317     
  -3.7048239366527889        2.6562888602416224     
  -3.7048935786393118        2.7262424446591162     
  -3.7049650212679772        2.7962000160513036     
  -3.7050382639053532        2.8661616758513113     
  -3.7051133059020289        2.9361275254317967     
  -3.7051901465926211        3.0060976661034471     
  -3.7052687852957771        3.0760721991134754     
  -3.7053492213141803        3.1460512256441153     
  -3.7054314539345552        3.2160348468111235     
  -3.7055154824276704        3.2860231636622736     
  -3.7056013060483459        3.3560162771758604     
  -3.7056889240354578        3.4260142882591968     
  -3.7057783356119414        3.4960172977471142     
  -3.7058695399847985        3.5660254064004664     
  -3.7059625363451034        3.6360387149046298     
  -3.7060573238680057        3.7060573238680057     
  -3.7061539017127387        3.7760813338205259     
  -3.7062522690226234        3.8461108452121566     
  -3.7063524249250754        3.9161459584114002     
  -3.7064543685316100        3.9861867737038073     
  -3.7065580989378502        4.0562333912904771     
  -3.7066636152235293        4.1262859112865700     
  -3.7067709164525011        4.1963444337198128     
  -3.7068800016727441        4.2664090585290069     
  -3.7069908699163689        4.3364798855625448     
  -3.7071035201996243        4.4065570145769124     
  -3.7072179515229049        4.4766405452352060     
  -3.7073341628707563        4.5467305771056443     
  -3.7074521532118854        4.6168272096600838     
  -3.7075719214991634        4.6869305422725276     
  -3.7076934666696362        4.7570406742176461     
  -3.7078167876445303        4.8271577046692942     
  -3.7079418833292612        4.8972817326990246     
  -3.7080687526134399        4.9674128572746081     
  -3.7081973943708815        5.0375511772585559     
  -3.6386610406114879       -5.3180430593552517     
  -3.6385278605494960       -5.2478767219463878     
  -3.6383964152159742       -5.1777179754996556     
  -3.6382667057778586       -5.1075667215727636     
  -3.6381387333866169       -5.0374228616122387     
  -3.6380124991782403       -4.9672862969549048     
  -3.6378880042732376       -4.8971569288293582     
  -3.6377652497766237       -4.8270346583574426     
  -3.6376442367779167       -4.7569193865557367     
  -3.6375249663511258       -4.6868110143370272     
  -3.6374074395547469       -4.6167094425117945     
  -3.6372916574317538       -4.5466145717896920     
  -3.6371776210095916       -4.4765263027810365     
  -3.6370653313001693       -4.4064445359982818     
  -3.6369547892998524       -4.3363691718575161     
  -3.6368459959894572       -4.2663001106799392     
  -3.6367389523342424       -4.1962372526933569     
  -3.6366336592839041       -4.1261804980336603     
  -3.6365301177725677       -4.0561297467463255     
  -3.6364283287187833       -3.9860848987878974     
  -3.6363282930255174       -3.9160458540274803     
  -3.6362300115801482       -3.8460125122482336     
  -3.6361334852544585       -3.7759847731488603     
  -3.6360387149046298       -3.7059625363451034     
  -3.6359457013712380       -3.6359457013712380     
  -3.6358544454792456       -3.5659341676815672     
  -3.6357649480379961       -3.4959278346519196     
  -3.6356772098412113       -3.4259266015811414     
  -3.6355912316669814       -3.3559303676925980     
  -3.6355070142777639       -3.2859390321356710     
  -3.6354245584203757       -3.2159524939872552     
  -3.6353438648259888       -3.1459706522532596     
  -3.6352649342101264       -3.0759934058701068     
  -3.6351877672726554       -3.0060206537062339     
  -3.6351123646977848       -2.9360522945635954     
  -3.6350387271540585       -2.8660882271791617     
  -3.6349668552943526       -2.7961283502264247     
  -3.6348967497558693       -2.7261725623169020     
  -3.6348284111601341       -2.6562207620016363     
  -3.6347618401129900       -2.5862728477727042     
  -3.6346970372045950       -2.5163287180647198     
  -3.6346340030094177       -2.4463882712563390     
  -3.6345727380862325       -2.3764514056717672     
  -3.6345132429781160       -2.3065180195822661     
  -3.6344555182124445       -2.2365880112076586     
  -3.6343995643008897       -2.1666612787178381     
  -3.6343453817394149       -2.0967377202342776     
  -3.6342929710082714       -2.0268172338315358     
  -3.6342423325719970       -1.9568997175387675     
  -3.6341934668794109       -1.8869850693412324     
  -3.6341463743636115       -1.8170731871818058     
  -3.6341010554419739       -1.7471639689624874     
  -3.6340575105161461       -1.6772573125459134     
  -3.6340157399720470       -1.6073531157568670     
  -3.6339757441798635       -1.5374512763837884     
  -3.6339375234940490       -1.4675516921802889     
  -3.6339010782533183       -1.3976542608666607     
  -3.6338664087806487       -1.3277588801313909     
  -3.6338335153832761       -1.2578654476326725     
  -3.6338023983526928       -1.1879738609999186     
  -3.6337730579646457       -1.1180840178352756     
  -3.6337454944791348       -1.0481958157151350     
  -3.6337197081404118      -0.97830915219164927     
  -3.6336956991769767      -0.90842392479424416     
  -3.6336734678015787      -0.83854003103113350     
  -3.6336530142112133      -0.76865736839083354     
  -3.6336343385871204      -0.69877583434367696     
  -3.6336174410947852      -0.62889532634332823     
  -3.6336023218839344      -0.55901574182829761     
  -3.6335889810885380      -0.48913697822345703     
  -3.6335774188268064      -0.41925893294155453     
  -3.6335676352011896      -0.34938150338472973     
  -3.6335596302983784      -0.27950458694602914     
  -3.6335534041893016      -0.20962808101092123     
  -3.6335489569291268      -0.13975188295881258     
  -3.6335462885572594       -6.9875890164562693E-002
  -3.6335453990973434        0.0000000000000000     
  -3.6335462885572594        6.9875890164562693E-002
  -3.6335489569291268       0.13975188295881258     
  -3.6335534041893016       0.20962808101092123     
  -3.6335596302983784       0.27950458694602914     
  -3.6335676352011896       0.34938150338472973     
  -3.6335774188268064       0.41925893294155453     
  -3.6335889810885380       0.48913697822345703     
  -3.6336023218839344       0.55901574182829761     
  -3.6336174410947852       0.62889532634332823     
  -3.6336343385871204       0.69877583434367696     
  -3.6336530142112133       0.76865736839083354     
  -3.6336734678015787       0.83854003103113350     
  -3.6336956991769767       0.90842392479424416     
  -3.6337197081404118       0.97830915219164927     
  -3.6337454944791348        1.0481958157151350     
  -3.6337730579646457        1.1180840178352756     
  -3.6338023983526928        1.1879738609999186     
  -3.6338335153832761        1.2578654476326725     
  -3.6338664087806487        1.3277588801313909     
  -3.6339010782533183        1.3976542608666607     
  -3.6339375234940490        1.4675516921802889     
  -3.6339757441798635        1.5374512763837884     
  -3.6340157399720470        1.6073531157568670     
  -3.6340575105161461        1.6772573125459134     
  -3.6341010554419739        1.7471639689624874     
  -3.6341463743636115        1.8170731871818058     
  -3.6341934668794109        1.8869850693412324     
  -3.6342423325719970        1.9568997175387675     
  -3.6342929710082714        2.0268172338315358     
  -3.6343453817394149        2.0967377202342776     
  -3.6343995643008897        2.1666612787178381     
  -3.6344555182124445        2.2365880112076586     
  -3.6345132429781160        2.3065180195822661     
  -3.6345727380862325        2.3764514056717672     
  -3.6346340030094177        2.4463882712563390     
  -3.6346970372045950        2.5163287180647198     
  -3.6347618401129900        2.5862728477727042     
  -3.6348284111601341        2.6562207620016363     
  -3.6348967497558693        2.7261725623169020     
  -3.6349668552943526        2.7961283502264247     
  -3.6350387271540585        2.8660882271791617     
  -3.6351123646977848        2.9360522945635954     
  -3.6351877672726554        3.0060206537062339     
  -3.6352649342101264        3.0759934058701068     
  -3.6353438648259888        3.1459706522532596     
  -3.6354245584203757        3.2159524939872552     
  -3.6355070142777639        3.2859390321356710     
  -3.6355912316669814        3.3559303676925980     
  -3.6356772098412113        3.4259266015811414     
  -3.6357649480379961        3.4959278346519196     
  -3.6358544454792456        3.5659341676815672     
  -3.6359457013712380        3.6359457013712380     
  -3.6360387149046298        3.7059625363451034     
  -3.6361334852544585        3.7759847731488603     
  -3.6362300115801482        3.8460125122482336     
  -3.6363282930255174        3.9160458540274803     
  -3.6364283287187833        3.9860848987878974     
  -3.6365301177725677        4.0561297467463255     
  -3.6366336592839041        4.1261804980336603     
  -3.6367389523342424        4.1962372526933569     
  -3.6368459959894572        4.2663001106799392     
  -3.6369547892998524        4.3363691718575161     
  -3.6370653313001693        4.4064445359982818     
  -3.6371776210095916        4.4765263027810365     
  -3.6372916574317538        4.5466145717896920     
  -3.6374074395547469        4.6167094425117945     
  -3.6375249663511258        4.6868110143370272     
  -3.6376442367779167        4.7569193865557367     
  -3.6377652497766237        4.8270346583574426     
  -3.6378880042732376        4.8971569288293582     
  -3.6380124991782403        4.9672862969549048     
  -3.6381387333866169        5.0374228616122387     
  -3.6382667057778586        5.1075667215727636     
  -3.6383964152159742        5.1777179754996556     
  -3.6385278605494960        5.2478767219463878     
  -3.6386610406114879        5.3180430593552517     
  -3.5689998100495623       -5.5284506861552050     
  -3.5688640733096619       -5.4582627003559532     
  -3.5687300346757440       -5.3880826013731822     
  -3.5685976953378509       -5.3179102910916995     
  -3.5684670564708778       -5.2477456712807031     
  -3.5683381192345647       -5.1775886435952501     
  -3.5682108847734866       -5.1074391095777365     
  -3.5680853542170490       -5.0372969706593631     
  -3.5679615286794761       -4.9671621281616236     
  -3.5678394092598062       -4.8970344832977739     
  -3.5677189970418821       -4.8269139371743108     
  -3.5676002930943440       -4.7568003907924590     
  -3.5674832984706226       -4.6866937450496424     
  -3.5673680142089319       -4.6165939007409715     
  -3.5672544413322607       -4.5465007585607244     
  -3.5671425808483668       -4.4764142191038330     
  -3.5670324337497692       -4.4063341828673623     
  -3.5669240010137422       -4.3362605502520006     
  -3.5668172836023073       -4.2661932215635439     
  -3.5667122824622286       -4.1961320970143872     
  -3.5666089985250036       -4.1260770767250046     
  -3.5665074327068589       -4.0560280607254473     
  -3.5664075859087432       -3.9859849489568306     
  -3.5663094590163205       -3.9159476412728225     
  -3.5662130528999652       -3.8459160374411390     
  -3.5661183684147550       -3.7758900371450346     
  -3.5660254064004664       -3.7058695399847985     
  -3.5659341676815672       -3.6358544454792456     
  -3.5658446530672121       -3.5658446530672121     
  -3.5657568633512371       -3.4958400621090560     
  -3.5656707993121528       -3.4258405718881471     
  -3.5655864617131408       -3.3558460816123676     
  -3.5655038513020476       -3.2858564904156129     
  -3.5654229688113803       -3.2158716973592845     
  -3.5653438149582999       -3.1458916014337941     
  -3.5652663904446174       -3.0759161015600625     
  -3.5651906959567903       -3.0059450965910193     
  -3.5651167321659152       -2.9359784853131066     
  -3.5650444997277262       -2.8660161664477801     
  -3.5649739992825880       -2.7960580386530101     
  -3.5649052314554925       -2.7261040005247885     
  -3.5648381968560554       -2.6561539505986298     
  -3.5647728960785110       -2.5862077873510767     
  -3.5647093297017074       -2.5162654092012056     
  -3.5646474982891054       -2.4463267145121312     
  -3.5645874023887711       -2.3763916015925139     
  -3.5645290425333753       -2.3064599686980665     
  -3.5644724192401882       -2.2365317140330596     
  -3.5644175330110763       -2.1666067357518308     
  -3.5643643843324986       -2.0966849319602936     
  -3.5643129736755044       -2.0267662007174434     
  -3.5642633014957288       -1.9568504400368707     
  -3.5642153682333908       -1.8869375478882657     
  -3.5641691743132897       -1.8170274221989322     
  -3.5641247201448016       -1.7471199608552950     
  -3.5640820061218790       -1.6772150617044137     
  -3.5640410326230447       -1.6073126225554908     
  -3.5640018000113920       -1.5374125411813848     
  -3.5639643086345814       -1.4675147153201218     
  -3.5639285588248382       -1.3976190426764070     
  -3.5638945508989495       -1.3277254209231382     
  -3.5638622851582640       -1.2578337477029169     
  -3.5638317618886881       -1.1879439206295628     
  -3.5638029813606846       -1.1180558372896268     
  -3.5637759438292713       -1.0481693952439035     
  -3.5637506495340188      -0.97828449202894641     
  -3.5637270986990490      -0.90840102515858123     
  -3.5637052915330338      -0.83851889212541975     
  -3.5636852282291938      -0.76863799040237524     
  -3.5636669089652959      -0.69875821744417566     
  -3.5636503339036536      -0.62887947068888006     
  -3.5636355031911249      -0.55900164755939219     
  -3.5636224169591126      -0.48912464546497625     
  -3.5636110753235610      -0.41924836180277192     
  -3.5636014783849581      -0.34937269395930964     
  -3.5635936262283328      -0.27949753931202614     
  -3.5635875189232542      -0.20962279523077965     
  -3.5635831565238330      -0.13974835907936603     
  -3.5635805390687203       -6.9874128217033746E-002
  -3.5635796665811061        0.0000000000000000     
  -3.5635805390687203        6.9874128217033746E-002
  -3.5635831565238330       0.13974835907936603     
  -3.5635875189232542       0.20962279523077965     
  -3.5635936262283328       0.27949753931202614     
  -3.5636014783849581       0.34937269395930964     
  -3.5636110753235610       0.41924836180277192     
  -3.5636224169591126       0.48912464546497625     
  -3.5636355031911249       0.55900164755939219     
  -3.5636503339036536       0.62887947068888006     
  -3.5636669089652959       0.69875821744417566     
  -3.5636852282291938       0.76863799040237524     
  -3.5637052915330338       0.83851889212541975     
  -3.5637270986990490       0.90840102515858123     
  -3.5637506495340188       0.97828449202894641     
  -3.5637759438292713        1.0481693952439035     
  -3.5638029813606846        1.1180558372896268     
  -3.5638317618886881        1.1879439206295628     
  -3.5638622851582640        1.2578337477029169     
  -3.5638945508989495        1.3277254209231382     
  -3.5639285588248382        1.3976190426764070     
  -3.5639643086345814        1.4675147153201218     
  -3.5640018000113920        1.5374125411813848     
  -3.5640410326230447        1.6073126225554908     
  -3.5640820061218790        1.6772150617044137     
  -3.5641247201448016        1.7471199608552950     
  -3.5641691743132897        1.8170274221989322     
  -3.5642153682333908        1.8869375478882657     
  -3.5642633014957288        1.9568504400368707     
  -3.5643129736755044        2.0267662007174434     
  -3.5643643843324986        2.0966849319602936     
  -3.5644175330110763        2.1666067357518308     
  -3.5644724192401882        2.2365317140330596     
  -3.5645290425333753        2.3064599686980665     
  -3.5645874023887711        2.3763916015925139     
  -3.5646474982891054        2.4463267145121312     
  -3.5647093297017074        2.5162654092012056     
  -3.5647728960785110        2.5862077873510767     
  -3.5648381968560554        2.6561539505986298     
  -3.5649052314554925        2.7261040005247885     
  -3.5649739992825880        2.7960580386530101     
  -3.5650444997277262        2.8660161664477801     
  -3.5651167321659152        2.9359784853131066     
  -3.5651906959567903        3.0059450965910193     
  -3.5652663904446174        3.0759161015600625     
  -3.5653438149582999        3.1458916014337941     
  -3.5654229688113803        3.2158716973592845     
  -3.5655038513020476        3.2858564904156129     
  -3.5655864617131408        3.3558460816123676     
  -3.5656707993121528        3.4258405718881471     
  -3.5657568633512371        3.4958400621090560     
  -3.5658446530672121        3.5658446530672121     
  -3.5659341676815672        3.6358544454792456     
  -3.5660254064004664        3.7058695399847985     
  -3.5661183684147550        3.7758900371450346     
  -3.5662130528999652        3.8459160374411390     
  -3.5663094590163205        3.9159476412728225     
  -3.5664075859087432        3.9859849489568306     
  -3.5665074327068589        4.0560280607254473     
  -3.5666089985250036        4.1260770767250046     
  -3.5667122824622286        4.1961320970143872     
  -3.5668172836023073        4.2661932215635439     
  -3.5669240010137422        4.3362605502520006     
  -3.5670324337497692        4.4063341828673623     
  -3.5671425808483668        4.4764142191038330     
  -3.5672544413322607        4.5465007585607244     
  -3.5673680142089319        4.6165939007409715     
  -3.5674832984706226        4.6866937450496424     
  -3.5676002930943440        4.7568003907924590     
  -3.5677189970418821        4.8269139371743108     
  -3.5678394092598062        4.8970344832977739     
  -3.5679615286794761        4.9671621281616236     
  -3.5680853542170490        5.0372969706593631     
  -3.5682108847734866        5.1074391095777365     
  -3.5683381192345647        5.1775886435952501     
  -3.5684670564708778        5.2477456712807031     
  -3.5685976953378509        5.3179102910916995     
  -3.5687300346757440        5.3880826013731822     
  -3.5688640733096619        5.4582627003559532     
  -3.5689998100495623        5.5284506861552050     
  -3.4993430802895622       -5.7389226516748826     
  -3.4992049970719403       -5.6687120952565433     
  -3.4990685753266999       -5.5985097205227188     
  -3.4989338162651351       -5.5283154296989139     
  -3.4988007210837146       -5.4581291248905943     
  -3.4986692909640706       -5.3879507080846682     
  -3.4985395270729933       -5.3177800811509499     
  -3.4984114305624212       -5.2476171458436323     
  -3.4982850025694336       -5.1774618038027613     
  -3.4981602442162418       -5.1073139565557133     
  -3.4980371566101822       -5.0371735055186626     
  -3.4979157408437089       -4.9670403519980670     
  -3.4977959979943853       -4.8969143971921394     
  -3.4976779291248756       -4.8267955421923281     
  -3.4975615352829399       -4.7566836879847987     
  -3.4974468175014257       -4.6865787354519108     
  -3.4973337767982589       -4.6164805853737017     
  -3.4972224141764405       -4.5463891384293724     
  -3.4971127306240368       -4.4763042951987675     
  -3.4970047271141729       -4.4062259561638584     
  -3.4968984046050275       -4.3361540217102341     
  -3.4967937640398241       -4.2660883921285855     
  -3.4966908063468267       -4.1960289676161926     
  -3.4965895324393315       -4.1259756482784109     
  -3.4964899432156620       -4.0559283341301677     
  -3.4963920395591614       -3.9858869250974447     
  -3.4962958223381890       -3.9158513210187720     
  -3.4962012924061114       -3.8458214216467224     
  -3.4961084506012976       -3.7757971266494010     
  -3.4960172977471142       -3.7057783356119414     
  -3.4959278346519196       -3.6357649480379961     
  -3.4958400621090560       -3.5657568633512371     
  -3.4957539808968479       -3.4957539808968479     
  -3.4956695917785940       -3.4257561999430224     
  -3.4955868955025626       -3.3557634196824599     
  -3.4955058928019871       -3.2857755392338679     
  -3.4954265843950605       -3.2157924576434556     
  -3.4953489709849297       -3.1458140738864366     
  -3.4952730532596923       -3.0758402868685293     
  -3.4951988318923921       -3.0058709954274572     
  -3.4951263075410122       -2.9359060983344500     
  -3.4950554808484720       -2.8659454942957470     
  -3.4949863524426235       -2.7959890819540987     
  -3.4949189229362467       -2.7260367598902722     
  -3.4948531929270432       -2.6560884266245530     
  -3.4947891629976362       -2.5861439806182509     
  -3.4947268337155633       -2.5162033202752054     
  -3.4946662056332731       -2.4462663439432912     
  -3.4946072792881235       -2.3763329499159238     
  -3.4945500552023754       -2.3064030364335677     
  -3.4944945338831914       -2.2364765016852428     
  -3.4944407158226305       -2.1665532438100308     
  -3.4943886014976466       -2.0966331608985880     
  -3.4943381913700833       -2.0267161509946483     
  -3.4942894858866724       -1.9568021120965366     
  -3.4942424854790310       -1.8868909421586766     
  -3.4941971905636562       -1.8169825390931014     
  -3.4941536015419254       -1.7470768007709627     
  -3.4941117188000921       -1.6771736250240441     
  -3.4940715427092828       -1.6072729096462701     
  -3.4940330736254954       -1.5373745523952180     
  -3.4939963118895965       -1.4674784509936305     
  -3.4939612578273187       -1.3975845031309275     
  -3.4939279117492599       -1.3276926064647190     
  -3.4938962739508792       -1.2578026586223165     
  -3.4938663447124960       -1.1879145572022487     
  -3.4938381242992884       -1.1180281997757724     
  -3.4938116129612906       -1.0481434838883872     
  -3.4937868109333912      -0.97826030706134948     
  -3.4937637184353330      -0.90837856679318651     
  -3.4937423356717097      -0.83849816056121029     
  -3.4937226628319662      -0.76861898582303256     
  -3.4937047000903956      -0.69874094001807907     
  -3.4936884476061398      -0.62886392056910512     
  -3.4936739055231869      -0.55898782488371002     
  -3.4936610739703720      -0.48911255035585205     
  -3.4936499530613734      -0.41923799436736475     
  -3.4936405428947150      -0.34936405428947148     
  -3.4936328435537649      -0.27949062748430120     
  -3.4936268551067324      -0.20961761130640394     
  -3.4936225776066712      -0.13974490310426688     
  -3.4936200110914766       -6.9872400221829528E-002
  -3.4936191555838851        0.0000000000000000     
  -3.4936200110914766        6.9872400221829528E-002
  -3.4936225776066712       0.13974490310426688     
  -3.4936268551067324       0.20961761130640394     
  -3.4936328435537649       0.27949062748430120     
  -3.4936405428947150       0.34936405428947148     
  -3.4936499530613734       0.41923799436736475     
  -3.4936610739703720       0.48911255035585205     
  -3.4936739055231869       0.55898782488371002     
  -3.4936884476061398       0.62886392056910512     
  -3.4937047000903956       0.69874094001807907     
  -3.4937226628319662       0.76861898582303256     
  -3.4937423356717097       0.83849816056121029     
  -3.4937637184353330       0.90837856679318651     
  -3.4937868109333912       0.97826030706134948     
  -3.4938116129612906        1.0481434838883872     
  -3.4938381242992884        1.1180281997757724     
  -3.4938663447124960        1.1879145572022487     
  -3.4938962739508792        1.2578026586223165     
  -3.4939279117492599        1.3276926064647190     
  -3.4939612578273187        1.3975845031309275     
  -3.4939963118895965        1.4674784509936305     
  -3.4940330736254954        1.5373745523952180     
  -3.4940715427092828        1.6072729096462701     
  -3.4941117188000921        1.6771736250240441     
  -3.4941536015419254        1.7470768007709627     
  -3.4941971905636562        1.8169825390931014     
  -3.4942424854790310        1.8868909421586766     
  -3.4942894858866724        1.9568021120965366     
  -3.4943381913700833        2.0267161509946483     
  -3.4943886014976466        2.0966331608985880     
  -3.4944407158226305        2.1665532438100308     
  -3.4944945338831914        2.2364765016852428     
  -3.4945500552023754        2.3064030364335677     
  -3.4946072792881235        2.3763329499159238     
  -3.4946662056332731        2.4462663439432912     
  -3.4947268337155633        2.5162033202752054     
  -3.4947891629976362        2.5861439806182509     
  -3.4948531929270432        2.6560884266245530     
  -3.4949189229362467        2.7260367598902722     
  -3.4949863524426235        2.7959890819540987     
  -3.4950554808484720        2.8659454942957470     
  -3.4951263075410122        2.9359060983344500     
  -3.4951988318923921        3.0058709954274572     
  -3.4952730532596923        3.0758402868685293     
  -3.4953489709849297        3.1458140738864366     
  -3.4954265843950605        3.2157924576434556     
  -3.4955058928019871        3.2857755392338679     
  -3.4955868955025626        3.3557634196824599     
  -3.4956695917785940        3.4257561999430224     
  -3.4957539808968479        3.4957539808968479     
  -3.4958400621090560        3.5657568633512371     
  -3.4959278346519196        3.6357649480379961     
  -3.4960172977471142        3.7057783356119414     
  -3.4961084506012976        3.7757971266494010     
  -3.4962012924061114        3.8458214216467224     
  -3.4962958223381890        3.9158513210187720     
  -3.4963920395591614        3.9858869250974447     
  -3.4964899432156620        4.0559283341301677     
  -3.4965895324393315        4.1259756482784109     
  -3.4966908063468267        4.1960289676161926     
  -3.4967937640398241        4.2660883921285855     
  -3.4968984046050275        4.3361540217102341     
  -3.4970047271141729        4.4062259561638584     
  -3.4971127306240368        4.4763042951987675     
  -3.4972224141764405        4.5463891384293724     
  -3.4973337767982589        4.6164805853737017     
  -3.4974468175014257        4.6865787354519108     
  -3.4975615352829399        4.7566836879847987     
  -3.4976779291248756        4.8267955421923281     
  -3.4977959979943853        4.8969143971921394     
  -3.4979157408437089        4.9670403519980670     
  -3.4980371566101822        5.0371735055186626     
  -3.4981602442162418        5.1073139565557133     
  -3.4982850025694336        5.1774618038027613     
  -3.4984114305624212        5.2476171458436323     
  -3.4985395270729933        5.3177800811509499     
  -3.4986692909640706        5.3879507080846682     
  -3.4988007210837146        5.4581291248905943     
  -3.4989338162651351        5.5283154296989139     
  -3.4990685753266999        5.5985097205227188     
  -3.4992049970719403        5.6687120952565433     
  -3.4993430802895622        5.7389226516748826     
  -3.4296898165646423       -5.9494619266937674     
  -3.4295495969378642       -5.8792278804649092     
  -3.4294110021473028       -5.8090023097597161     
  -3.4292740334236509       -5.7387851171579465     
  -3.4291386919830957       -5.6685762051149124     
  -3.4290049790273098       -5.5983754759629543     
  -3.4288728957434431       -5.5281828319128987     
  -3.4287424433041154       -5.4579981750555309     
  -3.4286136228674065       -5.3878214073630666     
  -3.4284864355768478       -5.3176524306906217     
  -3.4283608825614178       -5.2474911467776799     
  -3.4282369649355298       -5.1773374572495756     
  -3.4281146837990266       -5.1071912636189580     
  -3.4279940402371722       -5.0370524672872730     
  -3.4278750353206444       -4.9669209695462397     
  -3.4277576701055272       -4.8967966715793247     
  -3.4276419456333032       -4.8266794744632229     
  -3.4275278629308472       -4.7565692791693390     
  -3.4274154230104181       -4.6864659865652660     
  -3.4273046268696521       -4.6163694974162661     
  -3.4271954754915566       -4.5462797123867587     
  -3.4270879698445023       -4.4761965320417989     
  -3.4269821108822165       -4.4061198568485640     
  -3.4268778995437783       -4.3360495871778415     
  -3.4267753367536091       -4.2659856233055127     
  -3.4266744234214697       -4.1959278654140446     
  -3.4265751604424510       -4.1258762135939717     
  -3.4264775486969690       -4.0558305678453914     
  -3.4263815890507598       -3.9857908280794554     
  -3.4262872823548718       -3.9157568941198533     
  -3.4261946294456607       -3.8457286657043133     
  -3.4261036311447848       -3.7757060424860889     
  -3.4260142882591968       -3.7056889240354578     
  -3.4259266015811414       -3.6356772098412113     
  -3.4258405718881471       -3.5656707993121528     
  -3.4257561999430224       -3.4956695917785940     
  -3.4256734864938507       -3.4256734864938507     
  -3.4255924322739846       -3.3556823826357394     
  -3.4255130380020402       -3.2856961793080792     
  -3.4254353043818946       -3.2157147755421867     
  -3.4253592321026782       -3.1457380702983775     
  -3.4252848218387717       -3.0757659624674685     
  -3.4252120742498020       -3.0057983508722752     
  -3.4251409899806360       -2.9358351342691162     
  -3.4250715696613772       -2.8658762113493155     
  -3.4250038139073617       -2.7959214807407031     
  -3.4249377233191534       -2.7259708410091217     
  -3.4248732984825399       -2.6560241906599287     
  -3.4248105399685294       -2.5860814281395017     
  -3.4247494483333463       -2.5161424518367443     
  -3.4246900241184268       -2.4462071600845907     
  -3.4246322678504160       -2.3762754511615132     
  -3.4245761800411647       -2.3063472232930291     
  -3.4245217611877243       -2.2364223746532081     
  -3.4244690117723460       -2.1665008033661781     
  -3.4244179322624748       -2.0965824075076376     
  -3.4243685231107479       -2.0266670851063608     
  -3.4243207847549924       -1.9567547341457097     
  -3.4242747176182196       -1.8868452525651411     
  -3.4242303221086252       -1.8169385382617196     
  -3.4241875986195853       -1.7470344890916252     
  -3.4241465475296526       -1.6771330028716664     
  -3.4241071692025558       -1.6072339773807915     
  -3.4240694639871960       -1.5373373103615982     
  -3.4240334322176449       -1.4674428995218476     
  -3.4239990742131412       -1.3975506425359758     
  -3.4239663902780917       -1.3276604370466070     
  -3.4239353807020647       -1.2577721806660647     
  -3.4239060457597925       -1.1878857709778869     
  -3.4238783857111659       -1.1180011055383399     
  -3.4238524008012345       -1.0481180818779290     
  -3.4238280912602059      -0.97823659750291592     
  -3.4238054573034411      -0.90835654989683134     
  -3.4237844991314561      -0.83847783652198915     
  -3.4237652169299184      -0.76860035482100209     
  -3.4237476108696470      -0.69872400221829523     
  -3.4237316811066112      -0.62884867612162243     
  -3.4237174277819289      -0.55897427392358023     
  -3.4237048510218662      -0.48910069300312370     
  -3.4236939509378361      -0.41922783072708192     
  -3.4236847276263980      -0.34935558445167325     
  -3.4236771811692579      -0.27948385152402105     
  -3.4236713116332660      -0.20961252928366933     
  -3.4236671190704175      -0.13974151506409868     
  -3.4236646035178522       -6.9870706194241891E-002
  -3.4236637649978547        0.0000000000000000     
  -3.4236646035178522        6.9870706194241891E-002
  -3.4236671190704175       0.13974151506409868     
  -3.4236713116332660       0.20961252928366933     
  -3.4236771811692579       0.27948385152402105     
  -3.4236847276263980       0.34935558445167325     
  -3.4236939509378361       0.41922783072708192     
  -3.4237048510218662       0.48910069300312370     
  -3.4237174277819289       0.55897427392358023     
  -3.4237316811066112       0.62884867612162243     
  -3.4237476108696470       0.69872400221829523     
  -3.4237652169299184       0.76860035482100209     
  -3.4237844991314561       0.83847783652198915     
  -3.4238054573034411       0.90835654989683134     
  -3.4238280912602059       0.97823659750291592     
  -3.4238524008012345        1.0481180818779290     
  -3.4238783857111659        1.1180011055383399     
  -3.4239060457597925        1.1878857709778869     
  -3.4239353807020647        1.2577721806660647     
  -3.4239663902780917        1.3276604370466070     
  -3.4239990742131412        1.3975506425359758     
  -3.4240334322176449        1.4674428995218476     
  -3.4240694639871960        1.5373373103615982     
  -3.4241071692025558        1.6072339773807915     
  -3.4241465475296526        1.6771330028716664     
  -3.4241875986195853        1.7470344890916252     
  -3.4242303221086252        1.8169385382617196     
  -3.4242747176182196        1.8868452525651411     
  -3.4243207847549924        1.9567547341457097     
  -3.4243685231107479        2.0266670851063608     
  -3.4244179322624748        2.0965824075076376     
  -3.4244690117723460        2.1665008033661781     
  -3.4245217611877243        2.2364223746532081     
  -3.4245761800411647        2.3063472232930291     
  -3.4246322678504160        2.3762754511615132     
  -3.4246900241184268        2.4462071600845907     
  -3.4247494483333463        2.5161424518367443     
  -3.4248105399685294        2.5860814281395017     
  -3.4248732984825399        2.6560241906599287     
  -3.4249377233191534        2.7259708410091217     
  -3.4250038139073617        2.7959214807407031     
  -3.4250715696613772        2.8658762113493155     
  -3.4251409899806360        2.9358351342691162     
  -3.4252120742498020        3.0057983508722752     
  -3.4252848218387717        3.0757659624674685     
  -3.4253592321026782        3.1457380702983775     
  -3.4254353043818946        3.2157147755421867     
  -3.4255130380020402        3.2856961793080792     
  -3.4255924322739846        3.3556823826357394     
  -3.4256734864938507        3.4256734864938507     
  -3.4257561999430224        3.4956695917785940     
  -3.4258405718881471        3.5656707993121528     
  -3.4259266015811414        3.6356772098412113     
  -3.4260142882591968        3.7056889240354578     
  -3.4261036311447848        3.7757060424860889     
  -3.4261946294456607        3.8457286657043133     
  -3.4262872823548718        3.9157568941198533     
  -3.4263815890507598        3.9857908280794554     
  -3.4264775486969690        4.0558305678453914     
  -3.4265751604424510        4.1258762135939717     
  -3.4266744234214697        4.1959278654140446     
  -3.4267753367536091        4.2659856233055127     
  -3.4268778995437783        4.3360495871778415     
  -3.4269821108822165        4.4061198568485640     
  -3.4270879698445023        4.4761965320417989     
  -3.4271954754915566        4.5462797123867587     
  -3.4273046268696521        4.6163694974162661     
  -3.4274154230104181        4.6864659865652660     
  -3.4275278629308472        4.7565692791693390     
  -3.4276419456333032        4.8266794744632229     
  -3.4277576701055272        4.8967966715793247     
  -3.4278750353206444        4.9669209695462397     
  -3.4279940402371722        5.0370524672872730     
  -3.4281146837990266        5.1071912636189580     
  -3.4282369649355298        5.1773374572495756     
  -3.4283608825614178        5.2474911467776799     
  -3.4284864355768478        5.3176524306906217     
  -3.4286136228674065        5.3878214073630666     
  -3.4287424433041154        5.4579981750555309     
  -3.4288728957434431        5.5281828319128987     
  -3.4290049790273098        5.5983754759629543     
  -3.4291386919830957        5.6685762051149124     
  -3.4292740334236509        5.7387851171579465     
  -3.4294110021473028        5.8090023097597161     
  -3.4295495969378642        5.8792278804649092     
  -3.4296898165646423        5.9494619266937674     
  -3.3598968388413892       -6.0898130204000180     
  -3.3597562809120034       -6.0195633366340058     
  -3.3596173124368875       -5.9493223241069888     
  -3.3594799346500945       -5.8790898856376659     
  -3.3593441487714846       -5.8088659239173586     
  -3.3592099560067159       -5.7386503415114740     
  -3.3590773575472359       -5.6684430408609607     
  -3.3589463545702722       -5.5982439242837865     
  -3.3588169482388261       -5.5280528939764020     
  -3.3586891397016636       -5.4578698520152038     
  -3.3585629300933060       -5.3876947003580113     
  -3.3584383205340238       -5.3175273408455386     
  -3.3583153121298284       -5.2473676752028569     
  -3.3581939059724633       -5.1772156050408809     
  -3.3580741031393981       -5.1070710318578350     
  -3.3579559046938199       -5.0369338570407294     
  -3.3578393116846255       -4.9668039818668417     
  -3.3577243251464162       -4.8966813075051903     
  -3.3576109460994874       -4.8265657350180131     
  -3.3574991755498247       -4.7564571653622520     
  -3.3573890144890948       -4.6863554993910288     
  -3.3572804638946394       -4.6162606378551292     
  -3.3571735247294678       -4.5461724814044882     
  -3.3570681979422523       -4.4760909305896703     
  -3.3569644844673179       -4.4060158858633551     
  -3.3568623852246398       -4.3359472475818270     
  -3.3567619011198349       -4.2658849160064563     
  -3.3566630330441551       -4.1958287913051944     
  -3.3565657818744836       -4.1257787735540523     
  -3.3564701484733250       -4.0557347627386005     
  -3.3563761336888041       -3.9856966587554550     
  -3.3562837383546555       -3.9156643614137647     
  -3.3561929632902214       -3.8456377704367122     
  -3.3561038093004441       -3.7756167854629994     
  -3.3560162771758604       -3.7056013060483459     
  -3.3559303676925980       -3.6355912316669814     
  -3.3558460816123676       -3.5655864617131408     
  -3.3557634196824599       -3.4955868955025626     
  -3.3556823826357394       -3.4255924322739846     
  -3.3556029711906392       -3.3556029711906392     
  -3.3555251860511572       -3.2856184113417579     
  -3.3554490279068494       -3.2156386517440643     
  -3.3553744974328281       -3.1456635913432764     
  -3.3553015952897542       -3.0756931290156082     
  -3.3552303221238344       -3.0057271635692686     
  -3.3551606785668180       -2.9357655937459657     
  -3.3550926652359885       -2.8658083182224070     
  -3.3550262827341641       -2.7958552356118034     
  -3.3549615316496912       -2.7259062444653743     
  -3.3548984125564401       -2.6559612432738486     
  -3.3548369260138022       -2.5860201304689725     
  -3.3547770725666859       -2.5160828044250145     
  -3.3547188527455125       -2.4461491634602699     
  -3.3546622670662134       -2.3762191058385680     
  -3.3546073160302257       -2.3062925297707801     
  -3.3545540001244891       -2.2363693334163264     
  -3.3545023198214432       -2.1664494148846822     
  -3.3544522755790243       -2.0965326722368904     
  -3.3544038678406602       -2.0266190034870655     
  -3.3543570970352707       -1.9567083066039079     
  -3.3543119635772620       -1.8868004795122097     
  -3.3542684678665249       -1.8168954200943677     
  -3.3542266102884319       -1.7469930261918918     
  -3.3541863912138354       -1.6770931956069177     
  -3.3541478109990637       -1.6071958261037183     
  -3.3541108699859201       -1.5373008154102135     
  -3.3540755685016790       -1.4674080612194846     
  -3.3540419068590861       -1.3975174611912857     
  -3.3540098853563531       -1.3276289129535566     
  -3.3539795042771585       -1.2577423141039346     
  -3.3539507638906452       -1.1878575622112701     
  -3.3539236644514161       -1.1179745548171389     
  -3.3538982061995366       -1.0480931894373553     
  -3.3538743893605294      -0.97821336356348776     
  -3.3538522141453750      -0.90833497466437252     
  -3.3538316807505097      -0.83845792018762744     
  -3.3538127893578240      -0.76858209756116802     
  -3.3537955401346613      -0.69870740419472110     
  -3.3537799332338176      -0.62883373748134086     
  -3.3537659687935406      -0.55896099479892347     
  -3.3537536469375269      -0.48908907351172265     
  -3.3537429677749229      -0.41921787097186536     
  -3.3537339314003241      -0.34934728452086711     
  -3.3537265378937735      -0.27947721149114785     
  -3.3537207873207620      -0.20960754920754762     
  -3.3537166797322264      -0.13973819498884277     
  -3.3537142151645511       -6.9869046149261496E-002
  -3.3537133936395671        0.0000000000000000     
  -3.3537142151645511        6.9869046149261496E-002
  -3.3537166797322264       0.13973819498884277     
  -3.3537207873207620       0.20960754920754762     
  -3.3537265378937735       0.27947721149114785     
  -3.3537339314003241       0.34934728452086711     
  -3.3537429677749229       0.41921787097186536     
  -3.3537536469375269       0.48908907351172265     
  -3.3537659687935406       0.55896099479892347     
  -3.3537799332338176       0.62883373748134086     
  -3.3537955401346613       0.69870740419472110     
  -3.3538127893578240       0.76858209756116802     
  -3.3538316807505097       0.83845792018762744     
  -3.3538522141453750       0.90833497466437252     
  -3.3538743893605294       0.97821336356348776     
  -3.3538982061995366        1.0480931894373553     
  -3.3539236644514161        1.1179745548171389     
  -3.3539507638906452        1.1878575622112701     
  -3.3539795042771585        1.2577423141039346     
  -3.3540098853563531        1.3276289129535566     
  -3.3540419068590861        1.3975174611912857     
  -3.3540755685016790        1.4674080612194846     
  -3.3541108699859201        1.5373008154102135     
  -3.3541478109990637        1.6071958261037183     
  -3.3541863912138354        1.6770931956069177     
  -3.3542266102884319        1.7469930261918918     
  -3.3542684678665249        1.8168954200943677     
  -3.3543119635772620        1.8868004795122097     
  -3.3543570970352707        1.9567083066039079     
  -3.3544038678406602        2.0266190034870655     
  -3.3544522755790243        2.0965326722368904     
  -3.3545023198214432        2.1664494148846822     
  -3.3545540001244891        2.2363693334163264     
  -3.3546073160302257        2.3062925297707801     
  -3.3546622670662134        2.3762191058385680     
  -3.3547188527455125        2.4461491634602699     
  -3.3547770725666859        2.5160828044250145     
  -3.3548369260138022        2.5860201304689725     
  -3.3548984125564401        2.6559612432738486     
  -3.3549615316496912        2.7259062444653743     
  -3.3550262827341641        2.7958552356118034     
  -3.3550926652359885        2.8658083182224070     
  -3.3551606785668180        2.9357655937459657     
  -3.3552303221238344        3.0057271635692686     
  -3.3553015952897542        3.0756931290156082     
  -3.3553744974328281        3.1456635913432764     
  -3.3554490279068494        3.2156386517440643     
  -3.3555251860511572        3.2856184113417579     
  -3.3556029711906392        3.3556029711906392     
  -3.3556823826357394        3.4255924322739846     
  -3.3557634196824599        3.4955868955025626     
  -3.3558460816123676        3.5655864617131408     
  -3.3559303676925980        3.6355912316669814     
  -3.3560162771758604        3.7056013060483459     
  -3.3561038093004441        3.7756167854629994     
  -3.3561929632902214        3.8456377704367122     
  -3.3562837383546555        3.9156643614137647     
  -3.3563761336888041        3.9856966587554550     
  -3.3564701484733250        4.0557347627386005     
  -3.3565657818744836        4.1257787735540523     
  -3.3566630330441551        4.1958287913051944     
  -3.3567619011198349        4.2658849160064563     
  -3.3568623852246398        4.3359472475818270     
  -3.3569644844673179        4.4060158858633551     
  -3.3570681979422523        4.4760909305896703     
  -3.3571735247294678        4.5461724814044882     
  -3.3572804638946394        4.6162606378551292     
  -3.3573890144890948        4.6863554993910288     
  -3.3574991755498247        4.7564571653622520     
  -3.3576109460994874        4.8265657350180131     
  -3.3577243251464162        4.8966813075051903     
  -3.3578393116846255        4.9668039818668417     
  -3.3579559046938199        5.0369338570407294     
  -3.3580741031393981        5.1070710318578350     
  -3.3581939059724633        5.1772156050408809     
  -3.3583153121298284        5.2473676752028569     
  -3.3584383205340238        5.3175273408455386     
  -3.3585629300933060        5.3876947003580113     
  -3.3586891397016636        5.4578698520152038     
  -3.3588169482388261        5.5280528939764020     
  -3.3589463545702722        5.5982439242837865     
  -3.3590773575472359        5.6684430408609607     
  -3.3592099560067159        5.7386503415114740     
  -3.3593441487714846        5.8088659239173586     
  -3.3594799346500945        5.8790898856376659     
  -3.3596173124368875        5.9493223241069888     
  -3.3597562809120034        6.0195633366340058     
  -3.3598968388413892        6.0898130204000180     
  -3.2899626198392684       -6.1599300116139490     
  -3.2898234154403045       -6.0896731307086487     
  -3.2896857663818975       -6.0194250193370884     
  -3.2895496738863619       -5.9491855804327827     
  -3.2894151391621218       -5.8789547168003882     
  -3.2892821634037031       -5.8087323311171772     
  -3.2891507477917239       -5.7385183259344972     
  -3.2890208934928862       -5.6683126036792295     
  -3.2888926016599696       -5.5981150666552670     
  -3.2887658734318204       -5.5279256170449749     
  -3.2886407099333463       -5.4577441569106595     
  -3.2885171122755059       -5.3875705881960414     
  -3.2883950815553029       -5.3174048127277240     
  -3.2882746188557785       -5.2472467322166674     
  -3.2881557252460012       -5.1770962482596614     
  -3.2880384017810629       -5.1069532623407996     
  -3.2879226495020686       -5.0368176758329559     
  -3.2878084694361318       -4.9666893899992628     
  -3.2876958625963644       -4.8965683059945855     
  -3.2875848299818720       -4.8264543248670035     
  -3.2874753725777461       -4.7563473475592923     
  -3.2873674913550572       -4.6862472749104009     
  -3.2872611872708486       -4.6161540076569363     
  -3.2871564612681281       -4.5460674464346447     
  -3.2870533142758638       -4.4759874917799003     
  -3.2869517472089766       -4.4059140441311815     
  -3.2868517609683336       -4.3358470038305672     
  -3.2867533564407418       -4.2657862711252177     
  -3.2866565344989427       -4.1957317461688630     
  -3.2865612960016062       -4.1256833290232926     
  -3.2864676417933238       -4.0556409196598464     
  -3.2863755727046042       -3.9856044179609031     
  -3.2862850895518663       -3.9155737237213724     
  -3.2861961931374335       -3.8455487366501884     
  -3.2861088842495301       -3.7755293563718002     
  -3.2860231636622736       -3.7055154824276704     
  -3.2859390321356710       -3.6355070142777639     
  -3.2858564904156129       -3.5655038513020476     
  -3.2857755392338679       -3.4955058928019871     
  -3.2856961793080792       -3.4255130380020402     
  -3.2856184113417579       -3.3555251860511572     
  -3.2855422360242796       -3.2855422360242796     
  -3.2854676540308785       -3.2155640869238389     
  -3.2853946660226443       -3.1455906376812548     
  -3.2853232726465156       -3.0756217871584401     
  -3.2852534745352777       -3.0056574341492963     
  -3.2851852723075567       -2.9356974773812210     
  -3.2851186665678171       -2.8657418155166066     
  -3.2850536579063552       -2.7957903471543446     
  -3.2849902468992966       -2.7258429708313314     
  -3.2849284341085929       -2.6558995850239686     
  -3.2848682200820161       -2.5859600881496720     
  -3.2848096053531570       -2.5160243785683756     
  -3.2847525904414199       -2.4460923545840361     
  -3.2846971758520187       -2.3761639144461411     
  -3.2846433620759767       -2.3062389563512178     
  -3.2845911495901192       -2.2363173784443369     
  -3.2845405388570730       -2.1663990788206227     
  -3.2844915303252620       -2.0964839555267627     
  -3.2844441244289042       -2.0265719065625154     
  -3.2843983215880108       -1.9566628298822191     
  -3.2843541222083799       -1.8867566233963031     
  -3.2843115266815963       -1.8168531849727978     
  -3.2842705353850281       -1.7469524124388447     
  -3.2842311486818248       -1.6770542035822085     
  -3.2841933669209138       -1.6071584561527876     
  -3.2841571904369982       -1.5372650678641266     
  -3.2841226195505548       -1.4673739363949287     
  -3.2840896545678335       -1.3974849593905674     
  -3.2840582957808517       -1.3275980344645997     
  -3.2840285434673961       -1.2577130592002794     
  -3.2840003978910182       -1.1878299311520704     
  -3.2839738593010339       -1.1179485478471605     
  -3.2839489279325211       -1.0480688067869748     
  -3.2839256040063187      -0.97819060544869063     
  -3.2839038877290245      -0.90831384128675152     
  -3.2838837792929954      -0.83843841173438172     
  -3.2838652788763425      -0.76856421420510146     
  -3.2838483866429349      -0.69869114609424143     
  -3.2838331027423941      -0.62881910478045844     
  -3.2838194273100960      -0.55894798762725051     
  -3.2838073604671685      -0.48907769198447187     
  -3.2837969023204905      -0.41920811518984985     
  -3.2837880529626928      -0.34933915457049919     
  -3.2837808124721559      -0.27947070744443880     
  -3.2837751809130094      -0.20960267112210698     
  -3.2837711583351337      -0.13973494290787805     
  -3.2837687447741568       -6.9867420101577815E-002
  -3.2837679402514559        0.0000000000000000     
  -3.2837687447741568        6.9867420101577815E-002
  -3.2837711583351337       0.13973494290787805     
  -3.2837751809130094       0.20960267112210698     
  -3.2837808124721559       0.27947070744443880     
  -3.2837880529626928       0.34933915457049919     
  -3.2837969023204905       0.41920811518984985     
  -3.2838073604671685       0.48907769198447187     
  -3.2838194273100960       0.55894798762725051     
  -3.2838331027423941       0.62881910478045844     
  -3.2838483866429349       0.69869114609424143     
  -3.2838652788763425       0.76856421420510146     
  -3.2838837792929954       0.83843841173438172     
  -3.2839038877290245       0.90831384128675152     
  -3.2839256040063187       0.97819060544869063     
  -3.2839489279325211        1.0480688067869748     
  -3.2839738593010339        1.1179485478471605     
  -3.2840003978910182        1.1878299311520704     
  -3.2840285434673961        1.2577130592002794     
  -3.2840582957808517        1.3275980344645997     
  -3.2840896545678335        1.3974849593905674     
  -3.2841226195505548        1.4673739363949287     
  -3.2841571904369982        1.5372650678641266     
  -3.2841933669209138        1.6071584561527876     
  -3.2842311486818248        1.6770542035822085     
  -3.2842705353850281        1.7469524124388447     
  -3.2843115266815963        1.8168531849727978     
  -3.2843541222083799        1.8867566233963031     
  -3.2843983215880108        1.9566628298822191     
  -3.2844441244289042        2.0265719065625154     
  -3.2844915303252620        2.0964839555267627     
  -3.2845405388570730        2.1663990788206227     
  -3.2845911495901192        2.2363173784443369     
  -3.2846433620759767        2.3062389563512178     
  -3.2846971758520187        2.3761639144461411     
  -3.2847525904414199        2.4460923545840361     
  -3.2848096053531570        2.5160243785683756     
  -3.2848682200820161        2.5859600881496720     
  -3.2849284341085929        2.6558995850239686     
  -3.2849902468992966        2.7258429708313314     
  -3.2850536579063552        2.7957903471543446     
  -3.2851186665678171        2.8657418155166066     
  -3.2851852723075567        2.9356974773812210     
  -3.2852534745352777        3.0056574341492963     
  -3.2853232726465156        3.0756217871584401     
  -3.2853946660226443        3.1455906376812548     
  -3.2854676540308785        3.2155640869238389     
  -3.2855422360242796        3.2855422360242796     
  -3.2856184113417579        3.3555251860511572     
  -3.2856961793080792        3.4255130380020402     
  -3.2857755392338679        3.4955058928019871     
  -3.2858564904156129        3.5655038513020476     
  -3.2859390321356710        3.6355070142777639     
  -3.2860231636622736        3.7055154824276704     
  -3.2861088842495301        3.7755293563718002     
  -3.2861961931374335        3.8455487366501884     
  -3.2862850895518663        3.9155737237213724     
  -3.2863755727046042        3.9856044179609031     
  -3.2864676417933238        4.0556409196598464     
  -3.2865612960016062        4.1256833290232926     
  -3.2866565344989427        4.1957317461688630     
  -3.2867533564407418        4.2657862711252177     
  -3.2868517609683336        4.3358470038305672     
  -3.2869517472089766        4.4059140441311815     
  -3.2870533142758638        4.4759874917799003     
  -3.2871564612681281        4.5460674464346447     
  -3.2872611872708486        4.6161540076569363     
  -3.2873674913550572        4.6862472749104009     
  -3.2874753725777461        4.7563473475592923     
  -3.2875848299818720        4.8264543248670035     
  -3.2876958625963644        4.8965683059945855     
  -3.2878084694361318        4.9666893899992628     
  -3.2879226495020686        5.0368176758329559     
  -3.2880384017810629        5.1069532623407996     
  -3.2881557252460012        5.1770962482596614     
  -3.2882746188557785        5.2472467322166674     
  -3.2883950815553029        5.3174048127277240     
  -3.2885171122755059        5.3875705881960414     
  -3.2886407099333463        5.4577441569106595     
  -3.2887658734318204        5.5279256170449749     
  -3.2888926016599696        5.5981150666552670     
  -3.2890208934928862        5.6683126036792295     
  -3.2891507477917239        5.7385183259344972     
  -3.2892821634037031        5.8087323311171772     
  -3.2894151391621218        5.8789547168003882     
  -3.2895496738863619        5.9491855804327827     
  -3.2896857663818975        6.0194250193370884     
  -3.2898234154403045        6.0896731307086487     
  -3.2899626198392684        6.1599300116139490     
  -3.2198910163589458       -6.1597915095562437     
  -3.2197547549357264       -6.0895361669436561     
  -3.2196200159735739       -6.0192895950810286     
  -3.2194868006688733       -5.9490516968881355     
  -3.2193551102044142       -5.8788223751558863     
  -3.2192249457493833       -5.8086015325478000     
  -3.2190963084593536       -5.7383890716014561     
  -3.2189691994762777       -5.6681848947299667     
  -3.2188436199284811       -5.5979889042234445     
  -3.2187195709306509       -5.5278010022504658     
  -3.2185970535838320       -5.4576210908595408     
  -3.2184760689754150       -5.3874490719805861     
  -3.2183566181791337       -5.3172848474263947     
  -3.2182387022550523       -5.2471283188941067     
  -3.2181223222495614       -5.1769793879666857     
  -3.2180074791953706       -5.1068379561143926     
  -3.2178941741114993       -5.0367039246962593     
  -3.2177824080032709       -4.9665771949615696     
  -3.2176721818623064       -4.8964576680513359     
  -3.2175634966665156       -4.8263452449997732     
  -3.2174563533800935       -4.7562398267357899     
  -3.2173507529535090       -4.6861413140844590     
  -3.2172466963235027       -4.6160496077685043     
  -3.2171441844130784       -4.5459646084097844     
  -3.2170432181314963       -4.4758862165307773     
  -3.2169437983742677       -4.4058143325560621     
  -3.2168459260231490       -4.3357488568138089     
  -3.2167496019461335       -4.2656896895372638     
  -3.2166548269974489       -4.1956367308662381     
  -3.2165616020175487       -4.1255898808485947     
  -3.2164699278331064       -4.0555490394417424     
  -3.2163798052570121       -3.9855141065141240     
  -3.2162912350883648       -3.9154849818467046     
  -3.2162042181124675       -3.8454615651344719     
  -3.2161187551008221       -3.7754437559879208     
  -3.2160348468111235       -3.7054314539345552     
  -3.2159524939872552       -3.6354245584203757     
  -3.2158716973592845       -3.5654229688113803     
  -3.2157924576434556       -3.4954265843950605     
  -3.2157147755421867       -3.4254353043818946     
  -3.2156386517440643       -3.3554490279068494     
  -3.2155640869238389       -3.2854676540308785     
  -3.2154910817424196       -3.2154910817424196     
  -3.2154196368468710       -3.1455192099588953     
  -3.2153497528704076       -3.0755519375282159     
  -3.2152814304323898       -3.0055891632302769     
  -3.2152146701383195       -2.9356307857784656     
  -3.2151494725798373       -2.8656767038211592     
  -3.2150858383347161       -2.7957268159432309     
  -3.2150237679668598       -2.7257810206675548     
  -3.2149632620262971       -2.6558392164565063     
  -3.2149043210491803       -2.5859013017134709     
  -3.2148469455577784       -2.5159671747843482     
  -3.2147911360604766       -2.4460367339590583     
  -3.2147368930517723       -2.3761098774730489     
  -3.2146842170122696       -2.3061865035088021     
  -3.2146331084086790       -2.2362665101973418     
  -3.2145835676938117       -2.1663497956197424     
  -3.2145355953065784       -2.0964362578086382     
  -3.2144891916719862       -2.0265257947497299     
  -3.2144443572011334       -1.9566183043832985     
  -3.2144010922912107       -1.8867136846057104     
  -3.2143593973254942       -1.8168118332709315     
  -3.2143192726733472       -1.7469126481920365     
  -3.2142807186902136       -1.6770160271427201     
  -3.2142437357176186       -1.6071218678588093     
  -3.2142083240831640       -1.5372300680397741     
  -3.2141744841005289       -1.4673405253502412     
  -3.2141422160694639       -1.3974531374215058     
  -3.2141115202757926       -1.3275678018530448     
  -3.2140823969914076       -1.2576844162140290     
  -3.2140548464742693       -1.1878028780448386     
  -3.2140288689684042       -1.1179230848585755     
  -3.2140044647039030       -1.0480449341425770     
  -3.2139816338969189      -0.97816832335993176     
  -3.2139603767496672      -0.90829314995099297     
  -3.2139406934504233      -0.83841931133489289     
  -3.2139225841735199      -0.76854670491105914     
  -3.2139060490793496      -0.69867522806072802     
  -3.2138910883143592      -0.62880477814846147     
  -3.2138777020110525      -0.55893525252366127     
  -3.2138658902879875      -0.48906654852208503     
  -3.2138556532497766      -0.41919856346736212     
  -3.2138469909870842      -0.34933119467250912     
  -3.2138399035766279      -0.27946433944144594     
  -3.2138343910811780      -0.20959789507051160     
  -3.2138304535495554      -0.13973175884998068     
  -3.2138280910166328       -6.9865828065578978E-002
  -3.2138273035033338        0.0000000000000000     
  -3.2138280910166328        6.9865828065578978E-002
  -3.2138304535495554       0.13973175884998068     
  -3.2138343910811780       0.20959789507051160     
  -3.2138399035766279       0.27946433944144594     
  -3.2138469909870842       0.34933119467250912     
  -3.2138556532497766       0.41919856346736212     
  -3.2138658902879875       0.48906654852208503     
  -3.2138777020110525       0.55893525252366127     
  -3.2138910883143592       0.62880477814846147     
  -3.2139060490793496       0.69867522806072802     
  -3.2139225841735199       0.76854670491105914     
  -3.2139406934504233       0.83841931133489289     
  -3.2139603767496672       0.90829314995099297     
  -3.2139816338969189       0.97816832335993176     
  -3.2140044647039030        1.0480449341425770     
  -3.2140288689684042        1.1179230848585755     
  -3.2140548464742693        1.1878028780448386     
  -3.2140823969914076        1.2576844162140290     
  -3.2141115202757926        1.3275678018530448     
  -3.2141422160694639        1.3974531374215058     
  -3.2141744841005289        1.4673405253502412     
  -3.2142083240831640        1.5372300680397741     
  -3.2142437357176186        1.6071218678588093     
  -3.2142807186902136        1.6770160271427201     
  -3.2143192726733472        1.7469126481920365     
  -3.2143593973254942        1.8168118332709315     
  -3.2144010922912107        1.8867136846057104     
  -3.2144443572011334        1.9566183043832985     
  -3.2144891916719862        2.0265257947497299     
  -3.2145355953065784        2.0964362578086382     
  -3.2145835676938117        2.1663497956197424     
  -3.2146331084086790        2.2362665101973418     
  -3.2146842170122696        2.3061865035088021     
  -3.2147368930517723        2.3761098774730489     
  -3.2147911360604766        2.4460367339590583     
  -3.2148469455577784        2.5159671747843482     
  -3.2149043210491803        2.5859013017134709     
  -3.2149632620262971        2.6558392164565063     
  -3.2150237679668598        2.7257810206675548     
  -3.2150858383347161        2.7957268159432309     
  -3.2151494725798373        2.8656767038211592     
  -3.2152146701383195        2.9356307857784656     
  -3.2152814304323898        3.0055891632302769     
  -3.2153497528704076        3.0755519375282159     
  -3.2154196368468710        3.1455192099588953     
  -3.2154910817424196        3.2154910817424196     
  -3.2155640869238389        3.2854676540308785     
  -3.2156386517440643        3.3554490279068494     
  -3.2157147755421867        3.4254353043818946     
  -3.2157924576434556        3.4954265843950605     
  -3.2158716973592845        3.5654229688113803     
  -3.2159524939872552        3.6354245584203757     
  -3.2160348468111235        3.7054314539345552     
  -3.2161187551008221        3.7754437559879208     
  -3.2162042181124675        3.8454615651344719     
  -3.2162912350883648        3.9154849818467046     
  -3.2163798052570121        3.9855141065141240     
  -3.2164699278331064        4.0555490394417424     
  -3.2165616020175487        4.1255898808485947     
  -3.2166548269974489        4.1956367308662381     
  -3.2167496019461335        4.2656896895372638     
  -3.2168459260231490        4.3357488568138089     
  -3.2169437983742677        4.4058143325560621     
  -3.2170432181314963        4.4758862165307773     
  -3.2171441844130784        4.5459646084097844     
  -3.2172466963235027        4.6160496077685043     
  -3.2173507529535090        4.6861413140844590     
  -3.2174563533800935        4.7562398267357899     
  -3.2175634966665156        4.8263452449997732     
  -3.2176721818623064        4.8964576680513359     
  -3.2177824080032709        4.9665771949615696     
  -3.2178941741114993        5.0367039246962593     
  -3.2180074791953706        5.1068379561143926     
  -3.2181223222495614        5.1769793879666857     
  -3.2182387022550523        5.2471283188941067     
  -3.2183566181791337        5.3172848474263947     
  -3.2184760689754150        5.3874490719805861     
  -3.2185970535838320        5.4576210908595408     
  -3.2187195709306509        5.5278010022504658     
  -3.2188436199284811        5.5979889042234445     
  -3.2189691994762777        5.6681848947299667     
  -3.2190963084593536        5.7383890716014561     
  -3.2192249457493833        5.8086015325478000     
  -3.2193551102044142        5.8788223751558863     
  -3.2194868006688733        5.9490516968881355     
  -3.2196200159735739        6.0192895950810286     
  -3.2197547549357264        6.0895361669436561     
  -3.2198910163589458        6.1597915095562437     
  -3.1499588799172376       -6.2299186736140921     
  -3.1498240742987043       -6.1596559675174669     
  -3.1496907570642834       -6.0894021303242818     
  -3.1495589293977191       -6.0191570650711963     
  -3.1494285924694632       -5.9489206746645413     
  -3.1492997474366655       -5.8786928618817758     
  -3.1491723954431681       -5.8084735293729537     
  -3.1490465376194940       -5.7382625796621900     
  -3.1489221750828427       -5.6680599151491169     
  -3.1487993089370794       -5.5978654381103636     
  -3.1486779402727292       -5.5276790507010132     
  -3.1485580701669673       -5.4575006549560765     
  -3.1484396996836144       -5.3873301527919617     
  -3.1483228298731265       -5.3171674460079474     
  -3.1482074617725897       -5.2470124362876502     
  -3.1480935964057113       -5.1768650252005033     
  -3.1479812347828133       -5.1067251142032308     
  -3.1478703779008255       -5.0365926046413216     
  -3.1477610267432787       -4.9664673977505061     
  -3.1476531822802967       -4.8963493946582402     
  -3.1475468454685918       -4.8262384963851739     
  -3.1474420172514552       -4.7561346038466432     
  -3.1473386985587535       -4.6860376178541445     
  -3.1472368903069197       -4.6159474391168160     
  -3.1471365933989488       -4.5458639682429256     
  -3.1470378087243902       -4.4757871057413556     
  -3.1469405371593417       -4.4057167520230784     
  -3.1468447795664449       -4.3356528074026581     
  -3.1467505367948778       -4.2655951720997232     
  -3.1466578096803484       -4.1955437462404648     
  -3.1465665990450908       -4.1254984298591193     
  -3.1464769056978583       -4.0554591228994612     
  -3.1463887304339182       -3.9854257252162970     
  -3.1463020740350469       -3.9153981365769472     
  -3.1462169372695223       -3.8453762566627496     
  -3.1461333208921221       -3.7753599850705464     
  -3.1460512256441153       -3.7053492213141803     
  -3.1459706522532596       -3.6353438648259888     
  -3.1458916014337941       -3.5653438149582999     
  -3.1458140738864366       -3.4953489709849297     
  -3.1457380702983775       -3.4253592321026782     
  -3.1456635913432764       -3.3553744974328281     
  -3.1455906376812548       -3.2853946660226443     
  -3.1455192099588953       -3.2154196368468710     
  -3.1454493088092343       -3.1454493088092343     
  -3.1453809348517590       -3.0754835807439420     
  -3.1453140886924023       -3.0055223514171843     
  -3.1452487709235402       -2.9355655195286379     
  -3.1451849821239870       -2.8656129837129658     
  -3.1451227228589897       -2.7956646425413241     
  -3.1450619936802275       -2.7257203945228641     
  -3.1450027951258055       -2.6557801381062358     
  -3.1449451277202516       -2.5858437716810956     
  -3.1448889919745135       -2.5159111935796110     
  -3.1448343883859549       -2.4459823020779652     
  -3.1447813174383525       -2.3760569953978661     
  -3.1447297796018914       -2.3061351717080538     
  -3.1446797753331643       -2.2362167291258062     
  -3.1446313050751660       -2.1663015657184479     
  -3.1445843692572919       -2.0963895795048613     
  -3.1445389682953344       -2.0264806684569932     
  -3.1444951025914811       -1.9565747305013661     
  -3.1444527725343105       -1.8866716635205862     
  -3.1444119784987903       -1.8167713653548569     
  -3.1443727208462757       -1.7468737338034865     
  -3.1443349999245052       -1.6769786666264028     
  -3.1442988160675998       -1.6070860615456621     
  -3.1442641695960591       -1.5371958162469623     
  -3.1442310608167614       -1.4673078283811554     
  -3.1441994900229600       -1.3974219955657599     
  -3.1441694574942809       -1.3275382153864743     
  -3.1441694574942809        1.3275382153864743     
  -3.1441994900229600        1.3974219955657599     
  -3.1442310608167614        1.4673078283811554     
  -3.1442641695960591        1.5371958162469623     
  -3.1442988160675998        1.6070860615456621     
  -3.1443349999245052        1.6769786666264028     
  -3.1443727208462757        1.7468737338034865     
  -3.1444119784987903        1.8167713653548569     
  -3.1444527725343105        1.8866716635205862     
  -3.1444951025914811        1.9565747305013661     
  -3.1445389682953344        2.0264806684569932     
  -3.1445843692572919        2.0963895795048613     
  -3.1446313050751660        2.1663015657184479     
  -3.1446797753331643        2.2362167291258062     
  -3.1447297796018914        2.3061351717080538     
  -3.1447813174383525        2.3760569953978661     
  -3.1448343883859549        2.4459823020779652     
  -3.1448889919745135        2.5159111935796110     
  -3.1449451277202516        2.5858437716810956     
  -3.1450027951258055        2.6557801381062358     
  -3.1450619936802275        2.7257203945228641     
  -3.1451227228589897        2.7956646425413241     
  -3.1451849821239870        2.8656129837129658     
  -3.1452487709235402        2.9355655195286379     
  -3.1453140886924023        3.0055223514171843     
  -3.1453809348517590        3.0754835807439420     
  -3.1454493088092343        3.1454493088092343     
  -3.1455192099588953        3.2154196368468710     
  -3.1455906376812548        3.2853946660226443     
  -3.1456635913432764        3.3553744974328281     
  -3.1457380702983775        3.4253592321026782     
  -3.1458140738864366        3.4953489709849297     
  -3.1458916014337941        3.5653438149582999     
  -3.1459706522532596        3.6353438648259888     
  -3.1460512256441153        3.7053492213141803     
  -3.1461333208921221        3.7753599850705464     
  -3.1462169372695223        3.8453762566627496     
  -3.1463020740350469        3.9153981365769472     
  -3.1463887304339182        3.9854257252162970     
  -3.1464769056978583        4.0554591228994612     
  -3.1465665990450908        4.1254984298591193     
  -3.1466578096803484        4.1955437462404648     
  -3.1467505367948778        4.2655951720997232     
  -3.1468447795664449        4.3356528074026581     
  -3.1469405371593417        4.4057167520230784     
  -3.1470378087243902        4.4757871057413556     
  -3.1471365933989488        4.5458639682429256     
  -3.1472368903069197        4.6159474391168160     
  -3.1473386985587535        4.6860376178541445     
  -3.1474420172514552        4.7561346038466432     
  -3.1475468454685918        4.8262384963851739     
  -3.1476531822802967        4.8963493946582402     
  -3.1477610267432787        4.9664673977505061     
  -3.1478703779008255        5.0365926046413216     
  -3.1479812347828133        5.1067251142032308     
  -3.1480935964057113        5.1768650252005033     
  -3.1482074617725897        5.2470124362876502     
  -3.1483228298731265        5.3171674460079474     
  -3.1484396996836144        5.3873301527919617     
  -3.1485580701669673        5.4575006549560765     
  -3.1486779402727292        5.5276790507010132     
  -3.1487993089370794        5.5978654381103636     
  -3.1489221750828427        5.6680599151491169     
  -3.1490465376194940        5.7382625796621900     
  -3.1491723954431681        5.8084735293729537     
  -3.1492997474366655        5.8786928618817758     
  -3.1494285924694632        5.9489206746645413     
  -3.1495589293977191        6.0191570650711963     
  -3.1496907570642834        6.0894021303242818     
  -3.1498240742987043        6.1596559675174669     
  -3.1499588799172376        6.2299186736140921     
  -3.0798935207146951       -6.2297846214456341     
  -3.0797616933521663       -6.1595233867043326     
  -3.0796313214933506       -6.0892710220436701     
  -3.0795024062957590       -6.0190274304871645     
  -3.0793749489039040       -5.9487925149279963     
  -3.0792489504492919       -5.8785661781304661     
  -3.0791244120504144       -5.8083483227314625     
  -3.0790013348127414       -5.7381388512419269     
  -3.0788797198287123       -5.6679376660483118     
  -3.0787595681777296       -5.5977446694140536     
  -3.0786408809261494       -5.5275597634810412     
  -3.0785236591272755       -5.4573828502710793     
  -3.0784079038213519       -5.3872138316873652     
  -3.0782936160355545       -5.3170526095159580     
  -3.0781807967839852       -5.2468990854272475     
  -3.0780694470676644       -5.1767531609774347     
  -3.0779595678745224       -5.1066147376100037     
  -3.0778511601793954       -5.0364837166571927     
  -3.0777442249440168       -4.9663599993414813     
  -3.0776387631170103       -4.8962434867770623     
  -3.0775347756338851       -4.8261340799713199     
  -3.0774322634170272       -4.7560316798263145     
  -3.0773312273756943       -4.6859361871402623     
  -3.0772316684060099       -4.6158475026090153     
  -3.0771335873909558       -4.5457655268275481     
  -3.0770369852003667       -4.4756901602914425     
  -3.0769418626909242       -4.4056213033983687     
  -3.0768482207061507       -4.3355588564495759     
  -3.0767560600764048       -4.2655027196513782     
  -3.0766653816188723       -4.1954527931166448     
  -3.0765761861375651       -4.1254089768662805     
  -3.0764884744233121       -4.0553711708307292     
  -3.0764022472537547       -3.9853392748514551     
  -3.0763175053933427       -3.9153131886824362     
  -3.0762342495933277       -3.8452928119916598     
  -3.0761524805917584       -3.7752780443626124     
  -3.0760721991134754       -3.7052687852957771     
  -3.0759934058701068       -3.6352649342101264     
  -3.0759161015600625       -3.5652663904446174     
  -3.0758402868685293       -3.4952730532596923     
  -3.0757659624674685       -3.4252848218387717     
  -3.0756931290156082       -3.3553015952897542     
  -3.0756217871584401       -3.2853232726465156     
  -3.0755519375282159       -3.2153497528704076     
  -3.0754835807439420       -3.1453809348517590     
  -3.0754167174113758       -3.0754167174113758     
  -3.0753513481230210       -3.0054569993020430     
  -3.0752874734581246       -2.9355016792100277     
  -3.0752250939826711       -2.8655506557565800     
  -3.0751642102493815       -2.7956038274994373     
  -3.0751048227977065       -2.7256610929343306     
  -3.0750469321538252       -2.6557223504964855     
  -3.0749905388306407       -2.5857874985621292     
  -3.0749356433277755       -2.5158564354499982     
  -3.0748822461315708       -2.4459290594228404     
  -3.0748303477150798       -2.3760052686889255     
  -3.0747799485380685       -2.3060849614035512     
  -3.0747310490470077       -2.2361680356705511     
  -3.0746836496750753       -2.1662543895438029     
  -3.0746377508421490       -2.0963439210287382     
  -3.0745933529548064       -2.0264365280838494     
  -3.0745504564063202       -1.9565321086222038     
  -3.0745504564063202        1.9565321086222038     
  -3.0745933529548064        2.0264365280838494     
  -3.0746377508421490        2.0963439210287382     
  -3.0746836496750753        2.1662543895438029     
  -3.0747310490470077        2.2361680356705511     
  -3.0747799485380685        2.3060849614035512     
  -3.0748303477150798        2.3760052686889255     
  -3.0748822461315708        2.4459290594228404     
  -3.0749356433277755        2.5158564354499982     
  -3.0749905388306407        2.5857874985621292     
  -3.0750469321538252        2.6557223504964855     
  -3.0751048227977065        2.7256610929343306     
  -3.0751642102493815        2.7956038274994373     
  -3.0752250939826711        2.8655506557565800     
  -3.0752874734581246        2.9355016792100277     
  -3.0753513481230210        3.0054569993020430     
  -3.0754167174113758        3.0754167174113758     
  -3.0754835807439420        3.1453809348517590     
  -3.0755519375282159        3.2153497528704076     
  -3.0756217871584401        3.2853232726465156     
  -3.0756931290156082        3.3553015952897542     
  -3.0757659624674685        3.4252848218387717     
  -3.0758402868685293        3.4952730532596923     
  -3.0759161015600625        3.5652663904446174     
  -3.0759934058701068        3.6352649342101264     
  -3.0760721991134754        3.7052687852957771     
  -3.0761524805917584        3.7752780443626124     
  -3.0762342495933277        3.8452928119916598     
  -3.0763175053933427        3.9153131886824362     
  -3.0764022472537547        3.9853392748514551     
  -3.0764884744233121        4.0553711708307292     
  -3.0765761861375651        4.1254089768662805     
  -3.0766653816188723        4.1954527931166448     
  -3.0767560600764048        4.2655027196513782     
  -3.0768482207061507        4.3355588564495759     
  -3.0769418626909242        4.4056213033983687     
  -3.0770369852003667        4.4756901602914425     
  -3.0771335873909558        4.5457655268275481     
  -3.0772316684060099        4.6158475026090153     
  -3.0773312273756943        4.6859361871402623     
  -3.0774322634170272        4.7560316798263145     
  -3.0775347756338851        4.8261340799713199     
  -3.0776387631170103        4.8962434867770623     
  -3.0777442249440168        4.9663599993414813     
  -3.0778511601793954        5.0364837166571927     
  -3.0779595678745224        5.1066147376100037     
  -3.0780694470676644        5.1767531609774347     
  -3.0781807967839852        5.2468990854272475     
  -3.0782936160355545        5.3170526095159580     
  -3.0784079038213519        5.3872138316873652     
  -3.0785236591272755        5.4573828502710793     
  -3.0786408809261494        5.5275597634810412     
  -3.0787595681777296        5.5977446694140536     
  -3.0788797198287123        5.6679376660483118     
  -3.0790013348127414        5.7381388512419269     
  -3.0791244120504144        5.8083483227314625     
  -3.0792489504492919        5.8785661781304661     
  -3.0793749489039040        5.9487925149279963     
  -3.0795024062957590        6.0190274304871645     
  -3.0796313214933506        6.0892710220436701     
  -3.0797616933521663        6.1595233867043326     
  -3.0798935207146951        6.2297846214456341     
  -3.0099628904771301       -6.2999223289056214     
  -3.0098326210780533       -6.2296535645569016     
  -3.0097037731452017       -6.1593937682971571     
  -3.0095763478225428       -6.0891428432688661     
  -3.0094503462413500       -6.0189006924827000     
  -3.0093257695201916       -5.9486672188189837     
  -3.0092026187649248       -5.8784423250291562     
  -3.0090808950686876       -5.8082259137372345     
  -3.0089605995118909       -5.7380178874412806     
  -3.0088417331622104       -5.6678181485148622     
  -3.0087242970745800       -5.5976265992085210     
  -3.0086082922911839       -5.5274431416512453     
  -3.0084937198414492       -5.4572676778519318     
  -3.0083805807420392       -5.3871001097008611     
  -3.0082688759968454       -5.3169403389711691     
  -3.0081586065969814       -5.2467882673203166     
  -3.0080497735207756       -5.1766437962915672     
  -3.0079423777337642       -5.1065068273154610     
  -3.0078364201886845       -5.0363772617112863     
  -3.0077319018254687       -4.9662550006885642     
  -3.0076288235712365       -4.8961399453485255     
  -3.0075271863402904       -4.8260319966855825     
  -3.0074269910341065       -4.7559310555888201     
  -3.0073282385413314       -4.6858370228434705     
  -3.0072309297377742       -4.6157497991323977     
  -3.0071350654863997       -4.5456692850375813     
  -3.0070406466373250       -4.4755953810416012     
  -3.0069476740278116       -4.4055279875291200     
  -3.0068561484822602       -4.3354670047883754     
  -3.0067660708122048       -4.2654123330126623     
  -3.0066774418163078       -4.1953638723018249     
  -3.0065902622803535       -4.1253215226637412     
  -3.0065045329772437       -4.0552851840158164     
  -3.0064202546669914       -3.9852547561864773     
  -3.0063374280967166       -3.9152301389166544     
  -3.0062560540006409       -3.8452112318612852     
  -3.0061761331000816       -3.7751979345907998     
  -3.0060976661034471       -3.7051901465926211     
  -3.0060206537062339       -3.6351877672726554     
  -3.0059450965910193       -3.5651906959567903     
  -3.0058709954274572       -3.4951988318923921     
  -3.0057983508722752       -3.4252120742498020     
  -3.0057271635692686       -3.3552303221238344     
  -3.0056574341492963       -3.2852534745352777     
  -3.0055891632302769       -3.2152814304323898     
  -3.0055223514171843       -3.1453140886924023     
  -3.0054569993020430       -3.0753513481230210     
  -3.0053931074639255       -3.0053931074639255     
  -3.0053306764689465       -2.9354392653882733     
  -3.0052697068702603       -2.8654897205042018     
  -3.0052101992080575       -2.7955443713563328     
  -3.0051521540095600       -2.7256031164272758     
  -3.0050955717890182       -2.6556658541391327     
  -3.0050404530477075       -2.5857324828550041     
  -3.0049867982739245       -2.5158029008804954     
  -3.0049346079429844       -2.4458770064652202     
  -3.0049346079429844        2.4458770064652202     
  -3.0049867982739245        2.5158029008804954     
  -3.0050404530477075        2.5857324828550041     
  -3.0050955717890182        2.6556658541391327     
  -3.0051521540095600        2.7256031164272758     
  -3.0052101992080575        2.7955443713563328     
  -3.0052697068702603        2.8654897205042018     
  -3.0053306764689465        2.9354392653882733     
  -3.0053931074639255        3.0053931074639255     
  -3.0054569993020430        3.0753513481230210     
  -3.0055223514171843        3.1453140886924023     
  -3.0055891632302769        3.2152814304323898     
  -3.0056574341492963        3.2852534745352777     
  -3.0057271635692686        3.3552303221238344     
  -3.0057983508722752        3.4252120742498020     
  -3.0058709954274572        3.4951988318923921     
  -3.0059450965910193        3.5651906959567903     
  -3.0060206537062339        3.6351877672726554     
  -3.0060976661034471        3.7051901465926211     
  -3.0061761331000816        3.7751979345907998     
  -3.0062560540006409        3.8452112318612852     
  -3.0063374280967166        3.9152301389166544     
  -3.0064202546669914        3.9852547561864773     
  -3.0065045329772437        4.0552851840158164     
  -3.0065902622803535        4.1253215226637412     
  -3.0066774418163078        4.1953638723018249     
  -3.0067660708122048        4.2654123330126623     
  -3.0068561484822602        4.3354670047883754     
  -3.0069476740278116        4.4055279875291200     
  -3.0070406466373250        4.4755953810416012     
  -3.0071350654863997        4.5456692850375813     
  -3.0072309297377742        4.6157497991323977     
  -3.0073282385413314        4.6858370228434705     
  -3.0074269910341065        4.7559310555888201     
  -3.0075271863402904        4.8260319966855825     
  -3.0076288235712365        4.8961399453485255     
  -3.0077319018254687        4.9662550006885642     
  -3.0078364201886845        5.0363772617112863     
  -3.0079423777337642        5.1065068273154610     
  -3.0080497735207756        5.1766437962915672     
  -3.0081586065969814        5.2467882673203166     
  -3.0082688759968454        5.3169403389711691     
  -3.0083805807420392        5.3871001097008611     
  -3.0084937198414492        5.4572676778519318     
  -3.0086082922911839        5.5274431416512453     
  -3.0087242970745800        5.5976265992085210     
  -3.0088417331622104        5.6678181485148622     
  -3.0089605995118909        5.7380178874412806     
  -3.0090808950686876        5.8082259137372345     
  -3.0092026187649248        5.8784423250291562     
  -3.0093257695201916        5.9486672188189837     
  -3.0094503462413500        6.0189006924827000     
  -3.0095763478225428        6.0891428432688661     
  -3.0097037731452017        6.1593937682971571     
  -3.0098326210780533        6.2296535645569016     
  -3.0099628904771301        6.2999223289056214     
  -2.9399033365359690       -6.2997928640056475     
  -2.9397760805934894       -6.2295255041147755     
  -2.9396502132374276       -6.1592671134498485     
  -2.9395257355852151       -6.0890175951408034     
  -2.9394026487418814       -6.0187768521857565     
  -2.9392809538000457       -5.9485447874524739     
  -2.9391606518399129       -5.8783213036798259     
  -2.9390417439292618       -5.8081063034792546     
  -2.9389242311234391       -5.7378996893362393     
  -2.9388081144653535       -5.6677013636117533     
  -2.9386933949854659       -5.5975112285437447     
  -2.9385800737017838       -5.5273291862485943     
  -2.9384681516198534       -5.4571551387225847     
  -2.9383576297327529       -5.3869889878433801     
  -2.9382485090210850       -5.3168306353714874     
  -2.9381407904529717       -5.2466799829517354     
  -2.9380344749840450       -5.1765369321147459     
  -2.9379295635574421       -5.1064013842784117     
  -2.9378260571037984       -5.0362732407493693     
  -2.9377239565412410       -4.9661524027244788     
  -2.9376232627753818       -4.8960387712923037     
  -2.9375239766993122       -4.8259322474345847     
  -2.9374260991935954       -4.7558327320277263     
  -2.9373296311262629       -4.6857401258442763     
  -2.9372345733528049       -4.6156543295544079     
  -2.9371409267161672       -4.5455752437274022     
  -2.9370486920467456       -4.4755027688331364     
  -2.9369578701623769       -4.4054368052435651     
  -2.9368684618683369       -4.3353772532342116     
  -2.9367804679573326       -4.2653240129856496     
  -2.9366938892094989       -4.1952769845849982     
  -2.9366087263923899       -4.1252360680274043     
  -2.9365249802609767       -4.0552011632175384     
  -2.9364426515576407       -3.9851721699710843     
  -2.9363617410121701       -3.9151489880162265     
  -2.9362822493417515       -3.8451315169951505     
  -2.9362041772509690       -3.7751196564655314     
  -2.9361275254317967       -3.7051133059020289     
  -2.9360522945635954       -3.6351123646977848     
  -2.9359784853131066       -3.5651167321659152     
  -2.9359060983344500       -3.4951263075410122     
  -2.9358351342691162       -3.4251409899806360     
  -2.9357655937459657       -3.3551606785668180     
  -2.9356974773812210       -3.2851852723075567     
  -2.9356307857784656       -3.2152146701383195     
  -2.9355655195286379       -3.1452487709235402     
  -2.9355016792100277       -3.0752874734581246     
  -2.9354392653882733       -3.0053306764689465     
  -2.9353782786163558       -2.9353782786163558     
  -2.9353187194345964       -2.8654301784956777     
  -2.9353187194345964        2.8654301784956777     
  -2.9353782786163558        2.9353782786163558     
  -2.9354392653882733        3.0053306764689465     
  -2.9355016792100277        3.0752874734581246     
  -2.9355655195286379        3.1452487709235402     
  -2.9356307857784656        3.2152146701383195     
  -2.9356974773812210        3.2851852723075567     
  -2.9357655937459657        3.3551606785668180     
  -2.9358351342691162        3.4251409899806360     
  -2.9359060983344500        3.4951263075410122     
  -2.9359784853131066        3.5651167321659152     
  -2.9360522945635954        3.6351123646977848     
  -2.9361275254317967        3.7051133059020289     
  -2.9362041772509690        3.7751196564655314     
  -2.9362822493417515        3.8451315169951505     
  -2.9363617410121701        3.9151489880162265     
  -2.9364426515576407        3.9851721699710843     
  -2.9365249802609767        4.0552011632175384     
  -2.9366087263923899        4.1252360680274043     
  -2.9366938892094989        4.1952769845849982     
  -2.9367804679573326        4.2653240129856496     
  -2.9368684618683369        4.3353772532342116     
  -2.9369578701623769        4.4054368052435651     
  -2.9370486920467456        4.4755027688331364     
  -2.9371409267161672        4.5455752437274022     
  -2.9372345733528049        4.6156543295544079     
  -2.9373296311262629        4.6857401258442763     
  -2.9374260991935954        4.7558327320277263     
  -2.9375239766993122        4.8259322474345847     
  -2.9376232627753818        4.8960387712923037     
  -2.9377239565412410        4.9661524027244788     
  -2.9378260571037984        5.0362732407493693     
  -2.9379295635574421        5.1064013842784117     
  -2.9380344749840450        5.1765369321147459     
  -2.9381407904529717        5.2466799829517354     
  -2.9382485090210850        5.3168306353714874     
  -2.9383576297327529        5.3869889878433801     
  -2.9384681516198534        5.4571551387225847     
  -2.9385800737017838        5.5273291862485943     
  -2.9386933949854659        5.5975112285437447     
  -2.9388081144653535        5.6677013636117533     
  -2.9389242311234391        5.7378996893362393     
  -2.9390417439292618        5.8081063034792546     
  -2.9391606518399129        5.8783213036798259     
  -2.9392809538000457        5.9485447874524739     
  -2.9394026487418814        6.0187768521857565     
  -2.9395257355852151        6.0890175951408034     
  -2.9396502132374276        6.1592671134498485     
  -2.9397760805934894        6.2295255041147755     
  -2.9399033365359690        6.2997928640056475     
  -2.8699736360791612       -6.3699414849561871     
  -2.8698480401352446       -6.2996664295651703     
  -2.8697237987824296       -6.2294004412594202     
  -2.8696009131237035       -6.1591434232899003     
  -2.8694793842499555       -6.0888952787742952     
  -2.8693592132399668       -6.0186559106984658     
  -2.8692404011604045       -5.9484252219179119     
  -2.8691229490658143       -5.8782031151592289     
  -2.8690068579986128       -5.8079894930215810     
  -2.8688921289890783       -5.7377842579781566     
  -2.8687787630553472       -5.6675873123776368     
  -2.8686667612034040       -5.5973985584456658     
  -2.8685561244270743       -5.5272178982863132     
  -2.8684468537080194       -5.4570452338835489     
  -2.8683389500157288       -5.3868804671027091     
  -2.8682324143075126       -5.3167234996919746     
  -2.8681272475284953       -5.2465742332838330     
  -2.8680234506116111       -5.1764325693965656     
  -2.8679210244775928       -5.1062984094357144     
  -2.8678199700349705       -5.0361716546955577     
  -2.8677202881800619       -4.9660522063605939     
  -2.8676219797969673       -4.8959399655070177     
  -2.8675250457575636       -4.8258348331041923     
  -2.8674294869214982       -4.7557367100161434     
  -2.8673353041361822       -4.6856454970030299     
  -2.8672424982367852       -4.6155610947226302     
  -2.8671510700462299       -4.5454834037318284     
  -2.8670610203751861       -4.4754123244880955     
  -2.8669723500220643       -4.4053477573509765     
  -2.8668850597730113       -4.3352896025835781     
  -2.8667991504019046       -4.2652377603540526     
  -2.8667146226703468       -4.1951921307370927     
  -2.8666314773276595       -4.1251526137154126     
  -2.8665497151108807       -4.0551191091812449     
  -2.8664693367447565       -3.9850915169378323     
  -2.8663903429417390       -3.9150697367009117     
  -2.8663127344019794       -3.8450536681002165     
  -2.8662365118133248       -3.7750432106809639     
  -2.8661616758513113       -3.7050382639053532     
  -2.8660882271791617       -3.6350387271540585     
  -2.8660161664477801       -3.5650444997277262     
  -2.8659454942957470       -3.4950554808484720     
  -2.8658762113493155       -3.4250715696613772     
  -2.8658083182224070       -3.3550926652359885     
  -2.8657418155166066       -3.2851186665678171     
  -2.8656767038211592       -3.2151494725798373     
  -2.8656767038211592        3.2151494725798373     
  -2.8657418155166066        3.2851186665678171     
  -2.8658083182224070        3.3550926652359885     
  -2.8658762113493155        3.4250715696613772     
  -2.8659454942957470        3.4950554808484720     
  -2.8660161664477801        3.5650444997277262     
  -2.8660882271791617        3.6350387271540585     
  -2.8661616758513113        3.7050382639053532     
  -2.8662365118133248        3.7750432106809639     
  -2.8663127344019794        3.8450536681002165     
  -2.8663903429417390        3.9150697367009117     
  -2.8664693367447565        3.9850915169378323     
  -2.8665497151108807        4.0551191091812449     
  -2.8666314773276595        4.1251526137154126     
  -2.8667146226703468        4.1951921307370927     
  -2.8667991504019046        4.2652377603540526     
  -2.8668850597730113        4.3352896025835781     
  -2.8669723500220643        4.4053477573509765     
  -2.8670610203751861        4.4754123244880955     
  -2.8671510700462299        4.5454834037318284     
  -2.8672424982367852        4.6155610947226302     
  -2.8673353041361822        4.6856454970030299     
  -2.8674294869214982        4.7557367100161434     
  -2.8675250457575636        4.8258348331041923     
  -2.8676219797969673        4.8959399655070177     
  -2.8677202881800619        4.9660522063605939     
  -2.8678199700349705        5.0361716546955577     
  -2.8679210244775928        5.1062984094357144     
  -2.8680234506116111        5.1764325693965656     
  -2.8681272475284953        5.2465742332838330     
  -2.8682324143075126        5.3167234996919746     
  -2.8683389500157288        5.3868804671027091     
  -2.8684468537080194        5.4570452338835489     
  -2.8685561244270743        5.5272178982863132     
  -2.8686667612034040        5.5973985584456658     
  -2.8687787630553472        5.6675873123776368     
  -2.8688921289890783        5.7377842579781566     
  -2.8690068579986128        5.8079894930215810     
  -2.8691229490658143        5.8782031151592289     
  -2.8692404011604045        5.9484252219179119     
  -2.8693592132399668        6.0186559106984658     
  -2.8694793842499555        6.0888952787742952     
  -2.8696009131237035        6.1591434232899003     
  -2.8697237987824296        6.2294004412594202     
  -2.8698480401352446        6.2996664295651703     
  -2.8699736360791612        6.3699414849561871     
  -2.7999194481303462       -6.3698167444965383     
  -2.7997969007600028       -6.2995430267100065     
  -2.7996756751030478       -6.2292783771042828     
  -2.7995557722356277       -6.1590226989183812     
  -2.7994371932220834       -6.0887758952580322     
  -2.7993199391149450       -6.0185378690971314     
  -2.7992040109549219       -5.9483085232792092     
  -2.7990894097708972       -5.8780877605188842     
  -2.7989761365799191       -5.8078754834033326     
  -2.7988641923871955       -5.7376715943937517     
  -2.7987535781860848       -5.6674759958268224     
  -2.7986442949580903       -5.5972885899161806     
  -2.7985363436728536       -5.5271092787538860     
  -2.7984297252881456       -5.4569379643118845     
  -2.7983244407498633       -5.3867745484434870     
  -2.7982204909920201       -5.3166189328848388     
  -2.7981178769367405       -5.2464710192563881     
  -2.7980165994942534       -5.1763307090643691     
  -2.7979166595628873       -5.1061979037022702     
  -2.7978180580290610       -5.0360725044523100     
  -2.7977207957672801       -4.9659544124869219     
  -2.7976248736401295       -4.8958435288702278     
  -2.7975302924982683       -4.8257397545595131     
  -2.7974370531804227       -4.7556429904067183     
  -2.7973451565133818       -4.6855531371599151     
  -2.7972546033119912       -4.6154700954647856     
  -2.7971653943791455       -4.5453937658661117     
  -2.7970775305057867       -4.4753240488092594     
  -2.7969910124708948       -4.4052608446416599     
  -2.7969058410414851       -4.3352040536143015     
  -2.7968220169726012       -4.2651535758832173     
  -2.7967395410073119       -4.1951093115109677     
  -2.7966584138767026       -4.1250711604681367     
  -2.7965786362998744       -4.0550390226348174     
  -2.7965002089839359       -3.9850127978021095     
  -2.7964231326240010       -3.9149923856736013     
  -2.7963474079031809       -3.8449776858668741     
  -2.7962730354925829       -3.7749685979149867     
  -2.7962000160513036       -3.7049650212679772     
  -2.7961283502264247       -3.6349668552943526     
  -2.7960580386530101       -3.5649739992825880     
  -2.7960580386530101        3.5649739992825880     
  -2.7961283502264247        3.6349668552943526     
  -2.7962000160513036        3.7049650212679772     
  -2.7962730354925829        3.7749685979149867     
  -2.7963474079031809        3.8449776858668741     
  -2.7964231326240010        3.9149923856736013     
  -2.7965002089839359        3.9850127978021095     
  -2.7965786362998744        4.0550390226348174     
  -2.7966584138767026        4.1250711604681367     
  -2.7967395410073119        4.1951093115109677     
  -2.7968220169726012        4.2651535758832173     
  -2.7969058410414851        4.3352040536143015     
  -2.7969910124708948        4.4052608446416599     
  -2.7970775305057867        4.4753240488092594     
  -2.7971653943791455        4.5453937658661117     
  -2.7972546033119912        4.6154700954647856     
  -2.7973451565133818        4.6855531371599151     
  -2.7974370531804227        4.7556429904067183     
  -2.7975302924982683        4.8257397545595131     
  -2.7976248736401295        4.8958435288702278     
  -2.7977207957672801        4.9659544124869219     
  -2.7978180580290610        5.0360725044523100     
  -2.7979166595628873        5.1061979037022702     
  -2.7980165994942534        5.1763307090643691     
  -2.7981178769367405        5.2464710192563881     
  -2.7982204909920201        5.3166189328848388     
  -2.7983244407498633        5.3867745484434870     
  -2.7984297252881456        5.4569379643118845     
  -2.7985363436728536        5.5271092787538860     
  -2.7986442949580903        5.5972885899161806     
  -2.7987535781860848        5.6674759958268224     
  -2.7988641923871955        5.7376715943937517     
  -2.7989761365799191        5.8078754834033326     
  -2.7990894097708972        5.8780877605188842     
  -2.7992040109549219        5.9483085232792092     
  -2.7993199391149450        6.0185378690971314     
  -2.7994371932220834        6.0887758952580322     
  -2.7995557722356277        6.1590226989183812     
  -2.7996756751030478        6.2292783771042828     
  -2.7997969007600028        6.2995430267100065     
  -2.7999194481303462        6.3698167444965383     
  -2.7299901010075533       -6.4399766485306396     
  -2.7298693155390752       -6.3696950695911756     
  -2.7297498178335449       -6.2994226565389493     
  -2.7296316089517654       -6.2291593127360807     
  -2.7295146899430374       -6.1589049414099311     
  -2.7293990618451511       -6.0886594456545673     
  -2.7292847256843791       -6.0184227284322205     
  -2.7291716824754699       -5.9481946925747424     
  -2.7290599332216390       -5.8779752407850685     
  -2.7289494789145632       -5.8077642756386849     
  -2.7288403205343736       -5.7375616995850933     
  -2.7287324590496480       -5.6673674149492692     
  -2.7286258954174047       -5.5971813239331381     
  -2.7285206305830960       -5.5270033286170408     
  -2.7284166654805997       -5.4568333309611994     
  -2.7283140010322153       -5.3866712328071937     
  -2.7282126381486558       -5.3165169358794317     
  -2.7281125777290418       -5.2463703417866192     
  -2.7280138206608955       -5.1762313520232368     
  -2.7279163678201335       -5.1060998679710190     
  -2.7278202200710617       -5.0359757909004221     
  -2.7277253782663697       -4.9658590219721086     
  -2.7276318432471234       -4.8957494622384274     
  -2.7275396158427605       -4.8256470126448834     
  -2.7274486968710834       -4.7555515740316316     
  -2.7273590871382547       -4.6854630471349505     
  -2.7272707874387918       -4.6153813325887247     
  -2.7271837985555609       -4.5453063309259347     
  -2.7270981212597700       -4.4752379425801356     
  -2.7270137563109671       -4.4051760678869467     
  -2.7269307044570321       -4.3351206070855381     
  -2.7268489664341722       -4.2650714603201152     
  -2.7267685429669175       -4.1950285276414121     
  -2.7266894347681170       -4.1249917090081762     
  -2.7266116425389297       -4.0549609042886647     
  -2.7265351669688251       -3.9849360132621294     
  -2.7264600087355748       -3.9149169356203126     
  -2.7263861685052491       -3.8449035709689410     
  -2.7263861685052491        3.8449035709689410     
  -2.7264600087355748        3.9149169356203126     
  -2.7265351669688251        3.9849360132621294     
  -2.7266116425389297        4.0549609042886647     
  -2.7266894347681170        4.1249917090081762     
  -2.7267685429669175        4.1950285276414121     
  -2.7268489664341722        4.2650714603201152     
  -2.7269307044570321        4.3351206070855381     
  -2.7270137563109671        4.4051760678869467     
  -2.7270981212597700        4.4752379425801356     
  -2.7271837985555609        4.5453063309259347     
  -2.7272707874387918        4.6153813325887247     
  -2.7273590871382547        4.6854630471349505     
  -2.7274486968710834        4.7555515740316316     
  -2.7275396158427605        4.8256470126448834     
  -2.7276318432471234        4.8957494622384274     
  -2.7277253782663697        4.9658590219721086     
  -2.7278202200710617        5.0359757909004221     
  -2.7279163678201335        5.1060998679710190     
  -2.7280138206608955        5.1762313520232368     
  -2.7281125777290418        5.2463703417866192     
  -2.7282126381486558        5.3165169358794317     
  -2.7283140010322153        5.3866712328071937     
  -2.7284166654805997        5.4568333309611994     
  -2.7285206305830960        5.5270033286170408     
  -2.7286258954174047        5.5971813239331381     
  -2.7287324590496480        5.6673674149492692     
  -2.7288403205343736        5.7375616995850933     
  -2.7289494789145632        5.8077642756386849     
  -2.7290599332216390        5.8779752407850685     
  -2.7291716824754699        5.9481946925747424     
  -2.7292847256843791        6.0184227284322205     
  -2.7293990618451511        6.0886594456545673     
  -2.7295146899430374        6.1589049414099311     
  -2.7296316089517654        6.2291593127360807     
  -2.7297498178335449        6.2994226565389493     
  -2.7298693155390752        6.3696950695911756     
  -2.7299901010075533        6.4399766485306396     
  -2.6599408395610742       -6.4398567694636535     
  -2.6598231376955837       -6.3695764613236348     
  -2.6597066907189211       -6.2993053201237599     
  -2.6595914996647450       -6.2290432492147971     
  -2.6594775655555054       -6.1587901518127488     
  -2.6593648894024375       -6.0885459310003167     
  -2.6592534722055530       -6.0183104897283561     
  -2.6591433149536332       -5.9480837308173378     
  -2.6590344186242239       -5.8778655569588096     
  -2.6589267841836248       -5.8076558707168644     
  -2.6588204125868877       -5.7374545745295995     
  -2.6587153047778047       -5.6672615707105836     
  -2.6586114616889054       -5.5970767614503263     
  -2.6585088842414479       -5.5269000488177467     
  -2.6584075733454142       -5.4567313347616393     
  -2.6583075298995023       -5.3865705211121488     
  -2.6582087547911208       -5.3164175095822417     
  -2.6581112488963829       -5.2462722017691767     
  -2.6580150130800995       -5.1761344991559826     
  -2.6579200481957725       -5.1060043031129316     
  -2.6578263550855921       -5.0358815148990166     
  -2.6577339345804272       -4.9657660356634290     
  -2.6576427874998210       -4.8956577664470391     
  -2.6575529146519865       -4.8255566081838701     
  -2.6574643168337997       -4.7554624617025887     
  -2.6573769948307935       -4.6853752277279774     
  -2.6572909494171535       -4.6152948068824236     
  -2.6572061813557122       -4.5452210996874021     
  -2.6571226913979440       -4.4751540065649582     
  -2.6570404802839591       -4.4050934278391951     
  -2.6569595487425000       -4.3350392637377624     
  -2.6568798974909340       -4.2649914143933412     
  -2.6568015272352516       -4.1949497798451336     
  -2.6567244386700586       -4.1249142600403532     
  -2.6567244386700586        4.1249142600403532     
  -2.6568015272352516        4.1949497798451336     
  -2.6568798974909340        4.2649914143933412     
  -2.6569595487425000        4.3350392637377624     
  -2.6570404802839591        4.4050934278391951     
  -2.6571226913979440        4.4751540065649582     
  -2.6572061813557122        4.5452210996874021     
  -2.6572909494171535        4.6152948068824236     
  -2.6573769948307935        4.6853752277279774     
  -2.6574643168337997        4.7554624617025887     
  -2.6575529146519865        4.8255566081838701     
  -2.6576427874998210        4.8956577664470391     
  -2.6577339345804272        4.9657660356634290     
  -2.6578263550855921        5.0358815148990166     
  -2.6579200481957725        5.1060043031129316     
  -2.6580150130800995        5.1761344991559826     
  -2.6581112488963829        5.2462722017691767     
  -2.6582087547911208        5.3164175095822417     
  -2.6583075298995023        5.3865705211121488     
  -2.6584075733454142        5.4567313347616393     
  -2.6585088842414479        5.5269000488177467     
  -2.6586114616889054        5.5970767614503263     
  -2.6587153047778047        5.6672615707105836     
  -2.6588204125868877        5.7374545745295995     
  -2.6589267841836248        5.8076558707168644     
  -2.6590344186242239        5.8778655569588096     
  -2.6591433149536332        5.9480837308173378     
  -2.6592534722055530        6.0183104897283561     
  -2.6593648894024375        6.0885459310003167     
  -2.6594775655555054        6.1587901518127488     
  -2.6595914996647450        6.2290432492147971     
  -2.6597066907189211        6.2993053201237599     
  -2.6598231376955837        6.3695764613236348     
  -2.6599408395610742        6.4398567694636535     
  -2.5898954311456781       -6.4397399909568218     
  -2.5897808139313638       -6.3694609207501109     
  -2.5896674187204316       -6.2991910185091582     
  -2.5895552465193914       -6.2289301875736722     
  -2.5894442983238397       -6.1586783311485922     
  -2.5893345751184502       -6.0884353523055461     
  -2.5892260778769707       -6.0182011539843101     
  -2.5891188075622114       -5.9479756389942704     
  -2.5890127651260433       -5.8777587100158817     
  -2.5889079515093862       -5.8075502696021370     
  -2.5888043676422070       -5.7373502201800273     
  -2.5887020144435100       -5.6671584640520081     
  -2.5886008928213307       -5.5969749033974709     
  -2.5885010036727305       -5.5267994402742087     
  -2.5884023478837905       -5.4566319766198834     
  -2.5883049263296045       -5.3864724142535012     
  -2.5882087398742728       -5.3163206548768853     
  -2.5881137893708965       -5.2461766000761418     
  -2.5880200756615723       -5.1760401513231447     
  -2.5879275995773852       -5.1059112099770045     
  -2.5878363619384039       -5.0357896772855435     
  -2.5877463635536744       -4.9656754543867807     
  -2.5876576052212146       -4.8955684423104060     
  -2.5875700877280083       -4.8254685419792587     
  -2.5874838118500012       -4.7553756542108134     
  -2.5873987783520942       -4.6852896797186574     
  -2.5873149879881381       -4.6152105191139770     
  -2.5872324415009293       -4.5451380729070374     
  -2.5871511396222031       -4.4750722415086761     
  -2.5871511396222031        4.4750722415086761     
  -2.5872324415009293        4.5451380729070374     
  -2.5873149879881381        4.6152105191139770     
  -2.5873987783520942        4.6852896797186574     
  -2.5874838118500012        4.7553756542108134     
  -2.5875700877280083        4.8254685419792587     
  -2.5876576052212146        4.8955684423104060     
  -2.5877463635536744        4.9656754543867807     
  -2.5878363619384039        5.0357896772855435     
  -2.5879275995773852        5.1059112099770045     
  -2.5880200756615723        5.1760401513231447     
  -2.5881137893708965        5.2461766000761418     
  -2.5882087398742728        5.3163206548768853     
  -2.5883049263296045        5.3864724142535012     
  -2.5884023478837905        5.4566319766198834     
  -2.5885010036727305        5.5267994402742087     
  -2.5886008928213307        5.5969749033974709     
  -2.5887020144435100        5.6671584640520081     
  -2.5888043676422070        5.7373502201800273     
  -2.5889079515093862        5.8075502696021370     
  -2.5890127651260433        5.8777587100158817     
  -2.5891188075622114        5.9479756389942704     
  -2.5892260778769707        6.0182011539843101     
  -2.5893345751184502        6.0884353523055461     
  -2.5894442983238397        6.1586783311485922     
  -2.5895552465193914        6.2289301875736722     
  -2.5896674187204316        6.2991910185091582     
  -2.5897808139313638        6.3694609207501109     
  -2.5898954311456781        6.4397399909568218     
  -2.5199664947224942       -6.5099134446997766     
  -2.5198537750631109       -6.4396263140501722     
  -2.5197422435206653       -6.3693484488994594     
  -2.5196319010851278       -6.2990797527128191     
  -2.5195227487358549       -6.2288201288191969     
  -2.5194147874415842       -6.1585694804127620     
  -2.5193080181604270       -6.0883277105543652     
  -2.5192024418398598       -6.0180947221729975     
  -2.5190980594167200       -5.9478704180672555     
  -2.5189948718171982       -5.8776547009067954     
  -2.5188928799568315       -5.8074474732338057     
  -2.5187920847404981       -5.7372486374644680     
  -2.5186924870624088       -5.6670580958904191     
  -2.5185940878061031       -5.5968757506802289     
  -2.5184968878444418       -5.5267015038808589     
  -2.5184008880396012       -5.4565352574191355     
  -2.5183060892430666       -5.3863769131032253     
  -2.5182124922956266       -5.3162263726241008     
  -2.5181200980273677       -5.2460835375570163     
  -2.5180289072576683       -5.1759483093629850     
  -2.5179389207951925       -5.1058205893902517     
  -2.5178501394378849       -5.0357002788757699     
  -2.5177625639729642       -4.9655872789466793     
  -2.5176761951769202       -4.8954814906217896     
  -2.5175910338155054       -4.8253828148130520     
  -2.5175070806437310       -4.7552911523270476     
  -2.5175070806437310        4.7552911523270476     
  -2.5175910338155054        4.8253828148130520     
  -2.5176761951769202        4.8954814906217896     
  -2.5177625639729642        4.9655872789466793     
  -2.5178501394378849        5.0357002788757699     
  -2.5179389207951925        5.1058205893902517     
  -2.5180289072576683        5.1759483093629850     
  -2.5181200980273677        5.2460835375570163     
  -2.5182124922956266        5.3162263726241008     
  -2.5183060892430666        5.3863769131032253     
  -2.5184008880396012        5.4565352574191355     
  -2.5184968878444418        5.5267015038808589     
  -2.5185940878061031        5.5968757506802289     
  -2.5186924870624088        5.6670580958904191     
  -2.5187920847404981        5.7372486374644680     
  -2.5188928799568315        5.8074474732338057     
  -2.5189948718171982        5.8776547009067954     
  -2.5190980594167200        5.9478704180672555     
  -2.5192024418398598        6.0180947221729975     
  -2.5193080181604270        6.0883277105543652     
  -2.5194147874415842        6.1585694804127620     
  -2.5195227487358549        6.2288201288191969     
  -2.5196319010851278        6.2990797527128191     
  -2.5197422435206653        6.3693484488994594     
  -2.5198537750631109        6.4396263140501722     
  -2.5199664947224942        6.5099134446997766     
  -2.4499253706739514       -6.5098016992193566     
  -2.4498157705593804       -6.4395157397560858     
  -2.4497073256819930       -6.3692390467731812     
  -2.4496000370043078       -6.2989715237253616     
  -2.4494939054785245       -6.2287130739311056     
  -2.4493889320465181       -6.1584636005741027     
  -2.4492851176398314       -6.0882230067047232     
  -2.4491824631796684       -6.0179911952414695     
  -2.4490809695768876       -5.9477680689724410     
  -2.4489806377319971       -5.8775535305567930     
  -2.4488814685351463       -5.8073474825262030     
  -2.4487834628661203       -5.7371498272863386     
  -2.4486866215943346       -5.6669604671183169     
  -2.4485909455788279       -5.5967793041801777     
  -2.4484964356682566       -5.5266062405083503     
  -2.4484030927008886       -5.4564411780191229     
  -2.4483109175045974       -5.3862840185101142     
  -2.4482199108968570       -5.3161346636617468     
  -2.4481300736847351       -5.2459930150387182     
  -2.4480414066648888       -5.1758589740914784     
  -2.4479539106235571       -5.1057324421577039     
  -2.4478675863365575       -5.0356133204637752     
  -2.4478675863365575        5.0356133204637752     
  -2.4479539106235571        5.1057324421577039     
  -2.4480414066648888        5.1758589740914784     
  -2.4481300736847351        5.2459930150387182     
  -2.4482199108968570        5.3161346636617468     
  -2.4483109175045974        5.3862840185101142     
  -2.4484030927008886        5.4564411780191229     
  -2.4484964356682566        5.5266062405083503     
  -2.4485909455788279        5.5967793041801777     
  -2.4486866215943346        5.6669604671183169     
  -2.4487834628661203        5.7371498272863386     
  -2.4488814685351463        5.8073474825262030     
  -2.4489806377319971        5.8775535305567930     
  -2.4490809695768876        5.9477680689724410     
  -2.4491824631796684        6.0179911952414695     
  -2.4492851176398314        6.0882230067047232     
  -2.4493889320465181        6.1584636005741027     
  -2.4494939054785245        6.2287130739311056     
  -2.4496000370043078        6.2989715237253616     
  -2.4497073256819930        6.3692390467731812     
  -2.4498157705593804        6.4395157397560858     
  -2.4499253706739514        6.5098016992193566     
  -2.3799953974154753       -6.5799872752074906     
  -2.3798877964199074       -6.5096930902073940     
  -2.3797813168262580       -6.4394082690592871     
  -2.3796759595796075       -6.3691327153454207     
  -2.3795717256150200       -6.2988663325103467     
  -2.3794686158575331       -6.2286090238623668     
  -2.3793666312221555       -6.1583606925749912     
  -2.3792657726138584       -6.0881212416884019     
  -2.3791660409275677       -6.0178905741109068     
  -2.3790674370481613       -5.9476685926204036     
  -2.3789699618504589       -5.8774551998658406     
  -2.3788736161992197       -5.8072502983686833     
  -2.3787784009491326       -5.7370537905243797     
  -2.3786843169448133       -5.6668655786038205     
  -2.3785913650207959       -5.5966855647548144     
  -2.3784995460015295       -5.5265136510035537     
  -2.3784088607013696       -5.4563497392560834     
  -2.3783193099245752       -5.3861937312997732     
  -2.3782308944653012       -5.3160455288047919     
  -2.3782308944653012        5.3160455288047919     
  -2.3783193099245752        5.3861937312997732     
  -2.3784088607013696        5.4563497392560834     
  -2.3784995460015295        5.5265136510035537     
  -2.3785913650207959        5.5966855647548144     
  -2.3786843169448133        5.6668655786038205     
  -2.3787784009491326        5.7370537905243797     
  -2.3788736161992197        5.8072502983686833     
  -2.3789699618504589        5.8774551998658406     
  -2.3790674370481613        5.9476685926204036     
  -2.3791660409275677        6.0178905741109068     
  -2.3792657726138584        6.0881212416884019     
  -2.3793666312221555        6.1583606925749912     
  -2.3794686158575331        6.2286090238623668     
  -2.3795717256150200        6.2988663325103467     
  -2.3796759595796075        6.3691327153454207     
  -2.3797813168262580        6.4394082690592871     
  -2.3798877964199074        6.5096930902073940     
  -2.3799953974154753        6.5799872752074906     
  -2.3099581177809974       -6.5798806991337502     
  -2.3098536711272111       -6.5095876186312305     
  -2.3097503130027790       -6.4393039029168380     
  -2.3096480443250287       -6.3690294555629574     
  -2.3095468660015639       -6.2987641800042642     
  -2.3094467789302584       -6.2285079795391818     
  -2.3093477839992502       -6.1582607573313330     
  -2.3092498820869336       -6.0880224164110066     
  -2.3091530740619555       -6.0177928596766099     
  -2.3090573607832061       -5.9475719898961374     
  -2.3089627430998165       -5.8773597097086236     
  -2.3088692218511495       -5.8071559216256183     
  -2.3087767978667957       -5.7369605280326432     
  -2.3086854719665659       -5.6667734311906619     
  -2.3085952449604883       -5.5965945332375462     
  -2.3085952449604883        5.5965945332375462     
  -2.3086854719665659        5.6667734311906619     
  -2.3087767978667957        5.7369605280326432     
  -2.3088692218511495        5.8071559216256183     
  -2.3089627430998165        5.8773597097086236     
  -2.3090573607832061        5.9475719898961374     
  -2.3091530740619555        6.0177928596766099     
  -2.3092498820869336        6.0880224164110066     
  -2.3093477839992502        6.1582607573313330     
  -2.3094467789302584        6.2285079795391818     
  -2.3095468660015639        6.2987641800042642     
  -2.3096480443250287        6.3690294555629574     
  -2.3097503130027790        6.4393039029168380     
  -2.3098536711272111        6.5095876186312305     
  -2.3099581177809974        6.5798806991337502     
  -2.2399241852931797       -6.5797772942987152     
  -2.2398228939114819       -6.5094852854302436     
  -2.2397226581767429       -6.4392026422581345     
  -2.2396234789785319       -6.3689292683451990     
  -2.2395253571969902       -6.2986650671165334     
  -2.2394282937028227       -6.2284099418609751     
  -2.2393322893572929       -6.1581637957325546     
  -2.2392373450122158       -6.0879265317519611     
  -2.2391434615099541       -6.0176980528080009     
  -2.2390506396834087       -5.9474782616590538     
  -2.2389588803560163       -5.8772670609345417     
  -2.2389588803560163        5.8772670609345417     
  -2.2390506396834087        5.9474782616590538     
  -2.2391434615099541        6.0176980528080009     
  -2.2392373450122158        6.0879265317519611     
  -2.2393322893572929        6.1581637957325546     
  -2.2394282937028227        6.2284099418609751     
  -2.2395253571969902        6.2986650671165334     
  -2.2396234789785319        6.3689292683451990     
  -2.2397226581767429        6.4392026422581345     
  -2.2398228939114819        6.5094852854302436     
  -2.2399241852931797        6.5797772942987152     
  -2.1699926561375538       -6.6499774946150847     
  -2.1698934990460383       -6.5796770616234719     
  -2.1697953638386127       -6.5093860915158377     
  -2.1696982513862149       -6.4391044879848964     
  -2.1696021625506536       -6.3688321545841768     
  -2.1695070981846030       -6.2985689947294921     
  -2.1694130591315952       -6.2283149117003873     
  -2.1693200462260167       -6.1580698086415957     
  -2.1693200462260167        6.1580698086415957     
  -2.1694130591315952        6.2283149117003873     
  -2.1695070981846030        6.2985689947294921     
  -2.1696021625506536        6.3688321545841768     
  -2.1696982513862149        6.4391044879848964     
  -2.1697953638386127        6.5093860915158377     
  -2.1698934990460383        6.5796770616234719     
  -2.1699926561375538        6.6499774946150847     
  -2.0999619252554522       -6.6498794299755986     
  -2.0998659580853714       -6.5795800020008306     
  -2.0997709799262712       -6.5092900377714402     
  -2.0996769916210303       -6.4390094409711605     
  -2.0996769916210303        6.4390094409711605     
  -2.0997709799262712        6.5092900377714402     
  -2.0998659580853714        6.5795800020008306     
  -2.0999619252554522        6.6498794299755986     
  -1.1873149950212045       -1.4666832291438407     
  -1.1873030376891602       -1.3968271031637178     
  -1.1872916629708026       -1.3269730350850149     
  -1.1872808709667364       -1.2571209222000739     
  -1.1872706617724114       -1.1872706617724114     
  -1.1872610354781210       -1.1174221510382316     
  -1.1872519921690028       -1.0475752872079438     
  -1.1872435319250372      -0.97772996746767771     
  -1.1872356548210468      -0.90788608898080059     
  -1.1872283609266967      -0.83804354888943300     
  -1.1872216503064930      -0.76820224431596607     
  -1.1872155230197829      -0.69836207236457815     
  -1.1872099791207547      -0.62852293012275251     
  -1.1872050186584366      -0.55868471466279379     
  -1.1872006416766971      -0.48884732304334588     
  -1.1871968482142443      -0.41901065231090973     
  -1.1871936383046255      -0.34917459950136043     
  -1.1871910119762275      -0.27933906164146532     
  -1.1871889692522761      -0.20950393575040169     
  -1.1871875101508360      -0.13966911884127486     
  -1.1871866346848106       -6.9834507922635930E-002
  -1.1871863428619420        0.0000000000000000     
  -1.1871866346848106        6.9834507922635930E-002
  -1.1871875101508360       0.13966911884127486     
  -1.1871889692522761       0.20950393575040169     
  -1.1871910119762275       0.27933906164146532     
  -1.1871936383046255       0.34917459950136043     
  -1.1871968482142443       0.41901065231090973     
  -1.1872006416766971       0.48884732304334588     
  -1.1872050186584366       0.55868471466279379     
  -1.1872099791207547       0.62852293012275251     
  -1.1872155230197829       0.69836207236457815     
  -1.1872216503064930       0.76820224431596607     
  -1.1872283609266967       0.83804354888943300     
  -1.1872356548210468       0.90788608898080059     
  -1.1872435319250372       0.97772996746767771     
  -1.1872519921690028        1.0475752872079438     
  -1.1872610354781210        1.1174221510382316     
  -1.1872706617724114        1.1872706617724114     
  -1.1872808709667364        1.2571209222000739     
  -1.1872916629708026        1.3269730350850149     
  -1.1873030376891602        1.3968271031637178     
  -1.1873149950212045        1.4666832291438407     
  -1.1176789557551547       -2.4449227157144007     
  -1.1176600367399434       -2.3750275780723795     
  -1.1176416642590237       -2.3051359325342360     
  -1.1176238384749317       -2.2352476769498635     
  -1.1176065595453644       -2.1653627091191430     
  -1.1175898276231764       -2.0954809267934555     
  -1.1175736428563807       -2.0256022276771897     
  -1.1175580053881466       -1.9557265094292564     
  -1.1175429153567997       -1.8858536696645991     
  -1.1175283728958194       -1.8159836059557064     
  -1.1175143781338399       -1.7461162158341248     
  -1.1175009311946480       -1.6762513967919719     
  -1.1174880321971830       -1.6063890462834505     
  -1.1174756812555351       -1.5365290617263607     
  -1.1174638784789459       -1.4666713405036162     
  -1.1174526239718063       -1.3968157799647576     
  -1.1174419178336568       -1.3269622774274672     
  -1.1174317601591863       -1.2571107301790845     
  -1.1174221510382316       -1.1872610354781210     
  -1.1174130905557773       -1.1174130905557773     
  -1.1174045787919542       -1.0475667926174570     
  -1.1173966158220396      -0.97772203884428455     
  -1.1173892017164564      -0.90787872639462086     
  -1.1173823365407731      -0.83803675240557973     
  -1.1173760203557028      -0.76819601399454562     
  -1.1173702532171030      -0.69835640826068934     
  -1.1173650351759754      -0.62851783228648606     
  -1.1173603662784652      -0.55868018313923262     
  -1.1173562465658613      -0.48884335787256428     
  -1.1173526760745958      -0.41900725352797330     
  -1.1173496548362429      -0.34917176713632586     
  -1.1173471828775208      -0.27933679571938019     
  -1.1173452602202893      -0.20950223629130421     
  -1.1173438868815506      -0.13966798586019383     
  -1.1173430628734495       -6.9833941429590596E-002
  -1.1173427882032729        0.0000000000000000     
  -1.1173430628734495        6.9833941429590596E-002
  -1.1173438868815506       0.13966798586019383     
  -1.1173452602202893       0.20950223629130421     
  -1.1173471828775208       0.27933679571938019     
  -1.1173496548362429       0.34917176713632586     
  -1.1173526760745958       0.41900725352797330     
  -1.1173562465658613       0.48884335787256428     
  -1.1173603662784652       0.55868018313923262     
  -1.1173650351759754       0.62851783228648606     
  -1.1173702532171030       0.69835640826068934     
  -1.1173760203557028       0.76819601399454562     
  -1.1173823365407731       0.83803675240557973     
  -1.1173892017164564       0.90787872639462086     
  -1.1173966158220396       0.97772203884428455     
  -1.1174045787919542        1.0475667926174570     
  -1.1174130905557773        1.1174130905557773     
  -1.1174221510382316        1.1872610354781210     
  -1.1174317601591863        1.2571107301790845     
  -1.1174419178336568        1.3269622774274672     
  -1.1174526239718063        1.3968157799647576     
  -1.1174638784789459        1.4666713405036162     
  -1.1174756812555351        1.5365290617263607     
  -1.1174880321971830        1.6063890462834505     
  -1.1175009311946480        1.6762513967919719     
  -1.1175143781338399        1.7461162158341248     
  -1.1175283728958194        1.8159836059557064     
  -1.1175429153567997        1.8858536696645991     
  -1.1175580053881466        1.9557265094292564     
  -1.1175736428563807        2.0256022276771897     
  -1.1175898276231764        2.0954809267934555     
  -1.1176065595453644        2.1653627091191430     
  -1.1176238384749317        2.2352476769498635     
  -1.1176416642590237        2.3051359325342360     
  -1.1176600367399434        2.3750275780723795     
  -1.1176789557551547        2.4449227157144007     
  -1.0480449341425770       -3.2140044647039030     
  -1.0480215717154306       -3.1440647151462917     
  -1.0479987197122824       -3.0741295778226951     
  -1.0479763783353555       -3.0041989512280187     
  -1.0479545477823480       -2.9342727337905745     
  -1.0479332282464322       -2.8643508238735813     
  -1.0479124199162524       -2.7944331197766727     
  -1.0478921229759244       -2.7245195197374033     
  -1.0478723376050338       -2.6546099219327521     
  -1.0478530639786352       -2.5847042244806335     
  -1.0478343022672507       -2.5148023254414018     
  -1.0478160526368689       -2.4449041228193606     
  -1.0477983152489434       -2.3750095145642711     
  -1.0477810902603921       -2.3051183985728629     
  -1.0477643778235968       -2.2352306726903399     
  -1.0477481780864006       -2.1653462347118944     
  -1.0477324911921082       -2.0954649823842164     
  -1.0477173172794843       -2.0255868134070028     
  -1.0477026564827532       -1.9557116254344726     
  -1.0476885089315975       -1.8858393160768752     
  -1.0476748747511571       -1.8159697829020054     
  -1.0476617540620285       -1.7461029234367142     
  -1.0476491469802649       -1.6762386351684238     
  -1.0476370536173736       -1.6063768155466396     
  -1.0476254740803170       -1.5365173619844648     
  -1.0476144084715107       -1.4666601718601147     
  -1.0476038568888233       -1.3968051425184309     
  -1.0475938194255761       -1.3269521712723962     
  -1.0475842961705415       -1.2571011554046498     
  -1.0475752872079438       -1.1872519921690028     
  -1.0475667926174570       -1.1174045787919542     
  -1.0475588124742057       -1.0475588124742057     
  -1.0475513468487636      -0.97771459039217934     
  -1.0475443958071540      -0.90787180969953341     
  -1.0475379594108480      -0.83803036752867832     
  -1.0475320377167656      -0.76819016099229476     
  -1.0475266307772744      -0.69835108718484951     
  -1.0475217386401892      -0.62851304318411350     
  -1.0475173613487725      -0.55867592605267868     
  -1.0475134989417327      -0.48883963283947529     
  -1.0475101514532261      -0.41900406058129047     
  -1.0475073189128545      -0.34916910630428477     
  -1.0475050013456659      -0.27933466702551091     
  -1.0475031987721546      -0.20950063975443090     
  -1.0475019112082606      -0.13966692149443477     
  -1.0475011386653701       -6.9833409244358005E-002
  -1.0475008811503139        0.0000000000000000     
  -1.0475011386653701        6.9833409244358005E-002
  -1.0475019112082606       0.13966692149443477     
  -1.0475031987721546       0.20950063975443090     
  -1.0475050013456659       0.27933466702551091     
  -1.0475073189128545       0.34916910630428477     
  -1.0475101514532261       0.41900406058129047     
  -1.0475134989417327       0.48883963283947529     
  -1.0475173613487725       0.55867592605267868     
  -1.0475217386401892       0.62851304318411350     
  -1.0475266307772744       0.69835108718484951     
  -1.0475320377167656       0.76819016099229476     
  -1.0475379594108480       0.83803036752867832     
  -1.0475443958071540       0.90787180969953341     
  -1.0475513468487636       0.97771459039217934     
  -1.0475588124742057        1.0475588124742057     
  -1.0475667926174570        1.1174045787919542     
  -1.0475752872079438        1.1872519921690028     
  -1.0475842961705415        1.2571011554046498     
  -1.0475938194255761        1.3269521712723962     
  -1.0476038568888233        1.3968051425184309     
  -1.0476144084715107        1.4666601718601147     
  -1.0476254740803170        1.5365173619844648     
  -1.0476370536173736        1.6063768155466396     
  -1.0476491469802649        1.6762386351684238     
  -1.0476617540620285        1.7461029234367142     
  -1.0476748747511571        1.8159697829020054     
  -1.0476885089315975        1.8858393160768752     
  -1.0477026564827532        1.9557116254344726     
  -1.0477173172794843        2.0255868134070028     
  -1.0477324911921082        2.0954649823842164     
  -1.0477481780864006        2.1653462347118944     
  -1.0477643778235968        2.2352306726903399     
  -1.0477810902603921        2.3051183985728629     
  -1.0477983152489434        2.3750095145642711     
  -1.0478160526368689        2.4449041228193606     
  -1.0478343022672507        2.5148023254414018     
  -1.0478530639786352        2.5847042244806335     
  -1.0478723376050338        2.6546099219327521     
  -1.0478921229759244        2.7245195197374033     
  -1.0479124199162524        2.7944331197766727     
  -1.0479332282464322        2.8643508238735813     
  -1.0479545477823480        2.9342727337905745     
  -1.0479763783353555        3.0041989512280187     
  -1.0479987197122824        3.0741295778226951     
  -1.0480215717154306        3.1440647151462917     
  -1.0480449341425770        3.2140044647039030     
 -0.97841254036492264       -3.9136501614596906     
 -0.97838598164662249       -3.8436592136117316     
 -0.97835989722507610       -3.7736738892967221     
 -0.97833428733118699       -3.7036940877537794     
 -0.97830915219164927       -3.6337197081404118     
 -0.97828449202894641       -3.5637506495340188     
 -0.97826030706134948       -3.4937868109333912     
 -0.97823659750291592       -3.4238280912602059     
 -0.97821336356348776       -3.3538743893605294     
 -0.97819060544869063       -3.2839256040063187     
 -0.97816832335993176       -3.2139816338969189     
 -0.97814651749439929       -3.1440423776605693     
 -0.97812518804506066       -3.0741077338559051     
 -0.97810433520066087       -3.0041776009734584     
 -0.97808395914572210       -2.9342518774371662     
 -0.97806406006054170       -2.8643304616058725     
 -0.97804463812119136       -2.7944132517748321     
 -0.97802569349951562       -2.7245001461772222     
 -0.97800722636313131       -2.6545910429856421     
 -0.97798923687542560       -2.5846858403136248     
 -0.97797172519555553       -2.5147844362171430     
 -0.97795469147844671       -2.4448867286961171     
 -0.97793813587479239       -2.3749926156959242     
 -0.97792205853105207       -2.3051019951089087     
 -0.97790645958945133       -2.2352147647758889     
 -0.97789133918797988       -2.1653308224876695     
 -0.97787669746039130       -2.0954500659865527     
 -0.97786253453620187       -2.0255723929678466     
 -0.97784885054069004       -1.9556977010813801     
 -0.97783564559489511       -1.8858258879330121     
 -0.97782291981561675       -1.8159568510861455     
 -0.97781067331541405       -1.7460904880632393     
 -0.97779890620260490       -1.6762266963473227     
 -0.97778761858126517       -1.6063653733835073     
 -0.97777681055122811       -1.5365064165805014     
 -0.97776648220808371       -1.4666497233121256     
 -0.97775663364317777       -1.3967951909188254     
 -0.97774726494361164       -1.3269427167091874     
 -0.97773837619224147       -1.2570921979614533     
 -0.97772996746767771       -1.1872435319250372     
 -0.97772203884428455       -1.1173966158220396     
 -0.97771459039217934       -1.0475513468487636     
 -0.97770762217723250      -0.97770762217723250     
 -0.97770113426106653      -0.90786533895670474     
 -0.97769512670105596      -0.83802439431519082     
 -0.97768959955032697      -0.76818468536097129     
 -0.97768455285775691      -0.69834610918411200     
 -0.97767998666797384      -0.62850856285798318     
 -0.97767590102135671      -0.55867194344077531     
 -0.97767229595403449      -0.48883614797701724     
 -0.97766917149788657      -0.41900107349909421     
 -0.97766652768054185      -0.34916661702876489     
 -0.97766436452537908      -0.27933267557867975     
 -0.97766268205152662      -0.20949914615389856     
 -0.97766148027386224      -0.13966592575340891     
 -0.97766075920301276       -6.9832911371643769E-002
 -0.97766051884535443        0.0000000000000000     
 -0.97766075920301276        6.9832911371643769E-002
 -0.97766148027386224       0.13966592575340891     
 -0.97766268205152662       0.20949914615389856     
 -0.97766436452537908       0.27933267557867975     
 -0.97766652768054185       0.34916661702876489     
 -0.97766917149788657       0.41900107349909421     
 -0.97767229595403449       0.48883614797701724     
 -0.97767590102135671       0.55867194344077531     
 -0.97767998666797384       0.62850856285798318     
 -0.97768455285775691       0.69834610918411200     
 -0.97768959955032697       0.76818468536097129     
 -0.97769512670105596       0.83802439431519082     
 -0.97770113426106653       0.90786533895670474     
 -0.97770762217723250       0.97770762217723250     
 -0.97771459039217934        1.0475513468487636     
 -0.97772203884428455        1.1173966158220396     
 -0.97772996746767771        1.1872435319250372     
 -0.97773837619224147        1.2570921979614533     
 -0.97774726494361164        1.3269427167091874     
 -0.97775663364317777        1.3967951909188254     
 -0.97776648220808371        1.4666497233121256     
 -0.97777681055122811        1.5365064165805014     
 -0.97778761858126517        1.6063653733835073     
 -0.97779890620260490        1.6762266963473227     
 -0.97781067331541405        1.7460904880632393     
 -0.97782291981561675        1.8159568510861455     
 -0.97783564559489511        1.8858258879330121     
 -0.97784885054069004        1.9556977010813801     
 -0.97786253453620187        2.0255723929678466     
 -0.97787669746039130        2.0954500659865527     
 -0.97789133918797988        2.1653308224876695     
 -0.97790645958945133        2.2352147647758889     
 -0.97792205853105207        2.3051019951089087     
 -0.97793813587479239        2.3749926156959242     
 -0.97795469147844671        2.4448867286961171     
 -0.97797172519555553        2.5147844362171430     
 -0.97798923687542560        2.5846858403136248     
 -0.97800722636313131        2.6545910429856421     
 -0.97802569349951562        2.7245001461772222     
 -0.97804463812119136        2.7944132517748321     
 -0.97806406006054170        2.8643304616058725     
 -0.97808395914572210        2.9342518774371662     
 -0.97810433520066087        3.0041776009734584     
 -0.97812518804506066        3.0741077338559051     
 -0.97814651749439929        3.1440423776605693     
 -0.97816832335993176        3.2139816338969189     
 -0.97819060544869063        3.2839256040063187     
 -0.97821336356348776        3.3538743893605294     
 -0.97823659750291592        3.4238280912602059     
 -0.97826030706134948        3.4937868109333912     
 -0.97828449202894641        3.5637506495340188     
 -0.97830915219164927        3.6337197081404118     
 -0.97833428733118699        3.7036940877537794     
 -0.97835989722507610        3.7736738892967221     
 -0.97838598164662249        3.8436592136117316     
 -0.97841254036492264        3.9136501614596906     
 -0.90876167809621500       -4.5438083904810744     
 -0.90873306181363300       -4.4737627658517320     
 -0.90870488386175174       -4.4037236679454121     
 -0.90867714449009451       -4.3336909967989117     
 -0.90864984394428983       -4.2636646523539747     
 -0.90862298246607043       -4.1936445344587865     
 -0.90859656029327085       -4.1236305428694600     
 -0.90857057765982607       -4.0536225772515309     
 -0.90854503479577020       -3.9836205371814541     
 -0.90851993192723468       -3.9136243221480878     
 -0.90849526927644664       -3.8436338315541971     
 -0.90847104706172743       -3.7736489647179443     
 -0.90844726549749144       -3.7036696208743880     
 -0.90842392479424416       -3.6336956991769767     
 -0.90840102515858123       -3.5637270986990490     
 -0.90837856679318651       -3.4937637184353330     
 -0.90835654989683134       -3.4238054573034411     
 -0.90833497466437252       -3.3538522141453750     
 -0.90831384128675152       -3.2839038877290245     
 -0.90829314995099297       -3.2139603767496672     
 -0.90827290084020329       -3.1440215798314726     
 -0.90825309413356969       -3.0740873955290051     
 -0.90823373000635887       -3.0041577223287250     
 -0.90821480862991566       -2.9342324586504969     
 -0.90819633017166235       -2.8643115028490889     
 -0.90817829479509671       -2.7943947532156819     
 -0.90816070265979187       -2.7244821079793757     
 -0.90814355392139468       -2.6545734653086921     
 -0.90812684873162453       -2.5846687233130852     
 -0.90811058723827287       -2.5147677800444481     
 -0.90809476958520174       -2.4448705334986203     
 -0.90807939591234321       -2.3749768816168975     
 -0.90806446635569771       -2.3050867222875402     
 -0.90804998104733425       -2.2351999533472844     
 -0.90803594011538846       -2.1653164725828491     
 -0.90802234368406243       -2.0954361777324517     
 -0.90800919187362339       -2.0255589664873135     
 -0.90799648480040329       -1.9556847364931762     
 -0.90798422257679789       -1.8858133853518109     
 -0.90797240531126611       -1.8159448106225322     
 -0.90796103310832876       -1.7460789098237091     
 -0.90795010606856874       -1.6762155804342806     
 -0.90793962428862962       -1.6063547198952677     
 -0.90792958786121525       -1.5364962256112875     
 -0.90791999687508951       -1.4666399949520676     
 -0.90791085141507499       -1.3967859252539614     
 -0.90790215156205289       -1.3269339138214620     
 -0.90789389739296256       -1.2570838579287174     
 -0.90788608898080059       -1.1872356548210468     
 -0.90787872639462086       -1.1173892017164564     
 -0.90787180969953341       -1.0475443958071540     
 -0.90786533895670474      -0.97770113426106653     
 -0.90785931422335664      -0.90785931422335664     
 -0.90785373555276672      -0.83801883281793843     
 -0.90784860299426706      -0.76817958714899515     
 -0.90784391659324459      -0.69834147430249571     
 -0.90783967639114060      -0.62850439134771263     
 -0.90783588242545021      -0.55866823533873866     
 -0.90783253472972270      -0.48883290331600449     
 -0.90782963333356048      -0.41899829230779712     
 -0.90782717826261983      -0.34916429933177684     
 -0.90782516953860981      -0.27933082139649534     
 -0.90782360717929267      -0.20949775550291369     
 -0.90782249119848379      -0.13966499864592061     
 -0.90782182160605118       -6.9832447815850102E-002
 -0.90782159840791588        0.0000000000000000     
 -0.90782182160605118        6.9832447815850102E-002
 -0.90782249119848379       0.13966499864592061     
 -0.90782360717929267       0.20949775550291369     
 -0.90782516953860981       0.27933082139649534     
 -0.90782717826261983       0.34916429933177684     
 -0.90782963333356048       0.41899829230779712     
 -0.90783253472972270       0.48883290331600449     
 -0.90783588242545021       0.55866823533873866     
 -0.90783967639114060       0.62850439134771263     
 -0.90784391659324459       0.69834147430249571     
 -0.90784860299426706       0.76817958714899515     
 -0.90785373555276672       0.83801883281793843     
 -0.90785931422335664       0.90785931422335664     
 -0.90786533895670474       0.97770113426106653     
 -0.90787180969953341        1.0475443958071540     
 -0.90787872639462086        1.1173892017164564     
 -0.90788608898080059        1.1872356548210468     
 -0.90789389739296256        1.2570838579287174     
 -0.90790215156205289        1.3269339138214620     
 -0.90791085141507499        1.3967859252539614     
 -0.90791999687508951        1.4666399949520676     
 -0.90792958786121525        1.5364962256112875     
 -0.90793962428862962        1.6063547198952677     
 -0.90795010606856874        1.6762155804342806     
 -0.90796103310832876        1.7460789098237091     
 -0.90797240531126611        1.8159448106225322     
 -0.90798422257679789        1.8858133853518109     
 -0.90799648480040329        1.9556847364931762     
 -0.90800919187362339        2.0255589664873135     
 -0.90802234368406243        2.0954361777324517     
 -0.90803594011538846        2.1653164725828491     
 -0.90804998104733425        2.2351999533472844     
 -0.90806446635569771        2.3050867222875402     
 -0.90807939591234321        2.3749768816168975     
 -0.90809476958520174        2.4448705334986203     
 -0.90811058723827287        2.5147677800444481     
 -0.90812684873162453        2.5846687233130852     
 -0.90814355392139468        2.6545734653086921     
 -0.90816070265979187        2.7244821079793757     
 -0.90817829479509671        2.7943947532156819     
 -0.90819633017166235        2.8643115028490889     
 -0.90821480862991566        2.9342324586504969     
 -0.90823373000635887        3.0041577223287250     
 -0.90825309413356969        3.0740873955290051     
 -0.90827290084020329        3.1440215798314726     
 -0.90829314995099297        3.2139603767496672     
 -0.90831384128675152        3.2839038877290245     
 -0.90833497466437252        3.3538522141453750     
 -0.90835654989683134        3.4238054573034411     
 -0.90837856679318651        3.4937637184353330     
 -0.90840102515858123        3.5637270986990490     
 -0.90842392479424416        3.6336956991769767     
 -0.90844726549749144        3.7036696208743880     
 -0.90847104706172743        3.7736489647179443     
 -0.90849526927644664        3.8436338315541971     
 -0.90851993192723468        3.9136243221480878     
 -0.90854503479577020        3.9836205371814541     
 -0.90857057765982607        4.0536225772515309     
 -0.90859656029327085        4.1236305428694600     
 -0.90862298246607043        4.1936445344587865     
 -0.90864984394428983        4.2636646523539747     
 -0.90867714449009451        4.3336909967989117     
 -0.90870488386175174        4.4037236679454121     
 -0.90873306181363300        4.4737627658517320     
 -0.90876167809621500        4.5438083904810744     
 -0.83913817619505515       -5.2446136012190943     
 -0.83910772736641337       -5.1744976520928825     
 -0.83907768066508681       -5.1043892240459456     
 -0.83904803635726755       -5.0342882181436055     
 -0.83901879470556939       -4.9641945353412860     
 -0.83898995596902670       -4.8941080764859901     
 -0.83896152040309191       -4.8240287423177790     
 -0.83893348825963410       -4.7539564334712603     
 -0.83890585978693732       -4.6838910504770670     
 -0.83887863522969841       -4.6138324937633417     
 -0.83885181482902604       -4.5437806636572242     
 -0.83882539882243856       -4.4737354603863393     
 -0.83879938744386229       -4.4036967840802772     
 -0.83877378092363053       -4.3336645347720912     
 -0.83874857948848114       -4.2636386123997783     
 -0.83872378336155562       -4.1936189168077780     
 -0.83869939276239724       -4.1236053477484536     
 -0.83867540790694994       -4.0535978048835917     
 -0.83865182900755642       -3.9835961877858934     
 -0.83862865627295669       -3.9136003959404646     
 -0.83860588990828722       -3.8436103287463164     
 -0.83858353011507869       -3.7736258855178542     
 -0.83856157709125545       -3.7036469654863784     
 -0.83854003103113350       -3.6336734678015787     
 -0.83851889212541975       -3.5637052915330338     
 -0.83849816056121029       -3.4937423356717097     
 -0.83847783652198915       -3.4237844991314561     
 -0.83845792018762744       -3.3538316807505097     
 -0.83843841173438172       -3.2838837792929954     
 -0.83841931133489289       -3.2139406934504233     
 -0.83840061915818531       -3.1440023218431952     
 -0.83838233536966522       -3.0740685630221063     
 -0.83836446013111998       -3.0041393154698466     
 -0.83834699360071685       -2.9342144776025090     
 -0.83832993593300176       -2.8642939477710896     
 -0.83831328727889864       -2.7943776242629954     
 -0.83829704778570802       -2.7244654053035511     
 -0.83828121759710628       -2.6545571890575035     
 -0.83826579685314451       -2.5846528736305290     
 -0.83825078569024791       -2.5147523570707437     
 -0.83823618424121438       -2.4448555373702088     
 -0.83822199263521402       -2.3749623124664399     
 -0.83820821099778819       -2.3050725802439174     
 -0.83819483945084827       -2.2351862385355958     
 -0.83818187811267564       -2.1653031851244120     
 -0.83816932709792014       -2.0954233177448005     
 -0.83815718651759963       -2.0255465340841989     
 -0.83814545647909922       -1.9556727317845648     
 -0.83813413708617046       -1.8858018084438837     
 -0.83812322843893106       -1.8159336616176840     
 -0.83811273063386338       -1.7460681888205487     
 -0.83810264376381460       -1.6762052875276292     
 -0.83809296791799570       -1.6063448551761585     
 -0.83808370318198111       -1.5364867891669653     
 -0.83807484963770773       -1.4666309868659886     
 -0.83806640736347482       -1.3967773456057915     
 -0.83805837643394332       -1.3269257626870770     
 -0.83805075692013509       -1.2570761353802027     
 -0.83804354888943300       -1.1872283609266967     
 -0.83803675240557973       -1.1173823365407731     
 -0.83803036752867832       -1.0475379594108480     
 -0.83802439431519082      -0.97769512670105596     
 -0.83801883281793843      -0.90785373555276672     
 -0.83801368308610102      -0.83801368308610102     
 -0.83800894516521685      -0.76817486640144883     
 -0.83800461909718216      -0.69833718258098509     
 -0.83800070492025114      -0.62850052869018835     
 -0.83799720266903532      -0.55866480177935696     
 -0.83799411237450350      -0.48882989888512707     
 -0.83799143406398180      -0.41899571703199090     
 -0.83798916776115306      -0.34916215323381372     
 -0.83798731348605682      -0.27932910449535231     
 -0.83798587125508928      -0.20949646781377232     
 -0.83798484108100335      -0.13966414018016726     
 -0.83798422297290820       -6.9832018581075683E-002
 -0.83798401693626912        0.0000000000000000     
 -0.83798422297290820        6.9832018581075683E-002
 -0.83798484108100335       0.13966414018016726     
 -0.83798587125508928       0.20949646781377232     
 -0.83798731348605682       0.27932910449535231     
 -0.83798916776115306       0.34916215323381372     
 -0.83799143406398180       0.41899571703199090     
 -0.83799411237450350       0.48882989888512707     
 -0.83799720266903532       0.55866480177935696     
 -0.83800070492025114       0.62850052869018835     
 -0.83800461909718216       0.69833718258098509     
 -0.83800894516521685       0.76817486640144883     
 -0.83801368308610102       0.83801368308610102     
 -0.83801883281793843       0.90785373555276672     
 -0.83802439431519082       0.97769512670105596     
 -0.83803036752867832        1.0475379594108480     
 -0.83803675240557973        1.1173823365407731     
 -0.83804354888943300        1.1872283609266967     
 -0.83805075692013509        1.2570761353802027     
 -0.83805837643394332        1.3269257626870770     
 -0.83806640736347482        1.3967773456057915     
 -0.83807484963770773        1.4666309868659886     
 -0.83808370318198111        1.5364867891669653     
 -0.83809296791799570        1.6063448551761585     
 -0.83810264376381460        1.6762052875276292     
 -0.83811273063386338        1.7460681888205487     
 -0.83812322843893106        1.8159336616176840     
 -0.83813413708617046        1.8858018084438837     
 -0.83814545647909922        1.9556727317845648     
 -0.83815718651759963        2.0255465340841989     
 -0.83816932709792014        2.0954233177448005     
 -0.83818187811267564        2.1653031851244120     
 -0.83819483945084827        2.2351862385355958     
 -0.83820821099778819        2.3050725802439174     
 -0.83822199263521402        2.3749623124664399     
 -0.83823618424121438        2.4448555373702088     
 -0.83825078569024791        2.5147523570707437     
 -0.83826579685314451        2.5846528736305290     
 -0.83828121759710628        2.6545571890575035     
 -0.83829704778570802        2.7244654053035511     
 -0.83831328727889864        2.7943776242629954     
 -0.83832993593300176        2.8642939477710896     
 -0.83834699360071685        2.9342144776025090     
 -0.83836446013111998        3.0041393154698466     
 -0.83838233536966522        3.0740685630221063     
 -0.83840061915818531        3.1440023218431952     
 -0.83841931133489289        3.2139406934504233     
 -0.83843841173438172        3.2838837792929954     
 -0.83845792018762744        3.3538316807505097     
 -0.83847783652198915        3.4237844991314561     
 -0.83849816056121029        3.4937423356717097     
 -0.83851889212541975        3.5637052915330338     
 -0.83854003103113350        3.6336734678015787     
 -0.83856157709125545        3.7036469654863784     
 -0.83858353011507869        3.7736258855178542     
 -0.83860588990828722        3.8436103287463164     
 -0.83862865627295669        3.9136003959404646     
 -0.83865182900755642        3.9835961877858934     
 -0.83867540790694994        4.0535978048835917     
 -0.83869939276239724        4.1236053477484536     
 -0.83872378336155562        4.1936189168077780     
 -0.83874857948848114        4.2636386123997783     
 -0.83877378092363053        4.3336645347720912     
 -0.83879938744386229        4.4036967840802772     
 -0.83882539882243856        4.4737354603863393     
 -0.83885181482902604        4.5437806636572242     
 -0.83887863522969841        4.6138324937633417     
 -0.83890585978693732        4.6838910504770670     
 -0.83893348825963410        4.7539564334712603     
 -0.83896152040309191        4.8240287423177790     
 -0.83898995596902670        4.8941080764859901     
 -0.83901879470556939        4.9641945353412860     
 -0.83904803635726755        5.0342882181436055     
 -0.83907768066508681        5.1043892240459456     
 -0.83910772736641337        5.1744976520928825     
 -0.83913817619505515        5.2446136012190943     
 -0.76950502912849705       -5.9461752250838407     
 -0.76947344459931422       -5.8759790314856719     
 -0.76944222607935420       -5.8057913422351266     
 -0.76941137384533242       -5.7356120595742963     
 -0.76938088817070260       -5.6654410856206283     
 -0.76935076932565460       -5.5952783223683973     
 -0.76932101757711258       -5.5251236716901726     
 -0.76929163318873295       -5.4549770353382883     
 -0.76926261642090277       -5.3848383149463190     
 -0.76923396753073792       -5.3147074120305531     
 -0.76920568677208123       -5.2445842279914627     
 -0.76917777439550072       -5.1744686641151860     
 -0.76915023064828780       -5.1043606215750010     
 -0.76912305577445572       -5.0342600014328012     
 -0.76909625001473791       -4.9641667046405811     
 -0.76906981360658599       -4.8940806320419110     
 -0.76904374678416842       -4.8240016843734201     
 -0.76901804977836885       -4.7539297622662797     
 -0.76899272281678455       -4.6838647662476882     
 -0.76896776612372453       -4.6138065967423474     
 -0.76894317992020855       -4.5437551540739589     
 -0.76891896442396501       -4.4737103384667058     
 -0.76889511984942993       -4.4036720500467350     
 -0.76887164640774530       -4.3336401888436553     
 -0.76884854430675753       -4.2636146547920184     
 -0.76882581375101622       -4.1935953477328161     
 -0.76880345494177238       -4.1235821674149609     
 -0.76878146807697778       -4.0535750134967916     
 -0.76875985335128294       -3.9835737855475570     
 -0.76873861095603579       -3.9135783830489093     
 -0.76871774107928104       -3.8435887053964048     
 -0.76869724390575811       -3.7736046519009938     
 -0.76867711961690033       -3.7036261217905193     
 -0.76865736839083354       -3.6336530142112133     
 -0.76863799040237524       -3.5636852282291938     
 -0.76861898582303256       -3.4937226628319662     
 -0.76860035482100209       -3.4237652169299184     
 -0.76858209756116802       -3.3538127893578240     
 -0.76856421420510146       -3.2838652788763425     
 -0.76854670491105914       -3.2139225841735199     
 -0.76852956983398224       -3.1439846038662909     
 -0.76851280912549558       -3.0740512365019823     
 -0.76849642293390663       -3.0041223805598163     
 -0.76848041140420409       -2.9341979344524152     
 -0.76846477467805729       -2.8642777965273045     
 -0.76844951289381547       -2.7943618650684194     
 -0.76843462618650604       -2.7244500382976122     
 -0.76842011468783444       -2.6545422143761552     
 -0.76840597852618286       -2.5846382914062511     
 -0.76839221782660949       -2.5147381674325402     
 -0.76837883271084784       -2.4448417404436067     
 -0.76836582329730552       -2.3749489083734896     
 -0.76835318970106381       -2.3050595691031917     
 -0.76834093203387677       -2.2351736204621870     
 -0.76832905040417043       -2.1652909602299348     
 -0.76831754491704218       -2.0954114861373880     
 -0.76830641567425995       -2.0255350958685034     
 -0.76829566277426165       -1.9556616870617567     
 -0.76828528631215431       -1.8857911573116513     
 -0.76827528637971365       -1.8159234041702323     
 -0.76826566306538357       -1.7460583251485990     
 -0.76825641645427523       -1.6761958177184186     
 -0.76824754662816652       -1.6063357793134390     
 -0.76823905366550171       -1.5364781073310034     
 -0.76823093764139105       -1.4666226991335647     
 -0.76822319862760990       -1.3967694520501996     
 -0.76821583669259830       -1.3269182633781245     
 -0.76820885190146093       -1.2570690303842087     
 -0.76820224431596607       -1.1872216503064930     
 -0.76819601399454562       -1.1173760203557028     
 -0.76819016099229476       -1.0475320377167656     
 -0.76818468536097129      -0.97768959955032697     
 -0.76817958714899515      -0.90784860299426706     
 -0.76817486640144883      -0.83800894516521685     
 -0.76817052316007617      -0.76817052316007617     
 -0.76816655746328288      -0.69833323405752978     
 -0.76816296934613559      -0.62849697491956547     
 -0.76815975884036214      -0.55866164279299069     
 -0.76815692597435103      -0.48882713471095063     
 -0.76815447077315158      -0.41899334769444629     
 -0.76815239325847329      -0.34916017875385147     
 -0.76815069344868614      -0.27932752489043133     
 -0.76814937135882033      -0.20949528309786009     
 -0.76814842700056596      -0.13966335036373928     
 -0.76814786038227323       -6.9831623671115756E-002
 -0.76814767150895236        0.0000000000000000     
 -0.76814786038227323        6.9831623671115756E-002
 -0.76814842700056596       0.13966335036373928     
 -0.76814937135882033       0.20949528309786009     
 -0.76815069344868614       0.27932752489043133     
 -0.76815239325847329       0.34916017875385147     
 -0.76815447077315158       0.41899334769444629     
 -0.76815692597435103       0.48882713471095063     
 -0.76815975884036214       0.55866164279299069     
 -0.76816296934613559       0.62849697491956547     
 -0.76816655746328288       0.69833323405752978     
 -0.76817052316007617       0.76817052316007617     
 -0.76817486640144883       0.83800894516521685     
 -0.76817958714899515       0.90784860299426706     
 -0.76818468536097129       0.97768959955032697     
 -0.76819016099229476        1.0475320377167656     
 -0.76819601399454562        1.1173760203557028     
 -0.76820224431596607        1.1872216503064930     
 -0.76820885190146093        1.2570690303842087     
 -0.76821583669259830        1.3269182633781245     
 -0.76822319862760990        1.3967694520501996     
 -0.76823093764139105        1.4666226991335647     
 -0.76823905366550171        1.5364781073310034     
 -0.76824754662816652        1.6063357793134390     
 -0.76825641645427523        1.6761958177184186     
 -0.76826566306538357        1.7460583251485990     
 -0.76827528637971365        1.8159234041702323     
 -0.76828528631215431        1.8857911573116513     
 -0.76829566277426165        1.9556616870617567     
 -0.76830641567425995        2.0255350958685034     
 -0.76831754491704218        2.0954114861373880     
 -0.76832905040417043        2.1652909602299348     
 -0.76834093203387677        2.2351736204621870     
 -0.76835318970106381        2.3050595691031917     
 -0.76836582329730552        2.3749489083734896     
 -0.76837883271084784        2.4448417404436067     
 -0.76839221782660949        2.5147381674325402     
 -0.76840597852618286        2.5846382914062511     
 -0.76842011468783444        2.6545422143761552     
 -0.76843462618650604        2.7244500382976122     
 -0.76844951289381547        2.7943618650684194     
 -0.76846477467805729        2.8642777965273045     
 -0.76848041140420409        2.9341979344524152     
 -0.76849642293390663        3.0041223805598163     
 -0.76851280912549558        3.0740512365019823     
 -0.76852956983398224        3.1439846038662909     
 -0.76854670491105914        3.2139225841735199     
 -0.76856421420510146        3.2838652788763425     
 -0.76858209756116802        3.3538127893578240     
 -0.76860035482100209        3.4237652169299184     
 -0.76861898582303256        3.4937226628319662     
 -0.76863799040237524        3.5636852282291938     
 -0.76865736839083354        3.6336530142112133     
 -0.76867711961690033        3.7036261217905193     
 -0.76869724390575811        3.7736046519009938     
 -0.76871774107928104        3.8435887053964048     
 -0.76873861095603579        3.9135783830489093     
 -0.76875985335128294        3.9835737855475570     
 -0.76878146807697778        4.0535750134967916     
 -0.76880345494177238        4.1235821674149609     
 -0.76882581375101622        4.1935953477328161     
 -0.76884854430675753        4.2636146547920184     
 -0.76887164640774530        4.3336401888436553     
 -0.76889511984942993        4.4036720500467350     
 -0.76891896442396501        4.4737103384667058     
 -0.76894317992020855        4.5437551540739589     
 -0.76896776612372453        4.6138065967423474     
 -0.76899272281678455        4.6838647662476882     
 -0.76901804977836885        4.7539297622662797     
 -0.76904374678416842        4.8240016843734201     
 -0.76906981360658599        4.8940806320419110     
 -0.76909625001473791        4.9641667046405811     
 -0.76912305577445572        5.0342600014328012     
 -0.76915023064828780        5.1043606215750010     
 -0.76917777439550072        5.1744686641151860     
 -0.76920568677208123        5.2445842279914627     
 -0.76923396753073792        5.3147074120305531     
 -0.76926261642090277        5.3848383149463190     
 -0.76929163318873295        5.4549770353382883     
 -0.76932101757711258        5.5251236716901726     
 -0.76935076932565460        5.5952783223683973     
 -0.76938088817070260        5.6654410856206283     
 -0.76941137384533242        5.7356120595742963     
 -0.76944222607935420        5.8057913422351266     
 -0.76947344459931422        5.8759790314856719     
 -0.76950502912849705        5.9461752250838407     
 -0.69985184355584706       -6.6485925137805477     
 -0.69981981647952296       -6.5783062749075158     
 -0.69978811947099873       -6.5080295110802879     
 -0.69975675281139127       -6.4377621258648006     
 -0.69972571677887097       -6.3675040226877258     
 -0.69969501164865899       -6.2972551048379311     
 -0.69966463769302623       -6.2270152754679344     
 -0.69963459518129079       -6.1567844375953591     
 -0.69960488437981616       -6.0865624941044008     
 -0.69957550555200954       -6.0163493477472825     
 -0.69954645895831991       -5.9461449011457201     
 -0.69951774485623608       -5.8759490567923836     
 -0.69948936350028501       -5.8057617170523663     
 -0.69946131514203003       -5.7355827841646470     
 -0.69943360003006894       -5.6654121602435588     
 -0.69940621841003237       -5.5952497472802589     
 -0.69937917052458221       -5.5250954471442002     
 -0.69935245661340950       -5.4549491615845946     
 -0.69932607691323334       -5.3848107922318968     
 -0.69930003165779875       -5.3146802405992712     
 -0.69927432107787513       -5.2445574080840638     
 -0.69924894540125504       -5.1744421959692879     
 -0.69922390485275210       -5.1043345054250908     
 -0.69919919965419963       -5.0342342375102378     
 -0.69917483002444936       -4.9641412931735909     
 -0.69915079617936959       -4.8940555732555877     
 -0.69912709833184372       -4.8239769784897222     
 -0.69910373669176895       -4.7539054095040294     
 -0.69908071146605499       -4.6838407668225690     
 -0.69905802285862195       -4.6137829508669048     
 -0.69903567107039966       -4.5437318619575979     
 -0.69901365629932610       -4.4736874003156872     
 -0.69899197874034580       -4.4036494660641790     
 -0.69897063858540864       -4.3336179592295334     
 -0.69894963602346871       -4.2635927797431590     
 -0.69892897124048281       -4.1935738274428971     
 -0.69890864441940903       -4.1235610020745135     
 -0.69888865574020609       -4.0535542032931957     
 -0.69886900537983154       -3.9835533306650399     
 -0.69884969351224047       -3.9135582836685470     
 -0.69883072030838511       -3.8435689616961182     
 -0.69881208593621269       -3.7735852640555483     
 -0.69879379056066493       -3.7036070899715243     
 -0.69877583434367696       -3.6336343385871204     
 -0.69875821744417566       -3.5636669089652959     
 -0.69874094001807907       -3.4937047000903956     
 -0.69872400221829523       -3.4237476108696470     
 -0.69870740419472110       -3.3537955401346613     
 -0.69869114609424143       -3.2838483866429349     
 -0.69867522806072802       -3.2139060490793496     
 -0.69865965023503862       -3.1439684260576741     
 -0.69864441275501588       -3.0740354161220700     
 -0.69862951575548649       -3.0041069177485920     
 -0.69861495936826046       -2.9341828293466938     
 -0.69860074372212988       -2.8642630492607326     
 -0.69858686894286837       -2.7943474757714735     
 -0.69857333515322995       -2.7244360070975970     
 -0.69856014247294862       -2.6545285413972048     
 -0.69854729101873692       -2.5846249767693270     
 -0.69853478090428600       -2.5147252112554299     
 -0.69852261224026391       -2.4448291428409239     
 -0.69851078513431564       -2.3749366694566731     
 -0.69849929969106195       -2.3050476889805047     
 -0.69848815601209879       -2.2351620992387167     
 -0.69847735419599688       -2.1652797980075906     
 -0.69846689433830045       -2.0954006830149017     
 -0.69845677653152716       -2.0255246519414287     
 -0.69844700086516720       -1.9556516024224684     
 -0.69843756742568286       -1.8857814320493438     
 -0.69842847629650784       -1.8159140383709205     
 -0.69841972755804649       -1.7460493188951165     
 -0.69841132128767391       -1.6761871710904173     
 -0.69840325755973465       -1.6063274923873898     
 -0.69839553644554264       -1.5364701801801939     
 -0.69838815801338094       -1.4666151318281000     
 -0.69838112232850069       -1.3967622446570014     
 -0.69837442945312111       -1.3269114159609303     
 -0.69836807944642898       -1.2570625430035722     
 -0.69836207236457815       -1.1872155230197829     
 -0.69835640826068934       -1.1173702532171030     
 -0.69835108718484951       -1.0475266307772744     
 -0.69834610918411200      -0.97768455285775691     
 -0.69834147430249571      -0.90784391659324459     
 -0.69833718258098509      -0.83800461909718216     
 -0.69833323405752978      -0.76816655746328288     
 -0.69832962876704441      -0.69832962876704441     
 -0.69832636674140824      -0.62849373006726739     
 -0.69832344800946511      -0.55865875840757218     
 -0.69832087259702313      -0.48882461081791623     
 -0.69831864052685477      -0.41899118431611287     
 -0.69831675181869624      -0.34915837590934812     
 -0.69831520648924772      -0.27932608259569913     
 -0.69831400455217318      -0.20949420136565197     
 -0.69831314601810013      -0.13966262920362005     
 -0.69831263089461981       -6.9831263089461998E-002
 -0.69831245918628693        0.0000000000000000     
 -0.69831263089461981        6.9831263089461998E-002
 -0.69831314601810013       0.13966262920362005     
 -0.69831400455217318       0.20949420136565197     
 -0.69831520648924772       0.27932608259569913     
 -0.69831675181869624       0.34915837590934812     
 -0.69831864052685477       0.41899118431611287     
 -0.69832087259702313       0.48882461081791623     
 -0.69832344800946511       0.55865875840757218     
 -0.69832636674140824       0.62849373006726739     
 -0.69832962876704441       0.69832962876704441     
 -0.69833323405752978       0.76816655746328288     
 -0.69833718258098509       0.83800461909718216     
 -0.69834147430249571       0.90784391659324459     
 -0.69834610918411200       0.97768455285775691     
 -0.69835108718484951        1.0475266307772744     
 -0.69835640826068934        1.1173702532171030     
 -0.69836207236457815        1.1872155230197829     
 -0.69836807944642898        1.2570625430035722     
 -0.69837442945312111        1.3269114159609303     
 -0.69838112232850069        1.3967622446570014     
 -0.69838815801338094        1.4666151318281000     
 -0.69839553644554264        1.5364701801801939     
 -0.69840325755973465        1.6063274923873898     
 -0.69841132128767391        1.6761871710904173     
 -0.69841972755804649        1.7460493188951165     
 -0.69842847629650784        1.8159140383709205     
 -0.69843756742568286        1.8857814320493438     
 -0.69844700086516720        1.9556516024224684     
 -0.69845677653152716        2.0255246519414287     
 -0.69846689433830045        2.0954006830149017     
 -0.69847735419599688        2.1652797980075906     
 -0.69848815601209879        2.2351620992387167     
 -0.69849929969106195        2.3050476889805047     
 -0.69851078513431564        2.3749366694566731     
 -0.69852261224026391        2.4448291428409239     
 -0.69853478090428600        2.5147252112554299     
 -0.69854729101873692        2.5846249767693270     
 -0.69856014247294862        2.6545285413972048     
 -0.69857333515322995        2.7244360070975970     
 -0.69858686894286837        2.7943474757714735     
 -0.69860074372212988        2.8642630492607326     
 -0.69861495936826046        2.9341828293466938     
 -0.69862951575548649        3.0041069177485920     
 -0.69864441275501588        3.0740354161220700     
 -0.69865965023503862        3.1439684260576741     
 -0.69867522806072802        3.2139060490793496     
 -0.69869114609424143        3.2838483866429349     
 -0.69870740419472110        3.3537955401346613     
 -0.69872400221829523        3.4237476108696470     
 -0.69874094001807907        3.4937047000903956     
 -0.69875821744417566        3.5636669089652959     
 -0.69877583434367696        3.6336343385871204     
 -0.69879379056066493        3.7036070899715243     
 -0.69881208593621269        3.7735852640555483     
 -0.69883072030838511        3.8435689616961182     
 -0.69884969351224047        3.9135582836685470     
 -0.69886900537983154        3.9835533306650399     
 -0.69888865574020609        4.0535542032931957     
 -0.69890864441940903        4.1235610020745135     
 -0.69892897124048281        4.1935738274428971     
 -0.69894963602346871        4.2635927797431590     
 -0.69897063858540864        4.3336179592295334     
 -0.69899197874034580        4.4036494660641790     
 -0.69901365629932610        4.4736874003156872     
 -0.69903567107039966        4.5437318619575979     
 -0.69905802285862195        4.6137829508669048     
 -0.69908071146605499        4.6838407668225690     
 -0.69910373669176895        4.7539054095040294     
 -0.69912709833184372        4.8239769784897222     
 -0.69915079617936959        4.8940555732555877     
 -0.69917483002444936        4.9641412931735909     
 -0.69919919965419963        5.0342342375102378     
 -0.69922390485275210        5.1043345054250908     
 -0.69924894540125504        5.1744421959692879     
 -0.69927432107787513        5.2445574080840638     
 -0.69930003165779875        5.3146802405992712     
 -0.69932607691323334        5.3848107922318968     
 -0.69935245661340950        5.4549491615845946     
 -0.69937917052458221        5.5250954471442002     
 -0.69940621841003237        5.5952497472802589     
 -0.69943360003006894        5.6654121602435588     
 -0.69946131514203003        5.7355827841646470     
 -0.69948936350028501        5.8057617170523663     
 -0.69951774485623608        5.8759490567923836     
 -0.69954645895831991        5.9461449011457201     
 -0.69957550555200954        6.0163493477472825     
 -0.69960488437981616        6.0865624941044008     
 -0.69963459518129079        6.1567844375953591     
 -0.69966463769302623        6.2270152754679344     
 -0.69969501164865899        6.2972551048379311     
 -0.69972571677887097        6.3675040226877258     
 -0.69975675281139127        6.4377621258648006     
 -0.69978811947099873        6.5080295110802879     
 -0.69981981647952296        6.5783062749075158     
 -0.69985184355584706        6.6485925137805477     
 -0.62998202814663085       -6.9298023096129384     
 -0.62995201727003347       -6.8594775213848083     
 -0.62992230242443470       -6.7891625927966857     
 -0.62989288387343378       -6.7188574279832931     
 -0.62986376187798476       -6.6485619309342843     
 -0.62983493669639523       -6.5782760054956837     
 -0.62980640858432413       -6.5079995553713488     
 -0.62977817779477996       -6.4377324841244175     
 -0.62975024457811934       -6.3674746951787622     
 -0.62972260918204481       -6.2972260918204483     
 -0.62969527185160334       -6.2269865771991890     
 -0.62966823282918427       -6.1567560543298017     
 -0.62964149235451794       -6.0865344260936736     
 -0.62961505066467416       -6.0163215952402194     
 -0.62958890799405998       -5.9461174643883448     
 -0.62956306457441835       -5.8759219360279040     
 -0.62953752063482649       -5.8057349125211779     
 -0.62951227640169449       -5.7355562961043285     
 -0.62948733209876329       -5.6653859888888691     
 -0.62946268794710336       -5.5952238928631406     
 -0.62943834416511313       -5.5250699098937712     
 -0.62941430096851758       -5.4549239417271522     
 -0.62939055857036652       -5.3847858899909129     
 -0.62936711718103322       -5.3146556561953915     
 -0.62934397700821298       -5.2445331417351078     
 -0.62932113825692160       -5.1744182478902445     
 -0.62929860112949410       -5.1043108758281193     
 -0.62927636582558311       -5.0342109266046648     
 -0.62925443254215763       -4.9641183011659100     
 -0.62923280147350169       -4.8940329003494583     
 -0.62921147281121292       -4.8239546248859657     
 -0.62919044674420121       -4.7538833754006307     
 -0.62916972345868749       -4.6838190524146741     
 -0.62914930313820261       -4.6137615563468195     
 -0.62912918596358558       -4.5437107875147849     
 -0.62910937211298290       -4.4736666461367678     
 -0.62908986176184689       -4.4036290323329279     
 -0.62907065508293469       -4.3335978461268834     
 -0.62905175224630716       -4.2635729874471933     
 -0.62903315341932764       -4.1935543561288515     
 -0.62901485876666052       -4.1235418519147746     
 -0.62899686845027070       -4.0535353744572999     
 -0.62897918262942198       -3.9835348233196726     
 -0.62896180146067604       -3.9135400979775397     
 -0.62894472509789179       -3.8435510978204501     
 -0.62892795369222376       -3.7735677221533424     
 -0.62891148739212144       -3.7035898701980488     
 -0.62889532634332823       -3.6336174410947852     
 -0.62887947068888006       -3.5636503339036536     
 -0.62886392056910512       -3.4936884476061398     
 -0.62884867612162243       -3.4237316811066112     
 -0.62883373748134086       -3.3537799332338176     
 -0.62881910478045844       -3.2838331027423941     
 -0.62880477814846147       -3.2138910883143592     
 -0.62879075771212356       -3.1439537885606175     
 -0.62877704359550457       -3.0740211020224666     
 -0.62876363591995010       -3.0040929271730947     
 -0.62875053480409071       -2.9341691624190900     
 -0.62873774036384089       -2.8642497061019419     
 -0.62872525271239810       -2.7943344564995467     
 -0.62871307196024251       -2.7244233118277172     
 -0.62870119821513593       -2.6545161702416853     
 -0.62868963158212132       -2.5846129298376095     
 -0.62867837216352163       -2.5147134886540865     
 -0.62866742005893961       -2.4448177446736543     
 -0.62865677536525688       -2.3749255958243038     
 -0.62864643817663346       -2.3050369399809894     
 -0.62863640858450676       -2.2351516749671356     
 -0.62862668667759147       -2.1652696985561484     
 -0.62861727254187860       -2.0953909084729290     
 -0.62860816626063509       -2.0255152023953795     
 -0.62859936791440318       -1.9556424779559212     
 -0.62859087758099985       -1.8857726327429996     
 -0.62858269533551636       -1.8159055643026027     
 -0.62857482125031761       -1.7460411701397711     
 -0.62856725539504188       -1.6761793477201117     
 -0.62855999783660044       -1.6063199944713122     
 -0.62855304863917649       -1.5364630077846537     
 -0.62854640786422544       -1.4666082850165261     
 -0.62854007557047420       -1.3967557234899426     
 -0.62853405181392075       -1.3269052204960550     
 -0.62852833664783381       -1.2570566732956676     
 -0.62852293012275251       -1.1872099791207547     
 -0.62851783228648606       -1.1173650351759754     
 -0.62851304318411350       -1.0475217386401892     
 -0.62850856285798318      -0.97767998666797384     
 -0.62850439134771263      -0.90783967639114060     
 -0.62850052869018835      -0.83800070492025114     
 -0.62849697491956547      -0.76816296934613559     
 -0.62849373006726739      -0.69832636674140824     
 -0.62849079416198605      -0.62849079416198605     
 -0.62848816722968115      -0.55865614864860547     
 -0.62848584929358031      -0.48882232722834018     
 -0.62848384037417881      -0.41898922691611917     
 -0.62848214048923967      -0.34915674471624425     
 -0.62848074965379319      -0.27932477762390812     
 -0.62847966788013709      -0.20949322262671233     
 -0.62847889517783617      -0.13966197670618583     
 -0.62847843155372285       -6.9830936839302540E-002
 -0.62847827701189618        0.0000000000000000     
 -0.62847843155372285        6.9830936839302540E-002
 -0.62847889517783617       0.13966197670618583     
 -0.62847966788013709       0.20949322262671233     
 -0.62848074965379319       0.27932477762390812     
 -0.62848214048923967       0.34915674471624425     
 -0.62848384037417881       0.41898922691611917     
 -0.62848584929358031       0.48882232722834018     
 -0.62848816722968115       0.55865614864860547     
 -0.62849079416198605       0.62849079416198605     
 -0.62849373006726739       0.69832636674140824     
 -0.62849697491956547       0.76816296934613559     
 -0.62850052869018835       0.83800070492025114     
 -0.62850439134771263       0.90783967639114060     
 -0.62850856285798318       0.97767998666797384     
 -0.62851304318411350        1.0475217386401892     
 -0.62851783228648606        1.1173650351759754     
 -0.62852293012275251        1.1872099791207547     
 -0.62852833664783381        1.2570566732956676     
 -0.62853405181392075        1.3269052204960550     
 -0.62854007557047420        1.3967557234899426     
 -0.62854640786422544        1.4666082850165261     
 -0.62855304863917649        1.5364630077846537     
 -0.62855999783660044        1.6063199944713122     
 -0.62856725539504188        1.6761793477201117     
 -0.62857482125031761        1.7460411701397711     
 -0.62858269533551636        1.8159055643026027     
 -0.62859087758099985        1.8857726327429996     
 -0.62859936791440318        1.9556424779559212     
 -0.62860816626063509        2.0255152023953795     
 -0.62861727254187860        2.0953909084729290     
 -0.62862668667759147        2.1652696985561484     
 -0.62863640858450676        2.2351516749671356     
 -0.62864643817663346        2.3050369399809894     
 -0.62865677536525688        2.3749255958243038     
 -0.62866742005893961        2.4448177446736543     
 -0.62867837216352163        2.5147134886540865     
 -0.62868963158212132        2.5846129298376095     
 -0.62870119821513593        2.6545161702416853     
 -0.62871307196024251        2.7244233118277172     
 -0.62872525271239810        2.7943344564995467     
 -0.62873774036384089        2.8642497061019419     
 -0.62875053480409071        2.9341691624190900     
 -0.62876363591995010        3.0040929271730947     
 -0.62877704359550457        3.0740211020224666     
 -0.62879075771212356        3.1439537885606175     
 -0.62880477814846147        3.2138910883143592     
 -0.62881910478045844        3.2838331027423941     
 -0.62883373748134086        3.3537799332338176     
 -0.62884867612162243        3.4237316811066112     
 -0.62886392056910512        3.4936884476061398     
 -0.62887947068888006        3.5636503339036536     
 -0.62889532634332823        3.6336174410947852     
 -0.62891148739212144        3.7035898701980488     
 -0.62892795369222376        3.7735677221533424     
 -0.62894472509789179        3.8435510978204501     
 -0.62896180146067604        3.9135400979775397     
 -0.62897918262942198        3.9835348233196726     
 -0.62899686845027070        4.0535353744572999     
 -0.62901485876666052        4.1235418519147746     
 -0.62903315341932764        4.1935543561288515     
 -0.62905175224630716        4.2635729874471933     
 -0.62907065508293469        4.3335978461268834     
 -0.62908986176184689        4.4036290323329279     
 -0.62910937211298290        4.4736666461367678     
 -0.62912918596358558        4.5437107875147849     
 -0.62914930313820261        4.6137615563468195     
 -0.62916972345868749        4.6838190524146741     
 -0.62919044674420121        4.7538833754006307     
 -0.62921147281121292        4.8239546248859657     
 -0.62923280147350169        4.8940329003494583     
 -0.62925443254215763        4.9641183011659100     
 -0.62927636582558311        5.0342109266046648     
 -0.62929860112949410        5.1043108758281193     
 -0.62932113825692160        5.1744182478902445     
 -0.62934397700821298        5.2445331417351078     
 -0.62936711718103322        5.3146556561953915     
 -0.62939055857036652        5.3847858899909129     
 -0.62941430096851758        5.4549239417271522     
 -0.62943834416511313        5.5250699098937712     
 -0.62946268794710336        5.5952238928631406     
 -0.62948733209876329        5.6653859888888691     
 -0.62951227640169449        5.7355562961043285     
 -0.62953752063482649        5.8057349125211779     
 -0.62956306457441835        5.8759219360279040     
 -0.62958890799405998        5.9461174643883448     
 -0.62961505066467416        6.0163215952402194     
 -0.62964149235451794        6.0865344260936736     
 -0.62966823282918427        6.1567560543298017     
 -0.62969527185160334        6.2269865771991890     
 -0.62972260918204481        6.2972260918204483     
 -0.62975024457811934        6.3674746951787622     
 -0.62977817779477996        6.4377324841244175     
 -0.62980640858432413        6.5079995553713488     
 -0.62983493669639523        6.5782760054956837     
 -0.62986376187798476        6.6485619309342843     
 -0.62989288387343378        6.7188574279832931     
 -0.62992230242443470        6.7891625927966857     
 -0.62995201727003347        6.8594775213848083     
 -0.62998202814663085        6.9298023096129384     
 -0.55998172330819007       -6.9297738259388506     
 -0.55995504629990434       -6.8594493171738273     
 -0.55992863243703228       -6.7891346682990159     
 -0.55990248195388692       -6.7188297834466422     
 -0.55987659508243037       -6.6485345666038604     
 -0.55985097205227197       -6.5782489216141951     
 -0.55982561309066692       -6.5079727521790023     
 -0.55980051842251433       -6.4377059618589145     
 -0.55977568827035595       -6.3674484540752987     
 -0.55975112285437456       -6.2972001321117128     
 -0.55972682239239202       -6.2269608991153618     
 -0.55970278709986843       -6.1567306580985521     
 -0.55967901718989976       -6.0865093119401594     
 -0.55965551287321713       -6.0162967633870830     
 -0.55963227435818486       -5.9460929150557140     
 -0.55960930185079927       -5.8758976694333915     
 -0.55958659555468682       -5.8057109288798747     
 -0.55956415567110318       -5.7355325956288077     
 -0.55954198239893171       -5.6653625717891831     
 -0.55952007593468178       -5.5952007593468167     
 -0.55949843647248754       -5.5250470601658135     
 -0.55947706420410670       -5.4549013759900404     
 -0.55945595931891923       -5.3847636084445973     
 -0.55943512200392576       -5.3146336590372947     
 -0.55941455244374649       -5.2445114291601227     
 -0.55939425082061978       -5.1743968200907320     
 -0.55937421731440107       -5.1042897329939088     
 -0.55935445210256141       -5.0341900689230519     
 -0.55933495536018640       -4.9640977288216535     
 -0.55931572725997492       -4.8940126135247803     
 -0.55929676797223815       -4.8239346237605529     
 -0.55927807766489779       -4.7538636601516302     
 -0.55925965650348552       -4.6837996232166912     
 -0.55924150465114164       -4.6137424133719183     
 -0.55922362226861400       -4.5436919309324884     
 -0.55920600951425670       -4.4736480761140536     
 -0.55918866654402932       -4.4036107490342307     
 -0.55917159351149548       -4.3335798497140887     
 -0.55915479056782202       -4.2635552780796422     
 -0.55913825786177818       -4.1935369339633368     
 -0.55912199553973407       -4.1235247171055383     
 -0.55910600374566000       -4.0535185271560348     
 -0.55909028262112548       -3.9835182636755189     
 -0.55907483230529809       -3.9135238261370864     
 -0.55905965293494286       -3.8435351139277318     
 -0.55904474464442089       -3.7735520263498401     
 -0.55903010756568872       -3.7035744626226879     
 -0.55901574182829761       -3.6336023218839344     
 -0.55900164755939219       -3.5636355031911249     
 -0.55898782488371002       -3.4936739055231869     
 -0.55897427392358023       -3.4237174277819289     
 -0.55896099479892347       -3.3537659687935406     
 -0.55894798762725051       -3.2838194273100960     
 -0.55893525252366127       -3.2138777020110525     
 -0.55892278960084496       -3.1439406915047523     
 -0.55891059896907813       -3.0740082943299298     
 -0.55889868073622506       -3.0040804089572091     
 -0.55888703500773596       -2.9341569337906135     
 -0.55887566188664717       -2.8642377671690666     
 -0.55886456147357999       -2.7943228073678998     
 -0.55885373386674009       -2.7244119526003576     
 -0.55884317916191684       -2.6545051010191050     
 -0.55883289745248266       -2.5846021507177319     
 -0.55882288882939246       -2.5147029997322656     
 -0.55881315338118298       -2.4448075460426755     
 -0.55880369119397222       -2.3749156875743820     
 -0.55879450235145889       -2.3050273221997677     
 -0.55878558693492175       -2.2351423477396870     
 -0.55877694502321895       -2.1652606619649735     
 -0.55876857669278812       -2.0953821625979554     
 -0.55876048201764483       -2.0255067473139623     
 -0.55875266106938326       -1.9556343137428409     
 -0.55874511391717463       -1.8857647594704641     
 -0.55873784062776755       -1.8158979820402446     
 -0.55873084126548722       -1.7460338789546475     
 -0.55872411589223503       -1.6761723476767050     
 -0.55871766456748817       -1.6063132856315285     
 -0.55871148734829912       -1.5364565902078227     
 -0.55870558428929562       -1.4666021587594009     
 -0.55869995544267981       -1.3967498886066994     
 -0.55869460085822820       -1.3268996770382919     
 -0.55868952058329147       -1.2570514213124058     
 -0.55868471466279379       -1.1872050186584366     
 -0.55868018313923262       -1.1173603662784652     
 -0.55867592605267868       -1.0475173613487725     
 -0.55867194344077531      -0.97767590102135671     
 -0.55866823533873866      -0.90783588242545021     
 -0.55866480177935696      -0.83799720266903532     
 -0.55866164279299069      -0.76815975884036214     
 -0.55865875840757218      -0.69832344800946511     
 -0.55865614864860547      -0.62848816722968115     
 -0.55865381353916632      -0.55865381353916632     
 -0.55865175309990156      -0.48882028396241384     
 -0.55864996734902972      -0.41898747551177218     
 -0.55864845630233995      -0.34915528518896238     
 -0.55864721997319289      -0.27932360998659644     
 -0.55864625837251980      -0.20949234688969490     
 -0.55864557150882310      -0.13966139287720578     
 -0.55864515938817583       -6.9830644923521978E-002
 -0.55864502201422184        0.0000000000000000     
 -0.55864515938817583        6.9830644923521978E-002
 -0.55864557150882310       0.13966139287720578     
 -0.55864625837251980       0.20949234688969490     
 -0.55864721997319289       0.27932360998659644     
 -0.55864845630233995       0.34915528518896238     
 -0.55864996734902972       0.41898747551177218     
 -0.55865175309990156       0.48882028396241384     
 -0.55865381353916632       0.55865381353916632     
 -0.55865614864860547       0.62848816722968115     
 -0.55865875840757218       0.69832344800946511     
 -0.55866164279299069       0.76815975884036214     
 -0.55866480177935696       0.83799720266903532     
 -0.55866823533873866       0.90783588242545021     
 -0.55867194344077531       0.97767590102135671     
 -0.55867592605267868        1.0475173613487725     
 -0.55868018313923262        1.1173603662784652     
 -0.55868471466279379        1.1872050186584366     
 -0.55868952058329147        1.2570514213124058     
 -0.55869460085822820        1.3268996770382919     
 -0.55869995544267981        1.3967498886066994     
 -0.55870558428929562        1.4666021587594009     
 -0.55871148734829912        1.5364565902078227     
 -0.55871766456748817        1.6063132856315285     
 -0.55872411589223503        1.6761723476767050     
 -0.55873084126548722        1.7460338789546475     
 -0.55873784062776755        1.8158979820402446     
 -0.55874511391717463        1.8857647594704641     
 -0.55875266106938326        1.9556343137428409     
 -0.55876048201764483        2.0255067473139623     
 -0.55876857669278812        2.0953821625979554     
 -0.55877694502321895        2.1652606619649735     
 -0.55878558693492175        2.2351423477396870     
 -0.55879450235145889        2.3050273221997677     
 -0.55880369119397222        2.3749156875743820     
 -0.55881315338118298        2.4448075460426755     
 -0.55882288882939246        2.5147029997322656     
 -0.55883289745248266        2.5846021507177319     
 -0.55884317916191684        2.6545051010191050     
 -0.55885373386674009        2.7244119526003576     
 -0.55886456147357999        2.7943228073678998     
 -0.55887566188664717        2.8642377671690666     
 -0.55888703500773596        2.9341569337906135     
 -0.55889868073622506        3.0040804089572091     
 -0.55891059896907813        3.0740082943299298     
 -0.55892278960084496        3.1439406915047523     
 -0.55893525252366127        3.2138777020110525     
 -0.55894798762725051        3.2838194273100960     
 -0.55896099479892347        3.3537659687935406     
 -0.55897427392358023        3.4237174277819289     
 -0.55898782488371002        3.4936739055231869     
 -0.55900164755939219        3.5636355031911249     
 -0.55901574182829761        3.6336023218839344     
 -0.55903010756568872        3.7035744626226879     
 -0.55904474464442089        3.7735520263498401     
 -0.55905965293494286        3.8435351139277318     
 -0.55907483230529809        3.9135238261370864     
 -0.55909028262112548        3.9835182636755189     
 -0.55910600374566000        4.0535185271560348     
 -0.55912199553973407        4.1235247171055383     
 -0.55913825786177818        4.1935369339633368     
 -0.55915479056782202        4.2635552780796422     
 -0.55917159351149548        4.3335798497140887     
 -0.55918866654402932        4.4036107490342307     
 -0.55920600951425670        4.4736480761140536     
 -0.55922362226861400        4.5436919309324884     
 -0.55924150465114164        4.6137424133719183     
 -0.55925965650348552        4.6837996232166912     
 -0.55927807766489779        4.7538636601516302     
 -0.55929676797223815        4.8239346237605529     
 -0.55931572725997492        4.8940126135247803     
 -0.55933495536018640        4.9640977288216535     
 -0.55935445210256141        5.0341900689230519     
 -0.55937421731440107        5.1042897329939088     
 -0.55939425082061978        5.1743968200907320     
 -0.55941455244374649        5.2445114291601227     
 -0.55943512200392576        5.3146336590372947     
 -0.55945595931891923        5.3847636084445973     
 -0.55947706420410670        5.4549013759900404     
 -0.55949843647248754        5.5250470601658135     
 -0.55952007593468178        5.5952007593468167     
 -0.55954198239893171        5.6653625717891831     
 -0.55956415567110318        5.7355325956288077     
 -0.55958659555468682        5.8057109288798747     
 -0.55960930185079927        5.8758976694333915     
 -0.55963227435818486        5.9460929150557140     
 -0.55965551287321713        6.0162967633870830     
 -0.55967901718989976        6.0865093119401594     
 -0.55970278709986843        6.1567306580985521     
 -0.55972682239239202        6.2269608991153618     
 -0.55975112285437456        6.2972001321117128     
 -0.55977568827035595        6.3674484540752987     
 -0.55980051842251433        6.4377059618589145     
 -0.55982561309066692        6.5079727521790023     
 -0.55985097205227197        6.5782489216141951     
 -0.55987659508243037        6.6485345666038604     
 -0.55990248195388692        6.7188297834466422     
 -0.55992863243703228        6.7891346682990159     
 -0.55995504629990434        6.8594493171738273     
 -0.55998172330819007        6.9297738259388506     
 -0.48998223079611919       -6.9297486926879710     
 -0.48995888789385678       -6.8594244305139949     
 -0.48993577524904136       -6.7891100284510015     
 -0.48991289306669900       -6.7188053906290151     
 -0.48989024154979866       -6.6485104210329826     
 -0.48986782089925063       -6.5782250235042232     
 -0.48984563131390524       -6.5079491017418842     
 -0.48982367299055141       -6.4376825593043909     
 -0.48980194612391514       -6.3674252996108969     
 -0.48978045090665834       -6.2971772259427494     
 -0.48975918752937719       -6.2269382414449392     
 -0.48973815618060107       -6.1567082491275569     
 -0.48971735704679115       -6.0864871518672619     
 -0.48969679031233898       -6.0162748524087357     
 -0.48967645615956523       -5.9460712533661493     
 -0.48965635476871844       -5.8758762572246210     
 -0.48963648631797380       -5.8056897663416889     
 -0.48961685098343177       -5.7355116829487729     
 -0.48959744893911705       -5.6653419091526400     
 -0.48957828035697709       -5.5951803469368810     
 -0.48955934540688123       -5.5250268981633743     
 -0.48954064425661903       -5.4548814645737549     
 -0.48952217707189971       -5.3847439477908967     
 -0.48950394401635050       -5.3146142493203774     
 -0.48948594525151568       -5.2444922705519543     
 -0.48946818093685557       -5.1743779127610443     
 -0.48945065122974524       -5.1042710771102007     
 -0.48943335628547346       -5.0341716646505841     
 -0.48941629625724176       -4.9640795763234520     
 -0.48939947129616324       -4.8939947129616330     
 -0.48938288155126147       -4.8239169752910058     
 -0.48936652716946966       -4.7538462639319912     
 -0.48935040829562954       -4.6837824794010254     
 -0.48933452507249020       -4.6137255221120510     
 -0.48931887764070753       -4.5436752923779977     
 -0.48930346613884274       -4.4736316904122768     
 -0.48928829070336177       -4.4035946163302562     
 -0.48927335146863432       -4.3335639701507613     
 -0.48925864856693274       -4.2635396517975561     
 -0.48924418212843129       -4.1935215611008401     
 -0.48922995228120519       -4.1235095977987291     
 -0.48921595915122973       -4.0535036615387607     
 -0.48920220286237953       -3.9835036518793765     
 -0.48918868353642742       -3.9135094682914193     
 -0.48917540129304399       -3.8435210101596318     
 -0.48916235624979648       -3.7735381767841440     
 -0.48914954852214804       -3.7035608673819778     
 -0.48913697822345703       -3.6335889810885380     
 -0.48912464546497625       -3.5636224169591126     
 -0.48911255035585205       -3.4936610739703720     
 -0.48910069300312370       -3.4237048510218662     
 -0.48908907351172265       -3.3537536469375269     
 -0.48907769198447187       -3.2838073604671685     
 -0.48906654852208503       -3.2138658902879875     
 -0.48905564322316586       -3.1439291350060663     
 -0.48904497618420761       -3.0739969931578766     
 -0.48903454749959219       -3.0040693632117801     
 -0.48902435726158966       -2.9341461435695382     
 -0.48901440556035775       -2.8642272325678095     
 -0.48900469248394085       -2.7943125284796619     
 -0.48899521811826979       -2.7244019295160746     
 -0.48898598254716119       -2.6544953338274468     
 -0.48897698585231675       -2.5845926395051024     
 -0.48896822811332274       -2.5146937445828028     
 -0.48895970940764971       -2.4447985470382485     
 -0.48895142981065154       -2.3749069447945930     
 -0.48894338939556536       -2.3050188357219512     
 -0.48893558823351074       -2.2351341176389066     
 -0.48892802639348948       -2.1652526883140246     
 -0.48892070394238485       -2.0953744454673640     
 -0.48891362094496144       -2.0254992867719830     
 -0.48890677746386452       -1.9556271098554581     
 -0.48890017355961973       -1.8857578123013903     
 -0.48889380929063259       -1.8158912916509211     
 -0.48888768471318822       -1.7460274454042437     
 -0.48888179988145081       -1.6761661710221172     
 -0.48887615484746350       -1.6063073659273801     
 -0.48887074966114774       -1.5364509275064644     
 -0.48886558437030314       -1.4665967531109094     
 -0.48886065902060716       -1.3967447400588775     
 -0.48885597365561473       -1.3268947856366686     
 -0.48885152831675793       -1.2570467871002347     
 -0.48884732304334588       -1.1872006416766971     
 -0.48884335787256428       -1.1173562465658613     
 -0.48883963283947529       -1.0475134989417327     
 -0.48883614797701724      -0.97767229595403449     
 -0.48883290331600449      -0.90783253472972270     
 -0.48882989888512707      -0.83799411237450350     
 -0.48882713471095063      -0.76815692597435103     
 -0.48882461081791623      -0.69832087259702313     
 -0.48882232722834018      -0.62848584929358031     
 -0.48882028396241384      -0.55865175309990156     
 -0.48881848103820352      -0.48881848103820352     
 -0.48881691847165037      -0.41898593011855745     
 -0.48881559627657029      -0.34915399734040731     
 -0.48881451446465379      -0.27932257969408791     
 -0.48881367304546591      -0.20949157416234254     
 -0.48881307202644630      -0.13966087772184183     
 -0.48881271141290894       -6.9830387344701275E-002
 -0.48881259120804216        0.0000000000000000     
 -0.48881271141290894        6.9830387344701275E-002
 -0.48881307202644630       0.13966087772184183     
 -0.48881367304546591       0.20949157416234254     
 -0.48881451446465379       0.27932257969408791     
 -0.48881559627657029       0.34915399734040731     
 -0.48881691847165037       0.41898593011855745     
 -0.48881848103820352       0.48881848103820352     
 -0.48882028396241384       0.55865175309990156     
 -0.48882232722834018       0.62848584929358031     
 -0.48882461081791623       0.69832087259702313     
 -0.48882713471095063       0.76815692597435103     
 -0.48882989888512707       0.83799411237450350     
 -0.48883290331600449       0.90783253472972270     
 -0.48883614797701724       0.97767229595403449     
 -0.48883963283947529        1.0475134989417327     
 -0.48884335787256428        1.1173562465658613     
 -0.48884732304334588        1.1872006416766971     
 -0.48885152831675793        1.2570467871002347     
 -0.48885597365561473        1.3268947856366686     
 -0.48886065902060716        1.3967447400588775     
 -0.48886558437030314        1.4665967531109094     
 -0.48887074966114774        1.5364509275064644     
 -0.48887615484746350        1.6063073659273801     
 -0.48888179988145081        1.6761661710221172     
 -0.48888768471318822        1.7460274454042437     
 -0.48889380929063259        1.8158912916509211     
 -0.48890017355961973        1.8857578123013903     
 -0.48890677746386452        1.9556271098554581     
 -0.48891362094496144        2.0254992867719830     
 -0.48892070394238485        2.0953744454673640     
 -0.48892802639348948        2.1652526883140246     
 -0.48893558823351074        2.2351341176389066     
 -0.48894338939556536        2.3050188357219512     
 -0.48895142981065154        2.3749069447945930     
 -0.48895970940764971        2.4447985470382485     
 -0.48896822811332274        2.5146937445828028     
 -0.48897698585231675        2.5845926395051024     
 -0.48898598254716119        2.6544953338274468     
 -0.48899521811826979        2.7244019295160746     
 -0.48900469248394085        2.7943125284796619     
 -0.48901440556035775        2.8642272325678095     
 -0.48902435726158966        2.9341461435695382     
 -0.48903454749959219        3.0040693632117801     
 -0.48904497618420761        3.0739969931578766     
 -0.48905564322316586        3.1439291350060663     
 -0.48906654852208503        3.2138658902879875     
 -0.48907769198447187        3.2838073604671685     
 -0.48908907351172265        3.3537536469375269     
 -0.48910069300312370        3.4237048510218662     
 -0.48911255035585205        3.4936610739703720     
 -0.48912464546497625        3.5636224169591126     
 -0.48913697822345703        3.6335889810885380     
 -0.48914954852214804        3.7035608673819778     
 -0.48916235624979648        3.7735381767841440     
 -0.48917540129304399        3.8435210101596318     
 -0.48918868353642742        3.9135094682914193     
 -0.48920220286237953        3.9835036518793765     
 -0.48921595915122973        4.0535036615387607     
 -0.48922995228120519        4.1235095977987291     
 -0.48924418212843129        4.1935215611008401     
 -0.48925864856693274        4.2635396517975561     
 -0.48927335146863432        4.3335639701507613     
 -0.48928829070336177        4.4035946163302562     
 -0.48930346613884274        4.4736316904122768     
 -0.48931887764070753        4.5436752923779977     
 -0.48933452507249020        4.6137255221120510     
 -0.48935040829562954        4.6837824794010254     
 -0.48936652716946966        4.7538462639319912     
 -0.48938288155126147        4.8239169752910058     
 -0.48939947129616324        4.8939947129616330     
 -0.48941629625724176        4.9640795763234520     
 -0.48943335628547346        5.0341716646505841     
 -0.48945065122974524        5.1042710771102007     
 -0.48946818093685557        5.1743779127610443     
 -0.48948594525151568        5.2444922705519543     
 -0.48950394401635050        5.3146142493203774     
 -0.48952217707189971        5.3847439477908967     
 -0.48954064425661903        5.4548814645737549     
 -0.48955934540688123        5.5250268981633743     
 -0.48957828035697709        5.5951803469368810     
 -0.48959744893911705        5.6653419091526400     
 -0.48961685098343177        5.7355116829487729     
 -0.48963648631797380        5.8056897663416889     
 -0.48965635476871844        5.8758762572246210     
 -0.48967645615956523        5.9460712533661493     
 -0.48969679031233898        6.0162748524087357     
 -0.48971735704679115        6.0864871518672619     
 -0.48973815618060107        6.1567082491275569     
 -0.48975918752937719        6.2269382414449392     
 -0.48978045090665834        6.2971772259427494     
 -0.48980194612391514        6.3674252996108969     
 -0.48982367299055141        6.4376825593043909     
 -0.48984563131390524        6.5079491017418842     
 -0.48986782089925063        6.5782250235042232     
 -0.48989024154979866        6.6485104210329826     
 -0.48991289306669900        6.7188053906290151     
 -0.48993577524904136        6.7891100284510015     
 -0.48995888789385678        6.8594244305139949     
 -0.48998223079611919        6.9297486926879710     
 -0.41998344909601648       -6.9297269100842716     
 -0.41996344050777862       -6.8594028616270517     
 -0.41994362928693713       -6.7890886734721505     
 -0.41992401560923021       -6.7187842497476833     
 -0.41990459964863280       -6.6484894944366868     
 -0.41988538157735539       -6.5782043113785678     
 -0.41986636156584256       -6.5079286042705595     
 -0.41984753978277212       -6.4376622766691733     
 -0.41982891639505360       -6.3674052319916461     
 -0.41981049156782718       -6.2971573735174076     
 -0.41979226546446258       -6.2269186043895290     
 -0.41977423824655791       -6.1566888276161835     
 -0.41975641007393838       -6.0864679460721067     
 -0.41973878110465535       -6.0162558625000599     
 -0.41972135149498507       -5.9460524795122884     
 -0.41970412139942770       -5.8758576995919878     
 -0.41968709097070622       -5.8056714250947694     
 -0.41967026035976529       -5.7354935582501261     
 -0.41965362971577014       -5.6653240011628974     
 -0.41963719918610576       -5.5951626558147431     
 -0.41962096891637557       -5.5250094240656118     
 -0.41960493905040069       -5.4548642076552092     
 -0.41958910973021868       -5.3847269082044731     
 -0.41957348109608283       -5.3145974272170493     
 -0.41955805328646090       -5.2444756660807617     
 -0.41954282643803431       -5.1743615260690898     
 -0.41952780068569723       -5.1042549083426501     
 -0.41951297616255551       -5.0341557139506659     
 -0.41949835299992583       -4.9640638438324558     
 -0.41948393132733497       -4.8939791988189087     
 -0.41946971127251853       -4.8239016796339635     
 -0.41945569296142032       -4.7538311868960967     
 -0.41944187651819154       -4.6837676211198058     
 -0.41942826206518968       -4.6137108827170863     
 -0.41941484972297788       -4.5436608719989264     
 -0.41940163961032401       -4.4736174891767906     
 -0.41938863184420000       -4.4035806343641006     
 -0.41937582653978078       -4.3335502075777343     
 -0.41936322381044366       -4.2635261087395104     
 -0.41935082376776761       -4.1935082376776762     
 -0.41933862652153231       -4.1234964941284007     
 -0.41932663217971755       -4.0534907777372693     
 -0.41931484084850251       -3.9834909880607743     
 -0.41930325263226487       -3.9134970245678056     
 -0.41929186763358028       -3.8435087866411526     
 -0.41928068595322149       -3.7735261735789933     
 -0.41926970769015787       -3.7035490845963945     
 -0.41925893294155453       -3.6335774188268064     
 -0.41924836180277192       -3.5636110753235610     
 -0.41923799436736475       -3.4936499530613734     
 -0.41922783072708192       -3.4236939509378361     
 -0.41921787097186536       -3.3537429677749229     
 -0.41920811518984985       -3.2837969023204905     
 -0.41919856346736212       -3.2138556532497766     
 -0.41918921588892039       -3.1439191191669029     
 -0.41918007253723394       -3.0739871986063823     
 -0.41917113349320217       -3.0040597900346153     
 -0.41916239883591450       -2.9341367918514019     
 -0.41915386864264959       -2.8642181023914390     
 -0.41914554298887469       -2.7943036199258313     
 -0.41913742194824555       -2.7243932426635959     
 -0.41912950559260548       -2.6544868687531684     
 -0.41912179399198518       -2.5845843962839088     
 -0.41911428721460214       -2.5146857232876130     
 -0.41910698532686003       -2.4447907477400173     
 -0.41909988839334872       -2.3748993675623091     
 -0.41909299647684323       -2.3050114806226381     
 -0.41908630963830384       -2.2351269847376209     
 -0.41907982793687543       -2.1652457776738565     
 -0.41907355142988700       -2.0953677571494351     
 -0.41906748017285156       -2.0254928208354492     
 -0.41906161421946553       -1.9556208663575056     
 -0.41905595362160841       -1.8857517912972379     
 -0.41905049842934261       -1.8158854931938180     
 -0.41904524869091286       -1.7460218695454703     
 -0.41904020445274609       -1.6761608178109844     
 -0.41903536575945094       -1.6063022354112289     
 -0.41903073265381779       -1.5364460197306653     
 -0.41902630517681794       -1.4665920681188629     
 -0.41902208336760394       -1.3967402778920130     
 -0.41901806726350882       -1.3268905463344447     
 -0.41901425690004612       -1.2570427707001386     
 -0.41901065231090973       -1.1871968482142443     
 -0.41900725352797330       -1.1173526760745958     
 -0.41900406058129047       -1.0475101514532261     
 -0.41900107349909421      -0.97766917149788657     
 -0.41899829230779712      -0.90782963333356048     
 -0.41899571703199090      -0.83799143406398180     
 -0.41899334769444629      -0.76815447077315158     
 -0.41899118431611287      -0.69831864052685477     
 -0.41898922691611917      -0.62848384037417881     
 -0.41898747551177218      -0.55864996734902972     
 -0.41898593011855745      -0.48881691847165037     
 -0.41898459075013894      -0.41898459075013894     
 -0.41898345741835896      -0.34915288118196575     
 -0.41898253013323800      -0.27932168675549202     
 -0.41898180890297476      -0.20949090445148738     
 -0.41898129373394610      -0.13966043124464872     
 -0.41898098463070699       -6.9830164105117831E-002
 -0.41898088159599023        0.0000000000000000     
 -0.41898098463070699        6.9830164105117831E-002
 -0.41898129373394610       0.13966043124464872     
 -0.41898180890297476       0.20949090445148738     
 -0.41898253013323800       0.27932168675549202     
 -0.41898345741835896       0.34915288118196575     
 -0.41898459075013894       0.41898459075013894     
 -0.41898593011855745       0.48881691847165037     
 -0.41898747551177218       0.55864996734902972     
 -0.41898922691611917       0.62848384037417881     
 -0.41899118431611287       0.69831864052685477     
 -0.41899334769444629       0.76815447077315158     
 -0.41899571703199090       0.83799143406398180     
 -0.41899829230779712       0.90782963333356048     
 -0.41900107349909421       0.97766917149788657     
 -0.41900406058129047        1.0475101514532261     
 -0.41900725352797330        1.1173526760745958     
 -0.41901065231090973        1.1871968482142443     
 -0.41901425690004612        1.2570427707001386     
 -0.41901806726350882        1.3268905463344447     
 -0.41902208336760394        1.3967402778920130     
 -0.41902630517681794        1.4665920681188629     
 -0.41903073265381779        1.5364460197306653     
 -0.41903536575945094        1.6063022354112289     
 -0.41904020445274609        1.6761608178109844     
 -0.41904524869091286        1.7460218695454703     
 -0.41905049842934261        1.8158854931938180     
 -0.41905595362160841        1.8857517912972379     
 -0.41906161421946553        1.9556208663575056     
 -0.41906748017285156        2.0254928208354492     
 -0.41907355142988700        2.0953677571494351     
 -0.41907982793687543        2.1652457776738565     
 -0.41908630963830384        2.2351269847376209     
 -0.41909299647684323        2.3050114806226381     
 -0.41909988839334872        2.3748993675623091     
 -0.41910698532686003        2.4447907477400173     
 -0.41911428721460214        2.5146857232876130     
 -0.41912179399198518        2.5845843962839088     
 -0.41912950559260548        2.6544868687531684     
 -0.41913742194824555        2.7243932426635959     
 -0.41914554298887469        2.7943036199258313     
 -0.41915386864264959        2.8642181023914390     
 -0.41916239883591450        2.9341367918514019     
 -0.41917113349320217        3.0040597900346153     
 -0.41918007253723394        3.0739871986063823     
 -0.41918921588892039        3.1439191191669029     
 -0.41919856346736212        3.2138556532497766     
 -0.41920811518984985        3.2837969023204905     
 -0.41921787097186536        3.3537429677749229     
 -0.41922783072708192        3.4236939509378361     
 -0.41923799436736475        3.4936499530613734     
 -0.41924836180277192        3.5636110753235610     
 -0.41925893294155453        3.6335774188268064     
 -0.41926970769015787        3.7035490845963945     
 -0.41928068595322149        3.7735261735789933     
 -0.41929186763358028        3.8435087866411526     
 -0.41930325263226487        3.9134970245678056     
 -0.41931484084850251        3.9834909880607743     
 -0.41932663217971755        4.0534907777372693     
 -0.41933862652153231        4.1234964941284007     
 -0.41935082376776761        4.1935082376776762     
 -0.41936322381044366        4.2635261087395104     
 -0.41937582653978078        4.3335502075777343     
 -0.41938863184420000        4.4035806343641006     
 -0.41940163961032401        4.4736174891767906     
 -0.41941484972297788        4.5436608719989264     
 -0.41942826206518968        4.6137108827170863     
 -0.41944187651819154        4.6837676211198058     
 -0.41945569296142032        4.7538311868960967     
 -0.41946971127251853        4.8239016796339635     
 -0.41948393132733497        4.8939791988189087     
 -0.41949835299992583        4.9640638438324558     
 -0.41951297616255551        5.0341557139506659     
 -0.41952780068569723        5.1042549083426501     
 -0.41954282643803431        5.1743615260690898     
 -0.41955805328646090        5.2444756660807617     
 -0.41957348109608283        5.3145974272170493     
 -0.41958910973021868        5.3847269082044731     
 -0.41960493905040069        5.4548642076552092     
 -0.41962096891637557        5.5250094240656118     
 -0.41963719918610576        5.5951626558147431     
 -0.41965362971577014        5.6653240011628974     
 -0.41967026035976529        5.7354935582501261     
 -0.41968709097070622        5.8056714250947694     
 -0.41970412139942770        5.8758576995919878     
 -0.41972135149498507        5.9460524795122884     
 -0.41973878110465535        6.0162558625000599     
 -0.41975641007393838        6.0864679460721067     
 -0.41977423824655791        6.1566888276161835     
 -0.41979226546446258        6.2269186043895290     
 -0.41981049156782718        6.2971573735174076     
 -0.41982891639505360        6.3674052319916461     
 -0.41984753978277212        6.4376622766691733     
 -0.41986636156584256        6.5079286042705595     
 -0.41988538157735539        6.5782043113785678     
 -0.41990459964863280        6.6484894944366868     
 -0.41992401560923021        6.7187842497476833     
 -0.41994362928693713        6.7890886734721505     
 -0.41996344050777862        6.8594028616270517     
 -0.41998344909601648        6.9297269100842716     
 -0.34998527668292256       -6.9297084783218663     
 -0.34996860258699869       -6.8593846107051748     
 -0.34995209296663421       -6.7890706035527044     
 -0.34993574796827881       -6.7187663609909540     
 -0.34991956773691274       -6.6484717870013430     
 -0.34990355241604576       -6.5781867854216607     
 -0.34988770214771620       -6.5079112599475213     
 -0.34987201707248988       -6.4376451141338151     
 -0.34985649732945923       -6.3673882513961590     
 -0.34984114305624214       -6.2971405750123584     
 -0.34982595438898101       -6.2269019881238625     
 -0.34981093146234193       -6.1566723937372192     
 -0.34979607440951371       -6.0864516947255387     
 -0.34978138336220677       -6.0162397938299561     
 -0.34976685845065225       -5.9460365936610895     
 -0.34975249980360140       -5.8758419967005038     
 -0.34973830754832425       -5.8056559053021823     
 -0.34972428181060894       -5.7354782216939864     
 -0.34971042271476083       -5.6653088479791256     
 -0.34969673038360161       -5.5951476861376257     
 -0.34968320493846849       -5.5249946380278034     
 -0.34966984649921329       -5.4548496053877269     
 -0.34965665518420147       -5.3847124898367031     
 -0.34964363111031171       -5.3145831928767384     
 -0.34963077439293466       -5.2444616158940196     
 -0.34961808514597237       -5.1743476601603904     
 -0.34960556348183747       -5.1042412268348274     
 -0.34959320951145234       -5.0341422169649146     
 -0.34958102334424851       -4.9640505314883283     
 -0.34956900508816552       -4.8939660712343187     
 -0.34955715484965072       -4.8238887369251806     
 -0.34954547273365799       -4.7538184291777492     
 -0.34953395884364746       -4.6837550485048762     
 -0.34952261328158440       -4.6136984953169149     
 -0.34951143614793895       -4.5436486699232068     
 -0.34950042754168509       -4.4736054725335697     
 -0.34948958756030002       -4.4035688032597804     
 -0.34947891629976363       -4.3335385621170692     
 -0.34946841385455774       -4.2635146490256046     
 -0.34945808031766551       -4.1934969638119863     
 -0.34944791578057072       -4.1234854062107349     
 -0.34943792033325716       -4.0534798758657828     
 -0.34942809406420816       -3.9834802723319731     
 -0.34941843706040571       -3.9134864950765444     
 -0.34940894940733019       -3.8434984434806330     
 -0.34939963118895961       -3.7735160168407638     
 -0.34939048248776894       -3.7035391143703507     
 -0.34938150338472973       -3.6335676352011896     
 -0.34937269395930964       -3.5636014783849581     
 -0.34936405428947148       -3.4936405428947150     
 -0.34935558445167325       -3.4236847276263980     
 -0.34934728452086711       -3.3537339314003241     
 -0.34933915457049919       -3.2837880529626928     
 -0.34933119467250912       -3.2138469909870842     
 -0.34932340489732910       -3.1439106440759623     
 -0.34931578531388413       -3.0739789107621807     
 -0.34930833598959093       -3.0040516895104821     
 -0.34930105699035774       -2.9341288787190050     
 -0.34929394838058386       -2.8642103767207883     
 -0.34928701022315933       -2.7942960817852747     
 -0.34928024257946422       -2.7243858921198210     
 -0.34927364550936846       -2.6544797058712009     
 -0.34926721907123143       -2.5845774211271126     
 -0.34926096332190137       -2.5146789359176900     
 -0.34925487831671514       -2.4447841482170065     
 -0.34924896410949802       -2.3748929559445866     
 -0.34924322075256292       -2.3050052569669157     
 -0.34923764829671045       -2.2351209490989472     
 -0.34923224679122833       -2.1652399301056158     
 -0.34922701628389113       -2.0953620977033469     
 -0.34922195682095997       -2.0254873495615677     
 -0.34921706844718226       -1.9556155833042206     
 -0.34921235120579119       -1.8857466965112724     
 -0.34920780513850574       -1.8158805867202301     
 -0.34920343028553019       -1.7460171514276510     
 -0.34919922668555387       -1.6761562880906586     
 -0.34919519437575103       -1.6062978941284549     
 -0.34919133339178043       -1.5364418669238340     
 -0.34918764376778522       -1.4665881038246980     
 -0.34918412553639261       -1.3967365021455704     
 -0.34918077872871378       -1.3268869591691126     
 -0.34917760337434361       -1.2570393721476372     
 -0.34917459950136043       -1.1871936383046255     
 -0.34917176713632586       -1.1173496548362429     
 -0.34916910630428477       -1.0475073189128545     
 -0.34916661702876489      -0.97766652768054185     
 -0.34916429933177684      -0.90782717826261983     
 -0.34916215323381372      -0.83798916776115306     
 -0.34916017875385147      -0.76815239325847329     
 -0.34915837590934812      -0.69831675181869624     
 -0.34915674471624425      -0.62848214048923967     
 -0.34915528518896238      -0.55864845630233995     
 -0.34915399734040731      -0.48881559627657029     
 -0.34915288118196575      -0.41898345741835896     
 -0.34915193672350636      -0.34915193672350636     
 -0.34915116397337959      -0.27932093117870371     
 -0.34915056293841779      -0.20949033776305068     
 -0.34915013362393499      -0.13966005344957402     
 -0.34914987603372699       -6.9829975206745401E-002
 -0.34914979017007125        0.0000000000000000     
 -0.34914987603372699        6.9829975206745401E-002
 -0.34915013362393499       0.13966005344957402     
 -0.34915056293841779       0.20949033776305068     
 -0.34915116397337959       0.27932093117870371     
 -0.34915193672350636       0.34915193672350636     
 -0.34915288118196575       0.41898345741835896     
 -0.34915399734040731       0.48881559627657029     
 -0.34915528518896238       0.55864845630233995     
 -0.34915674471624425       0.62848214048923967     
 -0.34915837590934812       0.69831675181869624     
 -0.34916017875385147       0.76815239325847329     
 -0.34916215323381372       0.83798916776115306     
 -0.34916429933177684       0.90782717826261983     
 -0.34916661702876489       0.97766652768054185     
 -0.34916910630428477        1.0475073189128545     
 -0.34917176713632586        1.1173496548362429     
 -0.34917459950136043        1.1871936383046255     
 -0.34917760337434361        1.2570393721476372     
 -0.34918077872871378        1.3268869591691126     
 -0.34918412553639261        1.3967365021455704     
 -0.34918764376778522        1.4665881038246980     
 -0.34919133339178043        1.5364418669238340     
 -0.34919519437575103        1.6062978941284549     
 -0.34919922668555387        1.6761562880906586     
 -0.34920343028553019        1.7460171514276510     
 -0.34920780513850574        1.8158805867202301     
 -0.34921235120579119        1.8857466965112724     
 -0.34921706844718226        1.9556155833042206     
 -0.34922195682095997        2.0254873495615677     
 -0.34922701628389113        2.0953620977033469     
 -0.34923224679122833        2.1652399301056158     
 -0.34923764829671045        2.2351209490989472     
 -0.34924322075256292        2.3050052569669157     
 -0.34924896410949802        2.3748929559445866     
 -0.34925487831671514        2.4447841482170065     
 -0.34926096332190137        2.5146789359176900     
 -0.34926721907123143        2.5845774211271126     
 -0.34927364550936846        2.6544797058712009     
 -0.34928024257946422        2.7243858921198210     
 -0.34928701022315933        2.7942960817852747     
 -0.34929394838058386        2.8642103767207883     
 -0.34930105699035774        2.9341288787190050     
 -0.34930833598959093        3.0040516895104821     
 -0.34931578531388413        3.0739789107621807     
 -0.34932340489732910        3.1439106440759623     
 -0.34933119467250912        3.2138469909870842     
 -0.34933915457049919        3.2837880529626928     
 -0.34934728452086711        3.3537339314003241     
 -0.34935558445167325        3.4236847276263980     
 -0.34936405428947148        3.4936405428947150     
 -0.34937269395930964        3.5636014783849581     
 -0.34938150338472973        3.6335676352011896     
 -0.34939048248776894        3.7035391143703507     
 -0.34939963118895961        3.7735160168407638     
 -0.34940894940733019        3.8434984434806330     
 -0.34941843706040571        3.9134864950765444     
 -0.34942809406420816        3.9834802723319731     
 -0.34943792033325716        4.0534798758657828     
 -0.34944791578057072        4.1234854062107349     
 -0.34945808031766551        4.1934969638119863     
 -0.34946841385455774        4.2635146490256046     
 -0.34947891629976363        4.3335385621170692     
 -0.34948958756030002        4.4035688032597804     
 -0.34950042754168509        4.4736054725335697     
 -0.34951143614793895        4.5436486699232068     
 -0.34952261328158440        4.6136984953169149     
 -0.34953395884364746        4.6837550485048762     
 -0.34954547273365799        4.7538184291777492     
 -0.34955715484965072        4.8238887369251806     
 -0.34956900508816552        4.8939660712343187     
 -0.34958102334424851        4.9640505314883283     
 -0.34959320951145234        5.0341422169649146     
 -0.34960556348183747        5.1042412268348274     
 -0.34961808514597237        5.1743476601603904     
 -0.34963077439293466        5.2444616158940196     
 -0.34964363111031171        5.3145831928767384     
 -0.34965665518420147        5.3847124898367031     
 -0.34966984649921329        5.4548496053877269     
 -0.34968320493846849        5.5249946380278034     
 -0.34969673038360161        5.5951476861376257     
 -0.34971042271476083        5.6653088479791256     
 -0.34972428181060894        5.7354782216939864     
 -0.34973830754832425        5.8056559053021823     
 -0.34975249980360140        5.8758419967005038     
 -0.34976685845065225        5.9460365936610895     
 -0.34978138336220677        6.0162397938299561     
 -0.34979607440951371        6.0864516947255387     
 -0.34981093146234193        6.1566723937372192     
 -0.34982595438898101        6.2269019881238625     
 -0.34984114305624214        6.2971405750123584     
 -0.34985649732945923        6.3673882513961590     
 -0.34987201707248988        6.4376451141338151     
 -0.34988770214771620        6.5079112599475213     
 -0.34990355241604576        6.5781867854216607     
 -0.34991956773691274        6.6484717870013430     
 -0.34993574796827881        6.7187663609909540     
 -0.34995209296663421        6.7890706035527044     
 -0.34996860258699869        6.8593846107051748     
 -0.34998527668292256        6.9297084783218663     
 -0.27998761202282857       -6.9296933975650061     
 -0.27997427256779511       -6.8593696779109790     
 -0.27996106469499549       -6.7890558188536403     
 -0.27994798852159025       -6.7187517245181647     
 -0.27993504416356424       -6.6484572988846500     
 -0.27992223173572606       -6.5781724457895612     
 -0.27990955135170703       -6.5078970689271882     
 -0.27989700312396065       -6.4376310718510945     
 -0.27988458716376136       -6.3673743579755708     
 -0.27987230358120430       -6.2971268305770955     
 -0.27986015248520407       -6.2268883927957903     
 -0.27984813398349417       -6.1566589476368714     
 -0.27983624818262631       -6.0864383979721222     
 -0.27982449518796948       -6.0162266465413436     
 -0.27981287510370934       -5.9460235959538235     
 -0.27980138803284743       -5.8758291486897951     
 -0.27979003407720038       -5.8056432071019071     
 -0.27977881333739946       -5.7354656734166882     
 -0.27976772591288945       -5.6652964497360108     
 -0.27975677190192838       -5.5951354380385672     
 -0.27974595140158665       -5.5249825401813357     
 -0.27973526450774616       -5.4548376579010496     
 -0.27972471131510007       -5.3847006928156755     
 -0.27971429191715169       -5.3145715464258823     
 -0.27970400640621429       -5.2444501201165172     
 -0.27969385487341003       -5.1743363151580839     
 -0.27968383740866948       -5.1042300327082177     
 -0.27967395410073120       -5.0341311738131616     
 -0.27966420503714090       -4.9640396394092496     
 -0.27965459030425077       -4.8939553303243883     
 -0.27964510998721914       -4.8238781472795296     
 -0.27963576417000974       -4.7538079908901647     
 -0.27962655293539107       -4.6837447616677998     
 -0.27961747636493595       -4.6136883600214427     
 -0.27960853453902090       -4.5436386862590892     
 -0.27959972753682566       -4.4735956405892106     
 -0.27959105543633239       -4.4035591231222355     
 -0.27958251831432557       -4.3335290338720460     
 -0.27957411624639111       -4.2635052727574632     
 -0.27956584930691586       -4.1934877396037376     
 -0.27955771756908743       -4.1234763341440388     
 -0.27954972110489323       -4.0534709560209512     
 -0.27954185998512032       -3.9834715047879645     
 -0.27953413427935481       -3.9134778799109671     
 -0.27952654405598137       -3.8434899807697436     
 -0.27951908938218278       -3.7735077066594673     
 -0.27951177032393948       -3.7035309567921981     
 -0.27950458694602914       -3.6335596302983784     
 -0.27949753931202614       -3.5635936262283328     
 -0.27949062748430120       -3.4936328435537649     
 -0.27948385152402105       -3.4236771811692579     
 -0.27947721149114785       -3.3537265378937735     
 -0.27947070744443880       -3.2837808124721559     
 -0.27946433944144594       -3.2138399035766279     
 -0.27945810753851547       -3.1439037098082983     
 -0.27945201179078755       -3.0739721296986628     
 -0.27944605225219604       -3.0040450617111065     
 -0.27944022897546777       -2.9341224042424110     
 -0.27943454201212253       -2.8642040556242558     
 -0.27942899141247263       -2.7942899141247257     
 -0.27942357722562244       -2.7243798779498185     
 -0.27941829949946817       -2.6544738452449477     
 -0.27941315828069763       -2.5845717140964526     
 -0.27940815361478966       -2.5146733825331067     
 -0.27940328554601412       -2.4447787485276233     
 -0.27939855411743131       -2.3748877099981658     
 -0.27939395937089190       -2.3050001648098584     
 -0.27938950134703666       -2.2351160107762933     
 -0.27938518008529595       -2.1652351456610437     
 -0.27938099562388974       -2.0953574671791726     
 -0.27937694799982704       -2.0254828729987455     
 -0.27937303724890600       -1.9556112607423417     
 -0.27936926340571344       -1.8857425279885656     
 -0.27936562650362479       -1.8158765722735608     
 -0.27936212657480353       -1.7460132910925217     
 -0.27935876365020140       -1.6761525819012080     
 -0.27935553775955790       -1.6062943421174580     
 -0.27935244893140032       -1.5364384691227018     
 -0.27934949719304325       -1.4665848602634770     
 -0.27934668257058870       -1.3967334128529434     
 -0.27934400508892571       -1.3268840241723971     
 -0.27934146477173033       -1.2570365914727863     
 -0.27933906164146532       -1.1871910119762275     
 -0.27933679571938019       -1.1173471828775208     
 -0.27933466702551091       -1.0475050013456659     
 -0.27933267557867975      -0.97766436452537908     
 -0.27933082139649534      -0.90782516953860981     
 -0.27932910449535231      -0.83798731348605682     
 -0.27932752489043133      -0.76815069344868614     
 -0.27932608259569913      -0.69831520648924772     
 -0.27932477762390812      -0.62848074965379319     
 -0.27932360998659644      -0.55864721997319289     
 -0.27932257969408791      -0.48881451446465379     
 -0.27932168675549202      -0.41898253013323800     
 -0.27932093117870371      -0.34915116397337959     
 -0.27932031297040344      -0.27932031297040344     
 -0.27931983213605704      -0.20948987410204276     
 -0.27931948867991585      -0.13965974433995793     
 -0.27931928260501643       -6.9829820651254107E-002
 -0.27931921391318087        0.0000000000000000     
 -0.27931928260501643        6.9829820651254107E-002
 -0.27931948867991585       0.13965974433995793     
 -0.27931983213605704       0.20948987410204276     
 -0.27932031297040344       0.27932031297040344     
 -0.27932093117870371       0.34915116397337959     
 -0.27932168675549202       0.41898253013323800     
 -0.27932257969408791       0.48881451446465379     
 -0.27932360998659644       0.55864721997319289     
 -0.27932477762390812       0.62848074965379319     
 -0.27932608259569913       0.69831520648924772     
 -0.27932752489043133       0.76815069344868614     
 -0.27932910449535231       0.83798731348605682     
 -0.27933082139649534       0.90782516953860981     
 -0.27933267557867975       0.97766436452537908     
 -0.27933466702551091        1.0475050013456659     
 -0.27933679571938019        1.1173471828775208     
 -0.27933906164146532        1.1871910119762275     
 -0.27934146477173033        1.2570365914727863     
 -0.27934400508892571        1.3268840241723971     
 -0.27934668257058870        1.3967334128529434     
 -0.27934949719304325        1.4665848602634770     
 -0.27935244893140032        1.5364384691227018     
 -0.27935553775955790        1.6062943421174580     
 -0.27935876365020140        1.6761525819012080     
 -0.27936212657480353        1.7460132910925217     
 -0.27936562650362479        1.8158765722735608     
 -0.27936926340571344        1.8857425279885656     
 -0.27937303724890600        1.9556112607423417     
 -0.27937694799982704        2.0254828729987455     
 -0.27938099562388974        2.0953574671791726     
 -0.27938518008529595        2.1652351456610437     
 -0.27938950134703666        2.2351160107762933     
 -0.27939395937089190        2.3050001648098584     
 -0.27939855411743131        2.3748877099981658     
 -0.27940328554601412        2.4447787485276233     
 -0.27940815361478966        2.5146733825331067     
 -0.27941315828069763        2.5845717140964526     
 -0.27941829949946817        2.6544738452449477     
 -0.27942357722562244        2.7243798779498185     
 -0.27942899141247263        2.7942899141247257     
 -0.27943454201212253        2.8642040556242558     
 -0.27944022897546777        2.9341224042424110     
 -0.27944605225219604        3.0040450617111065     
 -0.27945201179078755        3.0739721296986628     
 -0.27945810753851547        3.1439037098082983     
 -0.27946433944144594        3.2138399035766279     
 -0.27947070744443880        3.2837808124721559     
 -0.27947721149114785        3.3537265378937735     
 -0.27948385152402105        3.4236771811692579     
 -0.27949062748430120        3.4936328435537649     
 -0.27949753931202614        3.5635936262283328     
 -0.27950458694602914        3.6335596302983784     
 -0.27951177032393948        3.7035309567921981     
 -0.27951908938218278        3.7735077066594673     
 -0.27952654405598137        3.8434899807697436     
 -0.27953413427935481        3.9134778799109671     
 -0.27954185998512032        3.9834715047879645     
 -0.27954972110489323        4.0534709560209512     
 -0.27955771756908743        4.1234763341440388     
 -0.27956584930691586        4.1934877396037376     
 -0.27957411624639111        4.2635052727574632     
 -0.27958251831432557        4.3335290338720460     
 -0.27959105543633239        4.4035591231222355     
 -0.27959972753682566        4.4735956405892106     
 -0.27960853453902090        4.5436386862590892     
 -0.27961747636493595        4.6136883600214427     
 -0.27962655293539107        4.6837447616677998     
 -0.27963576417000974        4.7538079908901647     
 -0.27964510998721914        4.8238781472795296     
 -0.27965459030425077        4.8939553303243883     
 -0.27966420503714090        4.9640396394092496     
 -0.27967395410073120        5.0341311738131616     
 -0.27968383740866948        5.1042300327082177     
 -0.27969385487341003        5.1743363151580839     
 -0.27970400640621429        5.2444501201165172     
 -0.27971429191715169        5.3145715464258823     
 -0.27972471131510007        5.3847006928156755     
 -0.27973526450774616        5.4548376579010496     
 -0.27974595140158665        5.5249825401813357     
 -0.27975677190192838        5.5951354380385672     
 -0.27976772591288945        5.6652964497360108     
 -0.27977881333739946        5.7354656734166882     
 -0.27979003407720038        5.8056432071019071     
 -0.27980138803284743        5.8758291486897951     
 -0.27981287510370934        5.9460235959538235     
 -0.27982449518796948        6.0162266465413436     
 -0.27983624818262631        6.0864383979721222     
 -0.27984813398349417        6.1566589476368714     
 -0.27986015248520407        6.2268883927957903     
 -0.27987230358120430        6.2971268305770955     
 -0.27988458716376136        6.3673743579755708     
 -0.27989700312396065        6.4376310718510945     
 -0.27990955135170703        6.5078970689271882     
 -0.27992223173572606        6.5781724457895612     
 -0.27993504416356424        6.6484572988846500     
 -0.27994798852159025        6.7187517245181647     
 -0.27996106469499549        6.7890558188536403     
 -0.27997427256779511        6.8593696779109790     
 -0.27998761202282857        6.9296933975650061     
 -0.20999035357418422       -6.9296816679480795     
 -0.20998034887890349       -6.8593580633775151     
 -0.20997044287134020       -6.7890443195066670     
 -0.20996063563936515       -6.7187403404596848     
 -0.20995092726996745       -6.6484460302156361     
 -0.20994131784925391       -6.5781612926099555     
 -0.20993180746244849       -6.5078860313359037     
 -0.20992239619389166       -6.4376201499460119     
 -0.20991308412703980       -6.3673635518535407     
 -0.20990387134446448       -6.2971161403339346     
 -0.20989475792785217       -6.2268778185262814     
 -0.20988574395800336       -6.1566484894347662     
 -0.20987682951483222       -6.0864280559301349     
 -0.20986801467736588       -6.0162164207511557     
 -0.20985929952374396       -5.9460134865060796     
 -0.20985068413121796       -5.8758191556741028     
 -0.20984216857615079       -5.8056333306068382     
 -0.20983375293401618       -5.7354559135297762     
 -0.20982543727939817       -5.6652868065437509     
 -0.20981722168599062       -5.5951259116264165     
 -0.20980910622659660       -5.5249731306337102     
 -0.20980109097312796       -5.4548283653013270     
 -0.20979317599660485       -5.3846915172461918     
 -0.20978536136715523       -5.3145624879679323     
 -0.20977764715401417       -5.2444411788503551     
 -0.20977003342552378       -5.1743274911629191     
 -0.20976252024913228       -5.1042213260622189     
 -0.20975510769139388       -5.0341225845934536     
 -0.20974779581796815       -4.9640311676919131     
 -0.20974058469361964       -4.8939469761844583     
 -0.20973347438221732       -4.8238699107909992     
 -0.20972646494673433       -4.7537998721259775     
 -0.20971955644924731       -4.6837367606998574     
 -0.20971274895093620       -4.6136804769205968     
 -0.20970604251208366       -4.5436309210951462     
 -0.20969943719207473       -4.4735879934309279     
 -0.20969293304939643       -4.4035515940373253     
 -0.20968653014163730       -4.3335216229271705     
 -0.20968022852548701       -4.2634979800182355     
 -0.20967402825673609       -4.1934805651347222     
 -0.20966792939027537       -4.1234692780087494     
 -0.20966193198009575       -4.0534640182818515     
 -0.20965603607928779       -3.9834646855064682     
 -0.20965024174004127       -3.9134711791474368     
 -0.20964454901364493       -3.8434833985834906     
 -0.20963895795048612       -3.7735012431087500     
 -0.20963346860005042       -3.7035246119342240     
 -0.20962808101092123       -3.6335534041893016     
 -0.20962279523077965       -3.5635875189232542     
 -0.20961761130640394       -3.4936268551067324     
 -0.20961252928366933       -3.4236713116332660     
 -0.20960754920754762       -3.3537207873207620     
 -0.20960267112210698       -3.2837751809130094     
 -0.20959789507051160       -3.2138343910811780     
 -0.20959322109502135       -3.1438983164253202     
 -0.20958864923699158       -3.0739668554758768     
 -0.20958417953687278       -3.0040399066951764     
 -0.20957981203421033       -2.9341173684789448     
 -0.20957554676764428       -2.8641991391578054     
 -0.20957138377490894       -2.7942851169987861     
 -0.20956732309283285       -2.7243752002068273     
 -0.20956336475733833       -2.6544692869262856     
 -0.20955950880344132       -2.5845672752424429     
 -0.20955575526525122       -2.5146690631830149     
 -0.20955210417597048       -2.4447745487196557     
 -0.20954855556789453       -2.3748836297694713     
 -0.20954510947241156       -2.3049962041965273     
 -0.20954176592000220       -2.2351121698133571     
 -0.20953852494023942       -2.1652314243824740     
 -0.20953538656178824       -2.0953538656178825     
 -0.20953235081240570       -2.0254793911865883     
 -0.20952941771894046       -1.9556078987101109     
 -0.20952658730733273       -1.8857392857659947     
 -0.20952385960261419       -1.8158734498893232     
 -0.20952123462890765       -1.7460102885742304     
 -0.20951871240942693       -1.6761496992754155     
 -0.20951629296647686       -1.6062915794096559     
 -0.20951397632145288       -1.5364358263573212     
 -0.20951176249484113       -1.4665823374638878     
 -0.20950965150621814       -1.3967310100414543     
 -0.20950764337425082       -1.3268817413702554     
 -0.20950573811669626       -1.2570344287001778     
 -0.20950393575040169       -1.1871889692522761     
 -0.20950223629130421       -1.1173452602202893     
 -0.20950063975443090       -1.0475031987721546     
 -0.20949914615389856      -0.97766268205152662     
 -0.20949775550291369      -0.90782360717929267     
 -0.20949646781377232      -0.83798587125508928     
 -0.20949528309786009      -0.76814937135882033     
 -0.20949420136565197      -0.69831400455217318     
 -0.20949322262671233      -0.62847966788013709     
 -0.20949234688969490      -0.55864625837251980     
 -0.20949157416234254      -0.48881367304546591     
 -0.20949090445148738      -0.41898180890297476     
 -0.20949033776305068      -0.34915056293841779     
 -0.20948987410204276      -0.27931983213605704     
 -0.20948951347256306      -0.20948951347256306     
 -0.20948925587780007      -0.13965950391853341     
 -0.20948910132003129       -6.9829700440010439E-002
 -0.20948904980062319        0.0000000000000000     
 -0.20948910132003129        6.9829700440010439E-002
 -0.20948925587780007       0.13965950391853341     
 -0.20948951347256306       0.20948951347256306     
 -0.20948987410204276       0.27931983213605704     
 -0.20949033776305068       0.34915056293841779     
 -0.20949090445148738       0.41898180890297476     
 -0.20949157416234254       0.48881367304546591     
 -0.20949234688969490       0.55864625837251980     
 -0.20949322262671233       0.62847966788013709     
 -0.20949420136565197       0.69831400455217318     
 -0.20949528309786009       0.76814937135882033     
 -0.20949646781377232       0.83798587125508928     
 -0.20949775550291369       0.90782360717929267     
 -0.20949914615389856       0.97766268205152662     
 -0.20950063975443090        1.0475031987721546     
 -0.20950223629130421        1.1173452602202893     
 -0.20950393575040169        1.1871889692522761     
 -0.20950573811669626        1.2570344287001778     
 -0.20950764337425082        1.3268817413702554     
 -0.20950965150621814        1.3967310100414543     
 -0.20951176249484113        1.4665823374638878     
 -0.20951397632145288        1.5364358263573212     
 -0.20951629296647686        1.6062915794096559     
 -0.20951871240942693        1.6761496992754155     
 -0.20952123462890765        1.7460102885742304     
 -0.20952385960261419        1.8158734498893232     
 -0.20952658730733273        1.8857392857659947     
 -0.20952941771894046        1.9556078987101109     
 -0.20953235081240570        2.0254793911865883     
 -0.20953538656178824        2.0953538656178825     
 -0.20953852494023942        2.1652314243824740     
 -0.20954176592000220        2.2351121698133571     
 -0.20954510947241156        2.3049962041965273     
 -0.20954855556789453        2.3748836297694713     
 -0.20955210417597048        2.4447745487196557     
 -0.20955575526525122        2.5146690631830149     
 -0.20955950880344132        2.5845672752424429     
 -0.20956336475733833        2.6544692869262856     
 -0.20956732309283285        2.7243752002068273     
 -0.20957138377490894        2.7942851169987861     
 -0.20957554676764428        2.8641991391578054     
 -0.20957981203421033        2.9341173684789448     
 -0.20958417953687278        3.0040399066951764     
 -0.20958864923699158        3.0739668554758768     
 -0.20959322109502135        3.1438983164253202     
 -0.20959789507051160        3.2138343910811780     
 -0.20960267112210698        3.2837751809130094     
 -0.20960754920754762        3.3537207873207620     
 -0.20961252928366933        3.4236713116332660     
 -0.20961761130640394        3.4936268551067324     
 -0.20962279523077965        3.5635875189232542     
 -0.20962808101092123        3.6335534041893016     
 -0.20963346860005042        3.7035246119342240     
 -0.20963895795048612        3.7735012431087500     
 -0.20964454901364493        3.8434833985834906     
 -0.20965024174004127        3.9134711791474368     
 -0.20965603607928779        3.9834646855064682     
 -0.20966193198009575        4.0534640182818515     
 -0.20966792939027537        4.1234692780087494     
 -0.20967402825673609        4.1934805651347222     
 -0.20968022852548701        4.2634979800182355     
 -0.20968653014163730        4.3335216229271705     
 -0.20969293304939643        4.4035515940373253     
 -0.20969943719207473        4.4735879934309279     
 -0.20970604251208366        4.5436309210951462     
 -0.20971274895093620        4.6136804769205968     
 -0.20971955644924731        4.6837367606998574     
 -0.20972646494673433        4.7537998721259775     
 -0.20973347438221732        4.8238699107909992     
 -0.20974058469361964        4.8939469761844583     
 -0.20974779581796815        4.9640311676919131     
 -0.20975510769139388        5.0341225845934536     
 -0.20976252024913228        5.1042213260622189     
 -0.20977003342552378        5.1743274911629191     
 -0.20977764715401417        5.2444411788503551     
 -0.20978536136715523        5.3145624879679323     
 -0.20979317599660485        5.3846915172461918     
 -0.20980109097312796        5.4548283653013270     
 -0.20980910622659660        5.5249731306337102     
 -0.20981722168599062        5.5951259116264165     
 -0.20982543727939817        5.6652868065437509     
 -0.20983375293401618        5.7354559135297762     
 -0.20984216857615079        5.8056333306068382     
 -0.20985068413121796        5.8758191556741028     
 -0.20985929952374396        5.9460134865060796     
 -0.20986801467736588        6.0162164207511557     
 -0.20987682951483222        6.0864280559301349     
 -0.20988574395800336        6.1566484894347662     
 -0.20989475792785217        6.2268778185262814     
 -0.20990387134446448        6.2971161403339346     
 -0.20991308412703980        6.3673635518535407     
 -0.20992239619389166        6.4376201499460119     
 -0.20993180746244849        6.5078860313359037     
 -0.20994131784925391        6.5781612926099555     
 -0.20995092726996745        6.6484460302156361     
 -0.20996063563936515        6.7187403404596848     
 -0.20997044287134020        6.7890443195066670     
 -0.20998034887890349        6.8593580633775151     
 -0.20999035357418422        6.9296816679480795     
 -0.13999339978940634       -6.9296732895756126     
 -0.13998672994302583       -6.8593497672082648     
 -0.13998012588895314       -6.7890361056142279     
 -0.13997358768576906       -6.7187322089169133     
 -0.13996711539146647       -6.6484379810946566     
 -0.13996070906345015       -6.5781533259821572     
 -0.13995436875853629       -6.5078781472719367     
 -0.13994809453295201       -6.4376123485157928     
 -0.13994188644233510       -6.3673558331262470     
 -0.13993574454173355       -6.2971085043780084     
 -0.13992966888560507       -6.2268702654094259     
 -0.13992365952781693       -6.1566410192239447     
 -0.13991771652164542       -6.0864206686915745     
 -0.13991183991977543       -6.0162091165503417     
 -0.13990602977430022       -5.9460062654077595     
 -0.13990028613672104       -5.8758120177422830     
 -0.13989460905794662       -5.8056262759047836     
 -0.13988899858829296       -5.7354489421200112     
 -0.13988345477748293       -5.6652799184880580     
 -0.13987797767464591       -5.5951191069858357     
 -0.13987256732831749       -5.5249664094685400     
 -0.13986722378643907       -5.4548217276711224     
 -0.13986194709635755       -5.3846849632097644     
 -0.13985673730482506       -5.3145560175833513     
 -0.13985159445799852       -5.2444347921749435     
 -0.13984651860143943       -5.1743211882532574     
 -0.13984150978011345       -5.1042151069741406     
 -0.13983656803839023       -5.0341164493820481     
 -0.13983169342004295       -4.9640251164115243     
 -0.13982688596824813       -4.8939410088886843     
 -0.13982214572558521       -4.8238640275326894     
 -0.13981747273403641       -4.7537940729572377     
 -0.13981286703498635       -4.6837310456720429     
 -0.13980832866922177       -4.6136748460843187     
 -0.13980385767693126       -4.5436253745002650     
 -0.13979945409770497       -4.4735825311265591     
 -0.13979511797053434       -4.4035462160718319     
 -0.13979084933381192       -4.3335163293481687     
 -0.13978664822533093       -4.2634927708725927     
 -0.13978251468228520       -4.1934754404685552     
 -0.13977844874126871       -4.1234642378674264     
 -0.13977445043827552       -4.0534590627099893     
 -0.13977051980869948       -3.9834598145479347     
 -0.13976665688733386       -3.9134663928453479     
 -0.13976286170837132       -3.8434786969802111     
 -0.13975913430540352       -3.7734966262458940     
 -0.13975547471142089       -3.7035200798526531     
 -0.13975188295881258       -3.6335489569291268     
 -0.13974835907936603       -3.5635831565238330     
 -0.13974490310426688       -3.4936225776066712     
 -0.13974151506409868       -3.4236671190704175     
 -0.13973819498884277       -3.3537166797322264     
 -0.13973494290787805       -3.2837711583351337     
 -0.13973175884998068       -3.2138304535495554     
 -0.13972864284332404       -3.1438944639747906     
 -0.13972559491547845       -3.0739630881405260     
 -0.13972261509341100       -3.0040362245083361     
 -0.13971970340348538       -2.9341137714731924     
 -0.13971685987146165       -2.8641956273649636     
 -0.13971408452249617       -2.7942816904499228     
 -0.13971137738114134       -2.7243718589322556     
 -0.13970873847134546       -2.6544660309555637     
 -0.13970616781645259       -2.5845641046043726     
 -0.13970366543920235       -2.5146659779056422     
 -0.13970123136172985       -2.4447715488302726     
 -0.13969886560556544       -2.3748807152946121     
 -0.13969656819163459       -2.3049933751619709     
 -0.13969433914025786       -2.2351094262441258     
 -0.13969217847115056       -2.1652287663028336     
 -0.13969008620342285       -2.0953512930513427     
 -0.13968806235557940       -2.0254769041559011     
 -0.13968610694551942       -1.9556054972372716     
 -0.13968421999053646       -1.8857369698722419     
 -0.13968240150731831       -1.8158712195951381     
 -0.13968065151194695       -1.7460081438993367     
 -0.13967897001989829       -1.6761476402387792     
 -0.13967735704604223       -1.6062896060294856     
 -0.13967581260464249       -1.5364339386510673     
 -0.13967433670935653       -1.4665805354482435     
 -0.13967292937323542       -1.3967292937323541     
 -0.13967159060872381       -1.3268801107828760     
 -0.13967032042765978       -1.2570328838489380     
 -0.13966911884127486       -1.1871875101508360     
 -0.13966798586019383       -1.1173438868815506     
 -0.13966692149443477       -1.0475019112082606     
 -0.13966592575340891      -0.97766148027386224     
 -0.13966499864592061      -0.90782249119848379     
 -0.13966414018016726      -0.83798484108100335     
 -0.13966335036373928      -0.76814842700056596     
 -0.13966262920362005      -0.69831314601810013     
 -0.13966197670618583      -0.62847889517783617     
 -0.13966139287720578      -0.55864557150882310     
 -0.13966087772184183      -0.48881307202644630     
 -0.13966043124464872      -0.41898129373394610     
 -0.13966005344957402      -0.34915013362393499     
 -0.13965974433995793      -0.27931948867991585     
 -0.13965950391853341      -0.20948925587780007     
 -0.13965933218742613      -0.13965933218742613     
 -0.13965922914815443       -6.9829614574077215E-002
 -0.13965919480162930        0.0000000000000000     
 -0.13965922914815443        6.9829614574077215E-002
 -0.13965933218742613       0.13965933218742613     
 -0.13965950391853341       0.20948925587780007     
 -0.13965974433995793       0.27931948867991585     
 -0.13966005344957402       0.34915013362393499     
 -0.13966043124464872       0.41898129373394610     
 -0.13966087772184183       0.48881307202644630     
 -0.13966139287720578       0.55864557150882310     
 -0.13966197670618583       0.62847889517783617     
 -0.13966262920362005       0.69831314601810013     
 -0.13966335036373928       0.76814842700056596     
 -0.13966414018016726       0.83798484108100335     
 -0.13966499864592061       0.90782249119848379     
 -0.13966592575340891       0.97766148027386224     
 -0.13966692149443477        1.0475019112082606     
 -0.13966798586019383        1.1173438868815506     
 -0.13966911884127486        1.1871875101508360     
 -0.13967032042765978        1.2570328838489380     
 -0.13967159060872381        1.3268801107828760     
 -0.13967292937323542        1.3967292937323541     
 -0.13967433670935653        1.4665805354482435     
 -0.13967581260464249        1.5364339386510673     
 -0.13967735704604223        1.6062896060294856     
 -0.13967897001989829        1.6761476402387792     
 -0.13968065151194695        1.7460081438993367     
 -0.13968240150731831        1.8158712195951381     
 -0.13968421999053646        1.8857369698722419     
 -0.13968610694551942        1.9556054972372716     
 -0.13968806235557940        2.0254769041559011     
 -0.13969008620342285        2.0953512930513427     
 -0.13969217847115056        2.1652287663028336     
 -0.13969433914025786        2.2351094262441258     
 -0.13969656819163459        2.3049933751619709     
 -0.13969886560556544        2.3748807152946121     
 -0.13970123136172985        2.4447715488302726     
 -0.13970366543920235        2.5146659779056422     
 -0.13970616781645259        2.5845641046043726     
 -0.13970873847134546        2.6544660309555637     
 -0.13971137738114134        2.7243718589322556     
 -0.13971408452249617        2.7942816904499228     
 -0.13971685987146165        2.8641956273649636     
 -0.13971970340348538        2.9341137714731924     
 -0.13972261509341100        3.0040362245083361     
 -0.13972559491547845        3.0739630881405260     
 -0.13972864284332404        3.1438944639747906     
 -0.13973175884998068        3.2138304535495554     
 -0.13973494290787805        3.2837711583351337     
 -0.13973819498884277        3.3537166797322264     
 -0.13974151506409868        3.4236671190704175     
 -0.13974490310426688        3.4936225776066712     
 -0.13974835907936603        3.5635831565238330     
 -0.13975188295881258        3.6335489569291268     
 -0.13975547471142089        3.7035200798526531     
 -0.13975913430540352        3.7734966262458940     
 -0.13976286170837132        3.8434786969802111     
 -0.13976665688733386        3.9134663928453479     
 -0.13977051980869948        3.9834598145479347     
 -0.13977445043827552        4.0534590627099893     
 -0.13977844874126871        4.1234642378674264     
 -0.13978251468228520        4.1934754404685552     
 -0.13978664822533093        4.2634927708725927     
 -0.13979084933381192        4.3335163293481687     
 -0.13979511797053434        4.4035462160718319     
 -0.13979945409770497        4.4735825311265591     
 -0.13980385767693126        4.5436253745002650     
 -0.13980832866922177        4.6136748460843187     
 -0.13981286703498635        4.6837310456720429     
 -0.13981747273403641        4.7537940729572377     
 -0.13982214572558521        4.8238640275326894     
 -0.13982688596824813        4.8939410088886843     
 -0.13983169342004295        4.9640251164115243     
 -0.13983656803839023        5.0341164493820481     
 -0.13984150978011345        5.1042151069741406     
 -0.13984651860143943        5.1743211882532574     
 -0.13985159445799852        5.2444347921749435     
 -0.13985673730482506        5.3145560175833513     
 -0.13986194709635755        5.3846849632097644     
 -0.13986722378643907        5.4548217276711224     
 -0.13987256732831749        5.5249664094685400     
 -0.13987797767464591        5.5951191069858357     
 -0.13988345477748293        5.6652799184880580     
 -0.13988899858829296        5.7354489421200112     
 -0.13989460905794662        5.8056262759047836     
 -0.13990028613672104        5.8758120177422830     
 -0.13990602977430022        5.9460062654077595     
 -0.13991183991977543        6.0162091165503417     
 -0.13991771652164542        6.0864206686915745     
 -0.13992365952781693        6.1566410192239447     
 -0.13992966888560507        6.2268702654094259     
 -0.13993574454173355        6.2971085043780084     
 -0.13994188644233510        6.3673558331262470     
 -0.13994809453295201        6.4376123485157928     
 -0.13995436875853629        6.5078781472719367     
 -0.13996070906345015        6.5781533259821572     
 -0.13996711539146647        6.6484379810946566     
 -0.13997358768576906        6.7187322089169133     
 -0.13998012588895314        6.7890361056142279     
 -0.13998672994302583        6.8593497672082648     
 -0.13999339978940634        6.9296732895756126     
  -6.9996649116386547E-002  -6.9296682625222674     
  -6.9993314178338248E-002  -6.8593447894771487     
  -6.9990012136592727E-002  -6.7890311772494947     
  -6.9986743020440417E-002  -6.7187273299622792     
  -6.9983506858877859E-002  -6.6484331515933963     
  -6.9980303680607481E-002  -6.5781485459771023     
  -6.9977133514037421E-002  -6.5078734168054790     
  -6.9973996387281329E-002  -6.4376076676298819     
  -6.9970892328158146E-002  -6.3673512018623910     
  -6.9967821364191912E-002  -6.2971039227772714     
  -6.9964783522611568E-002  -6.2268657335124296     
  -6.9961778830350790E-002  -6.1566365370708684     
  -6.9958807314047744E-002  -6.0864162363221537     
  -6.9955869000044996E-002  -6.0162047340038685     
  -6.9952963914389196E-002  -5.9460019327230809     
  -6.9950092082830997E-002  -5.8758077349578040     
  -6.9947253530824857E-002  -5.8056220430584631     
  -6.9944448283528818E-002  -5.7354447592493631     
  -6.9941676365804367E-002  -5.6652757856301523     
  -6.9938937802216231E-002  -5.5951150241772973     
  -6.9936232617032260E-002  -5.5249623767455489     
  -6.9933560834223210E-002  -5.4548177450694100     
  -6.9930922477462590E-002  -5.3846810307646189     
  -6.9928317570126491E-002  -5.3145521353296132     
  -6.9925746135293440E-002  -5.2444309601470076     
  -6.9923208195744213E-002  -5.1743174064850717     
  -6.9920703773961715E-002  -5.1042113754992053     
  -6.9918232892130797E-002  -5.0341127682334168     
  -6.9915795572138090E-002  -4.9640214856218030     
  -6.9913391835571895E-002  -4.8939374284900321     
  -6.9911021703721987E-002  -4.8238604975568169     
  -6.9908685197579534E-002  -4.7537905934354079     
  -6.9906382337836859E-002  -4.6837276166350694     
  -6.9904113144887398E-002  -4.6136714675625674     
  -6.9901877638825452E-002  -4.5436220465236543     
  -6.9899675839446174E-002  -4.4735792537245551     
  -6.9897507766245329E-002  -4.4035429892734550     
  -6.9895373438419187E-002  -4.3335131531819888     
  -6.9893272874864423E-002  -4.2634896453667297     
  -6.9891206094177996E-002  -4.1934723656506794     
  -6.9889173114656922E-002  -4.1234612137647577     
  -6.9887173954298276E-002  -4.0534560893492992     
  -6.9885208630799014E-002  -3.9834568919555435     
  -6.9883277161555804E-002  -3.9134635210471247     
  -6.9881379563665011E-002  -3.8434758760015755     
  -6.9879515853922491E-002  -3.7734938561118141     
  -6.9877686048823523E-002  -3.7035173605876466     
  -6.9875890164562693E-002  -3.6335462885572594     
  -6.9874128217033746E-002  -3.5635805390687203     
  -6.9872400221829528E-002  -3.4936200110914766     
  -6.9870706194241891E-002  -3.4236646035178522     
  -6.9869046149261496E-002  -3.3537142151645511     
  -6.9867420101577815E-002  -3.2837687447741568     
  -6.9865828065578978E-002  -3.2138280910166328     
  -6.9864270055351702E-002  -3.1438921524908263     
  -6.9862746084681168E-002  -3.0739608277259713     
  -6.9861256167050953E-002  -3.0040340151831906     
  -6.9859800315642914E-002  -2.9341116132570022     
  -6.9858378543337138E-002  -2.8641935202768223     
  -6.9856990862711799E-002  -2.7942796345084715     
  -6.9855637286043132E-002  -2.7243698541556820     
  -6.9854317825305323E-002  -2.6544640773616019     
  -6.9853032492170397E-002  -2.5845622022103045     
  -6.9851781298008231E-002  -2.5146641267282961     
  -6.9850564253886360E-002  -2.4447697488860225     
  -6.9849381370569993E-002  -2.3748789665993795     
  -6.9848232658521914E-002  -2.3049916777312229     
  -6.9847118127902369E-002  -2.2351077800928758     
  -6.9846037788569099E-002  -2.1652271714456415     
  -6.9844991650077140E-002  -2.0953497495023141     
  -6.9843979721678884E-002  -2.0254754119286869     
  -6.9843002012323935E-002  -1.9556040563450698     
  -6.9842058530659099E-002  -1.8857355803277953     
  -6.9841149285028284E-002  -1.8158698814107352     
  -6.9840274283472475E-002  -1.7460068570868117     
  -6.9839433533729678E-002  -1.6761464048095120     
  -6.9838627043234847E-002  -1.6062884219944014     
  -6.9837854819119846E-002  -1.5364328060206365     
  -6.9837116868213422E-002  -1.4665794542324817     
  -6.9836413197041119E-002  -1.3967282639408223     
  -6.9835743811825279E-002  -1.3268791324246803     
  -6.9835108718484959E-002  -1.2570319569327293     
  -6.9834507922635930E-002  -1.1871866346848106     
  -6.9833941429590596E-002  -1.1173430628734495     
  -6.9833409244358005E-002  -1.0475011386653701     
  -6.9832911371643769E-002 -0.97766075920301276     
  -6.9832447815850102E-002 -0.90782182160605118     
  -6.9832018581075683E-002 -0.83798422297290820     
  -6.9831623671115756E-002 -0.76814786038227323     
  -6.9831263089461998E-002 -0.69831263089461981     
  -6.9830936839302540E-002 -0.62847843155372285     
  -6.9830644923521978E-002 -0.55864515938817583     
  -6.9830387344701275E-002 -0.48881271141290894     
  -6.9830164105117831E-002 -0.41898098463070699     
  -6.9829975206745401E-002 -0.34914987603372699     
  -6.9829820651254107E-002 -0.27931928260501643     
  -6.9829700440010439E-002 -0.20948910132003129     
  -6.9829614574077215E-002 -0.13965922914815443     
  -6.9829563054213617E-002  -6.9829563054213617E-002
  -6.9829545880875130E-002   0.0000000000000000     
  -6.9829563054213617E-002   6.9829563054213617E-002
  -6.9829614574077215E-002  0.13965922914815443     
  -6.9829700440010439E-002  0.20948910132003129     
  -6.9829820651254107E-002  0.27931928260501643     
  -6.9829975206745401E-002  0.34914987603372699     
  -6.9830164105117831E-002  0.41898098463070699     
  -6.9830387344701275E-002  0.48881271141290894     
  -6.9830644923521978E-002  0.55864515938817583     
  -6.9830936839302540E-002  0.62847843155372285     
  -6.9831263089461998E-002  0.69831263089461981     
  -6.9831623671115756E-002  0.76814786038227323     
  -6.9832018581075683E-002  0.83798422297290820     
  -6.9832447815850102E-002  0.90782182160605118     
  -6.9832911371643769E-002  0.97766075920301276     
  -6.9833409244358005E-002   1.0475011386653701     
  -6.9833941429590596E-002   1.1173430628734495     
  -6.9834507922635930E-002   1.1871866346848106     
  -6.9835108718484959E-002   1.2570319569327293     
  -6.9835743811825279E-002   1.3268791324246803     
  -6.9836413197041119E-002   1.3967282639408223     
  -6.9837116868213422E-002   1.4665794542324817     
  -6.9837854819119846E-002   1.5364328060206365     
  -6.9838627043234847E-002   1.6062884219944014     
  -6.9839433533729678E-002   1.6761464048095120     
  -6.9840274283472475E-002   1.7460068570868117     
  -6.9841149285028284E-002   1.8158698814107352     
  -6.9842058530659099E-002   1.8857355803277953     
  -6.9843002012323935E-002   1.9556040563450698     
  -6.9843979721678884E-002   2.0254754119286869     
  -6.9844991650077140E-002   2.0953497495023141     
  -6.9846037788569099E-002   2.1652271714456415     
  -6.9847118127902369E-002   2.2351077800928758     
  -6.9848232658521914E-002   2.3049916777312229     
  -6.9849381370569993E-002   2.3748789665993795     
  -6.9850564253886360E-002   2.4447697488860225     
  -6.9851781298008231E-002   2.5146641267282961     
  -6.9853032492170397E-002   2.5845622022103045     
  -6.9854317825305323E-002   2.6544640773616019     
  -6.9855637286043132E-002   2.7243698541556820     
  -6.9856990862711799E-002   2.7942796345084715     
  -6.9858378543337138E-002   2.8641935202768223     
  -6.9859800315642914E-002   2.9341116132570022     
  -6.9861256167050953E-002   3.0040340151831906     
  -6.9862746084681168E-002   3.0739608277259713     
  -6.9864270055351702E-002   3.1438921524908263     
  -6.9865828065578978E-002   3.2138280910166328     
  -6.9867420101577815E-002   3.2837687447741568     
  -6.9869046149261496E-002   3.3537142151645511     
  -6.9870706194241891E-002   3.4236646035178522     
  -6.9872400221829528E-002   3.4936200110914766     
  -6.9874128217033746E-002   3.5635805390687203     
  -6.9875890164562693E-002   3.6335462885572594     
  -6.9877686048823523E-002   3.7035173605876466     
  -6.9879515853922491E-002   3.7734938561118141     
  -6.9881379563665011E-002   3.8434758760015755     
  -6.9883277161555804E-002   3.9134635210471247     
  -6.9885208630799014E-002   3.9834568919555435     
  -6.9887173954298276E-002   4.0534560893492992     
  -6.9889173114656922E-002   4.1234612137647577     
  -6.9891206094177996E-002   4.1934723656506794     
  -6.9893272874864423E-002   4.2634896453667297     
  -6.9895373438419187E-002   4.3335131531819888     
  -6.9897507766245329E-002   4.4035429892734550     
  -6.9899675839446174E-002   4.4735792537245551     
  -6.9901877638825452E-002   4.5436220465236543     
  -6.9904113144887398E-002   4.6136714675625674     
  -6.9906382337836859E-002   4.6837276166350694     
  -6.9908685197579534E-002   4.7537905934354079     
  -6.9911021703721987E-002   4.8238604975568169     
  -6.9913391835571895E-002   4.8939374284900321     
  -6.9915795572138090E-002   4.9640214856218030     
  -6.9918232892130797E-002   5.0341127682334168     
  -6.9920703773961715E-002   5.1042113754992053     
  -6.9923208195744213E-002   5.1743174064850717     
  -6.9925746135293440E-002   5.2444309601470076     
  -6.9928317570126491E-002   5.3145521353296132     
  -6.9930922477462590E-002   5.3846810307646189     
  -6.9933560834223210E-002   5.4548177450694100     
  -6.9936232617032260E-002   5.5249623767455489     
  -6.9938937802216231E-002   5.5951150241772973     
  -6.9941676365804367E-002   5.6652757856301523     
  -6.9944448283528818E-002   5.7354447592493631     
  -6.9947253530824857E-002   5.8056220430584631     
  -6.9950092082830997E-002   5.8758077349578040     
  -6.9952963914389196E-002   5.9460019327230809     
  -6.9955869000044996E-002   6.0162047340038685     
  -6.9958807314047744E-002   6.0864162363221537     
  -6.9961778830350790E-002   6.1566365370708684     
  -6.9964783522611568E-002   6.2268657335124296     
  -6.9967821364191912E-002   6.2971039227772714     
  -6.9970892328158146E-002   6.3673512018623910     
  -6.9973996387281329E-002   6.4376076676298819     
  -6.9977133514037421E-002   6.5078734168054790     
  -6.9980303680607481E-002   6.5781485459771023     
  -6.9983506858877859E-002   6.6484331515933963     
  -6.9986743020440417E-002   6.7187273299622792     
  -6.9990012136592727E-002   6.7890311772494947     
  -6.9993314178338248E-002   6.8593447894771487     
  -6.9996649116386547E-002   6.9296682625222674     
   0.0000000000000000       -7.0000000000000000     
   0.0000000000000000       -6.9296665868328420     
   0.0000000000000000       -6.8593431302285151     
   0.0000000000000000       -6.7890295344563718     
   0.0000000000000000       -6.7187257036392394     
   0.0000000000000000       -6.6484315417548636     
   0.0000000000000000       -6.5781469526373542     
   0.0000000000000000       -6.5078718399786473     
   0.0000000000000000       -6.4376061073299491     
   0.0000000000000000       -6.3673496581031923     
   0.0000000000000000       -6.2971023955724954     
   0.0000000000000000       -6.2268642228756166     
   0.0000000000000000       -6.1566350430154122     
   0.0000000000000000       -6.0864147588612987     
   0.0000000000000000       -6.0162032731507127     
   0.0000000000000000       -5.9460004884905739     
   0.0000000000000000       -5.8758063073587463     
   0.0000000000000000       -5.8056206321055077     
   0.0000000000000000       -5.7354433649550156     
   0.0000000000000000       -5.6652744080067690     
   0.0000000000000000       -5.5951136632370870     
   0.0000000000000000       -5.5249610325005696     
   0.0000000000000000       -5.4548164175315748     
   0.0000000000000000       -5.3846797199456891     
   0.0000000000000000       -5.3145508412412026     
   0.0000000000000000       -5.2444296828005807     
   0.0000000000000000       -5.1743161458919440     
   0.0000000000000000       -5.1042101316705457     
   0.0000000000000000       -5.0341115411802413     
   0.0000000000000000       -4.9640202753549820     
   0.0000000000000000       -4.8939362350202833     
   0.0000000000000000       -4.8238593208947114     
   0.0000000000000000       -4.7537894335913666     
   0.0000000000000000       -4.6837264736193642     
   0.0000000000000000       -4.6136703413853200     
   0.0000000000000000       -4.5436209371948362     
   0.0000000000000000       -4.4735781612539904     
   0.0000000000000000       -4.4035419136708160     
   0.0000000000000000       -4.3335120944567986     
   0.0000000000000000       -4.2634886035283621     
   0.0000000000000000       -4.1934713407083581     
   0.0000000000000000       -4.1234602057275556     
   0.0000000000000000       -4.0534550982261406     
   0.0000000000000000       -3.9834559177552009     
   0.0000000000000000       -3.9134625637782219     
   0.0000000000000000       -3.8434749356725852     
   0.0000000000000000       -3.7734929327310596     
   0.0000000000000000       -3.7035164541633003     
   0.0000000000000000       -3.6335453990973434     
   0.0000000000000000       -3.5635796665811061     
   0.0000000000000000       -3.4936191555838851     
   0.0000000000000000       -3.4236637649978547     
   0.0000000000000000       -3.3537133936395671     
   0.0000000000000000       -3.2837679402514559     
   0.0000000000000000       -3.2138273035033338     
   0.0000000000000000       -3.1438913819938969     
   0.0000000000000000       -3.0739600742522288     
   0.0000000000000000       -3.0040332787393016     
   0.0000000000000000       -2.9341108938494820     
   0.0000000000000000       -2.8641928179120355     
   0.0000000000000000       -2.7942789491926319     
   0.0000000000000000       -2.7243691858948518     
   0.0000000000000000       -2.6544634261616933     
   0.0000000000000000       -2.5845615680770777     
   0.0000000000000000       -2.5146635096673604     
   0.0000000000000000       -2.4447691489028363     
   0.0000000000000000       -2.3748783836992495     
   0.0000000000000000       -2.3049911119193047     
   0.0000000000000000       -2.2351072313741742     
   0.0000000000000000       -2.1652266398250095     
   0.0000000000000000       -2.0953492349844538     
   0.0000000000000000       -2.0254749145181488     
   0.0000000000000000       -1.9556035760462529     
   0.0000000000000000       -1.8857351171449472     
   0.0000000000000000       -1.8158694353479523     
   0.0000000000000000       -1.7460064281480387     
   0.0000000000000000       -1.6761459929985421     
   0.0000000000000000       -1.6062880273148763     
   0.0000000000000000       -1.5364324284760464     
   0.0000000000000000       -1.4665790938261651     
   0.0000000000000000       -1.3967279206759662     
   0.0000000000000000       -1.3268788063043202     
   0.0000000000000000       -1.2570316479597488     
   0.0000000000000000       -1.1871863428619420     
   0.0000000000000000       -1.1173427882032729     
   0.0000000000000000       -1.0475008811503139     
   0.0000000000000000      -0.97766051884535443     
   0.0000000000000000      -0.90782159840791588     
   0.0000000000000000      -0.83798401693626912     
   0.0000000000000000      -0.76814767150895236     
   0.0000000000000000      -0.69831245918628693     
   0.0000000000000000      -0.62847827701189618     
   0.0000000000000000      -0.55864502201422184     
   0.0000000000000000      -0.48881259120804216     
   0.0000000000000000      -0.41898088159599023     
   0.0000000000000000      -0.34914979017007125     
   0.0000000000000000      -0.27931921391318087     
   0.0000000000000000      -0.20948904980062319     
   0.0000000000000000      -0.13965919480162930     
   0.0000000000000000       -6.9829545880875130E-002
   0.0000000000000000        0.0000000000000000     
   0.0000000000000000        6.9829545880875130E-002
   0.0000000000000000       0.13965919480162930     
   0.0000000000000000       0.20948904980062319     
   0.0000000000000000       0.27931921391318087     
   0.0000000000000000       0.34914979017007125     
   0.0000000000000000       0.41898088159599023     
   0.0000000000000000       0.48881259120804216     
   0.0000000000000000       0.55864502201422184     
   0.0000000000000000       0.62847827701189618     
   0.0000000000000000       0.69831245918628693     
   0.0000000000000000       0.76814767150895236     
   0.0000000000000000       0.83798401693626912     
   0.0000000000000000       0.90782159840791588     
   0.0000000000000000       0.97766051884535443     
   0.0000000000000000        1.0475008811503139     
   0.0000000000000000        1.1173427882032729     
   0.0000000000000000        1.1871863428619420     
   0.0000000000000000        1.2570316479597488     
   0.0000000000000000        1.3268788063043202     
   0.0000000000000000        1.3967279206759662     
   0.0000000000000000        1.4665790938261651     
   0.0000000000000000        1.5364324284760464     
   0.0000000000000000        1.6062880273148763     
   0.0000000000000000        1.6761459929985421     
   0.0000000000000000        1.7460064281480387     
   0.0000000000000000        1.8158694353479523     
   0.0000000000000000        1.8857351171449472     
   0.0000000000000000        1.9556035760462529     
   0.0000000000000000        2.0254749145181488     
   0.0000000000000000        2.0953492349844538     
   0.0000000000000000        2.1652266398250095     
   0.0000000000000000        2.2351072313741742     
   0.0000000000000000        2.3049911119193047     
   0.0000000000000000        2.3748783836992495     
   0.0000000000000000        2.4447691489028363     
   0.0000000000000000        2.5146635096673604     
   0.0000000000000000        2.5845615680770777     
   0.0000000000000000        2.6544634261616933     
   0.0000000000000000        2.7243691858948518     
   0.0000000000000000        2.7942789491926319     
   0.0000000000000000        2.8641928179120355     
   0.0000000000000000        2.9341108938494820     
   0.0000000000000000        3.0040332787393016     
   0.0000000000000000        3.0739600742522288     
   0.0000000000000000        3.1438913819938969     
   0.0000000000000000        3.2138273035033338     
   0.0000000000000000        3.2837679402514559     
   0.0000000000000000        3.3537133936395671     
   0.0000000000000000        3.4236637649978547     
   0.0000000000000000        3.4936191555838851     
   0.0000000000000000        3.5635796665811061     
   0.0000000000000000        3.6335453990973434     
   0.0000000000000000        3.7035164541633003     
   0.0000000000000000        3.7734929327310596     
   0.0000000000000000        3.8434749356725852     
   0.0000000000000000        3.9134625637782219     
   0.0000000000000000        3.9834559177552009     
   0.0000000000000000        4.0534550982261406     
   0.0000000000000000        4.1234602057275556     
   0.0000000000000000        4.1934713407083581     
   0.0000000000000000        4.2634886035283621     
   0.0000000000000000        4.3335120944567986     
   0.0000000000000000        4.4035419136708160     
   0.0000000000000000        4.4735781612539904     
   0.0000000000000000        4.5436209371948362     
   0.0000000000000000        4.6136703413853200     
   0.0000000000000000        4.6837264736193642     
   0.0000000000000000        4.7537894335913666     
   0.0000000000000000        4.8238593208947114     
   0.0000000000000000        4.8939362350202833     
   0.0000000000000000        4.9640202753549820     
   0.0000000000000000        5.0341115411802413     
   0.0000000000000000        5.1042101316705457     
   0.0000000000000000        5.1743161458919440     
   0.0000000000000000        5.2444296828005807     
   0.0000000000000000        5.3145508412412026     
   0.0000000000000000        5.3846797199456891     
   0.0000000000000000        5.4548164175315748     
   0.0000000000000000        5.5249610325005696     
   0.0000000000000000        5.5951136632370870     
   0.0000000000000000        5.6652744080067690     
   0.0000000000000000        5.7354433649550156     
   0.0000000000000000        5.8056206321055077     
   0.0000000000000000        5.8758063073587463     
   0.0000000000000000        5.9460004884905739     
   0.0000000000000000        6.0162032731507127     
   0.0000000000000000        6.0864147588612987     
   0.0000000000000000        6.1566350430154122     
   0.0000000000000000        6.2268642228756166     
   0.0000000000000000        6.2971023955724954     
   0.0000000000000000        6.3673496581031923     
   0.0000000000000000        6.4376061073299491     
   0.0000000000000000        6.5078718399786473     
   0.0000000000000000        6.5781469526373542     
   0.0000000000000000        6.6484315417548636     
   0.0000000000000000        6.7187257036392394     
   0.0000000000000000        6.7890295344563718     
   0.0000000000000000        6.8593431302285151     
   0.0000000000000000        6.9296665868328420     
   0.0000000000000000        7.0000000000000000     
   6.9996649116386547E-002  -6.9296682625222674     
   6.9993314178338248E-002  -6.8593447894771487     
   6.9990012136592727E-002  -6.7890311772494947     
   6.9986743020440417E-002  -6.7187273299622792     
   6.9983506858877859E-002  -6.6484331515933963     
   6.9980303680607481E-002  -6.5781485459771023     
   6.9977133514037421E-002  -6.5078734168054790     
   6.9973996387281329E-002  -6.4376076676298819     
   6.9970892328158146E-002  -6.3673512018623910     
   6.9967821364191912E-002  -6.2971039227772714     
   6.9964783522611568E-002  -6.2268657335124296     
   6.9961778830350790E-002  -6.1566365370708684     
   6.9958807314047744E-002  -6.0864162363221537     
   6.9955869000044996E-002  -6.0162047340038685     
   6.9952963914389196E-002  -5.9460019327230809     
   6.9950092082830997E-002  -5.8758077349578040     
   6.9947253530824857E-002  -5.8056220430584631     
   6.9944448283528818E-002  -5.7354447592493631     
   6.9941676365804367E-002  -5.6652757856301523     
   6.9938937802216231E-002  -5.5951150241772973     
   6.9936232617032260E-002  -5.5249623767455489     
   6.9933560834223210E-002  -5.4548177450694100     
   6.9930922477462590E-002  -5.3846810307646189     
   6.9928317570126491E-002  -5.3145521353296132     
   6.9925746135293440E-002  -5.2444309601470076     
   6.9923208195744213E-002  -5.1743174064850717     
   6.9920703773961715E-002  -5.1042113754992053     
   6.9918232892130797E-002  -5.0341127682334168     
   6.9915795572138090E-002  -4.9640214856218030     
   6.9913391835571895E-002  -4.8939374284900321     
   6.9911021703721987E-002  -4.8238604975568169     
   6.9908685197579534E-002  -4.7537905934354079     
   6.9906382337836859E-002  -4.6837276166350694     
   6.9904113144887398E-002  -4.6136714675625674     
   6.9901877638825452E-002  -4.5436220465236543     
   6.9899675839446174E-002  -4.4735792537245551     
   6.9897507766245329E-002  -4.4035429892734550     
   6.9895373438419187E-002  -4.3335131531819888     
   6.9893272874864423E-002  -4.2634896453667297     
   6.9891206094177996E-002  -4.1934723656506794     
   6.9889173114656922E-002  -4.1234612137647577     
   6.9887173954298276E-002  -4.0534560893492992     
   6.9885208630799014E-002  -3.9834568919555435     
   6.9883277161555804E-002  -3.9134635210471247     
   6.9881379563665011E-002  -3.8434758760015755     
   6.9879515853922491E-002  -3.7734938561118141     
   6.9877686048823523E-002  -3.7035173605876466     
   6.9875890164562693E-002  -3.6335462885572594     
   6.9874128217033746E-002  -3.5635805390687203     
   6.9872400221829528E-002  -3.4936200110914766     
   6.9870706194241891E-002  -3.4236646035178522     
   6.9869046149261496E-002  -3.3537142151645511     
   6.9867420101577815E-002  -3.2837687447741568     
   6.9865828065578978E-002  -3.2138280910166328     
   6.9864270055351702E-002  -3.1438921524908263     
   6.9862746084681168E-002  -3.0739608277259713     
   6.9861256167050953E-002  -3.0040340151831906     
   6.9859800315642914E-002  -2.9341116132570022     
   6.9858378543337138E-002  -2.8641935202768223     
   6.9856990862711799E-002  -2.7942796345084715     
   6.9855637286043132E-002  -2.7243698541556820     
   6.9854317825305323E-002  -2.6544640773616019     
   6.9853032492170397E-002  -2.5845622022103045     
   6.9851781298008231E-002  -2.5146641267282961     
   6.9850564253886360E-002  -2.4447697488860225     
   6.9849381370569993E-002  -2.3748789665993795     
   6.9848232658521914E-002  -2.3049916777312229     
   6.9847118127902369E-002  -2.2351077800928758     
   6.9846037788569099E-002  -2.1652271714456415     
   6.9844991650077140E-002  -2.0953497495023141     
   6.9843979721678884E-002  -2.0254754119286869     
   6.9843002012323935E-002  -1.9556040563450698     
   6.9842058530659099E-002  -1.8857355803277953     
   6.9841149285028284E-002  -1.8158698814107352     
   6.9840274283472475E-002  -1.7460068570868117     
   6.9839433533729678E-002  -1.6761464048095120     
   6.9838627043234847E-002  -1.6062884219944014     
   6.9837854819119846E-002  -1.5364328060206365     
   6.9837116868213422E-002  -1.4665794542324817     
   6.9836413197041119E-002  -1.3967282639408223     
   6.9835743811825279E-002  -1.3268791324246803     
   6.9835108718484959E-002  -1.2570319569327293     
   6.9834507922635930E-002  -1.1871866346848106     
   6.9833941429590596E-002  -1.1173430628734495     
   6.9833409244358005E-002  -1.0475011386653701     
   6.9832911371643769E-002 -0.97766075920301276     
   6.9832447815850102E-002 -0.90782182160605118     
   6.9832018581075683E-002 -0.83798422297290820     
   6.9831623671115756E-002 -0.76814786038227323     
   6.9831263089461998E-002 -0.69831263089461981     
   6.9830936839302540E-002 -0.62847843155372285     
   6.9830644923521978E-002 -0.55864515938817583     
   6.9830387344701275E-002 -0.48881271141290894     
   6.9830164105117831E-002 -0.41898098463070699     
   6.9829975206745401E-002 -0.34914987603372699     
   6.9829820651254107E-002 -0.27931928260501643     
   6.9829700440010439E-002 -0.20948910132003129     
   6.9829614574077215E-002 -0.13965922914815443     
   6.9829563054213617E-002  -6.9829563054213617E-002
   6.9829545880875130E-002   0.0000000000000000     
   6.9829563054213617E-002   6.9829563054213617E-002
   6.9829614574077215E-002  0.13965922914815443     
   6.9829700440010439E-002  0.20948910132003129     
   6.9829820651254107E-002  0.27931928260501643     
   6.9829975206745401E-002  0.34914987603372699     
   6.9830164105117831E-002  0.41898098463070699     
   6.9830387344701275E-002  0.48881271141290894     
   6.9830644923521978E-002  0.55864515938817583     
   6.9830936839302540E-002  0.62847843155372285     
   6.9831263089461998E-002  0.69831263089461981     
   6.9831623671115756E-002  0.76814786038227323     
   6.9832018581075683E-002  0.83798422297290820     
   6.9832447815850102E-002  0.90782182160605118     
   6.9832911371643769E-002  0.97766075920301276     
   6.9833409244358005E-002   1.0475011386653701     
   6.9833941429590596E-002   1.1173430628734495     
   6.9834507922635930E-002   1.1871866346848106     
   6.9835108718484959E-002   1.2570319569327293     
   6.9835743811825279E-002   1.3268791324246803     
   6.9836413197041119E-002   1.3967282639408223     
   6.9837116868213422E-002   1.4665794542324817     
   6.9837854819119846E-002   1.5364328060206365     
   6.9838627043234847E-002   1.6062884219944014     
   6.9839433533729678E-002   1.6761464048095120     
   6.9840274283472475E-002   1.7460068570868117     
   6.9841149285028284E-002   1.8158698814107352     
   6.9842058530659099E-002   1.8857355803277953     
   6.9843002012323935E-002   1.9556040563450698     
   6.9843979721678884E-002   2.0254754119286869     
   6.9844991650077140E-002   2.0953497495023141     
   6.9846037788569099E-002   2.1652271714456415     
   6.9847118127902369E-002   2.2351077800928758     
   6.9848232658521914E-002   2.3049916777312229     
   6.9849381370569993E-002   2.3748789665993795     
   6.9850564253886360E-002   2.4447697488860225     
   6.9851781298008231E-002   2.5146641267282961     
   6.9853032492170397E-002   2.5845622022103045     
   6.9854317825305323E-002   2.6544640773616019     
   6.9855637286043132E-002   2.7243698541556820     
   6.9856990862711799E-002   2.7942796345084715     
   6.9858378543337138E-002   2.8641935202768223     
   6.9859800315642914E-002   2.9341116132570022     
   6.9861256167050953E-002   3.0040340151831906     
   6.9862746084681168E-002   3.0739608277259713     
   6.9864270055351702E-002   3.1438921524908263     
   6.9865828065578978E-002   3.2138280910166328     
   6.9867420101577815E-002   3.2837687447741568     
   6.9869046149261496E-002   3.3537142151645511     
   6.9870706194241891E-002   3.4236646035178522     
   6.9872400221829528E-002   3.4936200110914766     
   6.9874128217033746E-002   3.5635805390687203     
   6.9875890164562693E-002   3.6335462885572594     
   6.9877686048823523E-002   3.7035173605876466     
   6.9879515853922491E-002   3.7734938561118141     
   6.9881379563665011E-002   3.8434758760015755     
   6.9883277161555804E-002   3.9134635210471247     
   6.9885208630799014E-002   3.9834568919555435     
   6.9887173954298276E-002   4.0534560893492992     
   6.9889173114656922E-002   4.1234612137647577     
   6.9891206094177996E-002   4.1934723656506794     
   6.9893272874864423E-002   4.2634896453667297     
   6.9895373438419187E-002   4.3335131531819888     
   6.9897507766245329E-002   4.4035429892734550     
   6.9899675839446174E-002   4.4735792537245551     
   6.9901877638825452E-002   4.5436220465236543     
   6.9904113144887398E-002   4.6136714675625674     
   6.9906382337836859E-002   4.6837276166350694     
   6.9908685197579534E-002   4.7537905934354079     
   6.9911021703721987E-002   4.8238604975568169     
   6.9913391835571895E-002   4.8939374284900321     
   6.9915795572138090E-002   4.9640214856218030     
   6.9918232892130797E-002   5.0341127682334168     
   6.9920703773961715E-002   5.1042113754992053     
   6.9923208195744213E-002   5.1743174064850717     
   6.9925746135293440E-002   5.2444309601470076     
   6.9928317570126491E-002   5.3145521353296132     
   6.9930922477462590E-002   5.3846810307646189     
   6.9933560834223210E-002   5.4548177450694100     
   6.9936232617032260E-002   5.5249623767455489     
   6.9938937802216231E-002   5.5951150241772973     
   6.9941676365804367E-002   5.6652757856301523     
   6.9944448283528818E-002   5.7354447592493631     
   6.9947253530824857E-002   5.8056220430584631     
   6.9950092082830997E-002   5.8758077349578040     
   6.9952963914389196E-002   5.9460019327230809     
   6.9955869000044996E-002   6.0162047340038685     
   6.9958807314047744E-002   6.0864162363221537     
   6.9961778830350790E-002   6.1566365370708684     
   6.9964783522611568E-002   6.2268657335124296     
   6.9967821364191912E-002   6.2971039227772714     
   6.9970892328158146E-002   6.3673512018623910     
   6.9973996387281329E-002   6.4376076676298819     
   6.9977133514037421E-002   6.5078734168054790     
   6.9980303680607481E-002   6.5781485459771023     
   6.9983506858877859E-002   6.6484331515933963     
   6.9986743020440417E-002   6.7187273299622792     
   6.9990012136592727E-002   6.7890311772494947     
   6.9993314178338248E-002   6.8593447894771487     
   6.9996649116386547E-002   6.9296682625222674     
  0.13999339978940634       -6.9296732895756126     
  0.13998672994302583       -6.8593497672082648     
  0.13998012588895314       -6.7890361056142279     
  0.13997358768576906       -6.7187322089169133     
  0.13996711539146647       -6.6484379810946566     
  0.13996070906345015       -6.5781533259821572     
  0.13995436875853629       -6.5078781472719367     
  0.13994809453295201       -6.4376123485157928     
  0.13994188644233510       -6.3673558331262470     
  0.13993574454173355       -6.2971085043780084     
  0.13992966888560507       -6.2268702654094259     
  0.13992365952781693       -6.1566410192239447     
  0.13991771652164542       -6.0864206686915745     
  0.13991183991977543       -6.0162091165503417     
  0.13990602977430022       -5.9460062654077595     
  0.13990028613672104       -5.8758120177422830     
  0.13989460905794662       -5.8056262759047836     
  0.13988899858829296       -5.7354489421200112     
  0.13988345477748293       -5.6652799184880580     
  0.13987797767464591       -5.5951191069858357     
  0.13987256732831749       -5.5249664094685400     
  0.13986722378643907       -5.4548217276711224     
  0.13986194709635755       -5.3846849632097644     
  0.13985673730482506       -5.3145560175833513     
  0.13985159445799852       -5.2444347921749435     
  0.13984651860143943       -5.1743211882532574     
  0.13984150978011345       -5.1042151069741406     
  0.13983656803839023       -5.0341164493820481     
  0.13983169342004295       -4.9640251164115243     
  0.13982688596824813       -4.8939410088886843     
  0.13982214572558521       -4.8238640275326894     
  0.13981747273403641       -4.7537940729572377     
  0.13981286703498635       -4.6837310456720429     
  0.13980832866922177       -4.6136748460843187     
  0.13980385767693126       -4.5436253745002650     
  0.13979945409770497       -4.4735825311265591     
  0.13979511797053434       -4.4035462160718319     
  0.13979084933381192       -4.3335163293481687     
  0.13978664822533093       -4.2634927708725927     
  0.13978251468228520       -4.1934754404685552     
  0.13977844874126871       -4.1234642378674264     
  0.13977445043827552       -4.0534590627099893     
  0.13977051980869948       -3.9834598145479347     
  0.13976665688733386       -3.9134663928453479     
  0.13976286170837132       -3.8434786969802111     
  0.13975913430540352       -3.7734966262458940     
  0.13975547471142089       -3.7035200798526531     
  0.13975188295881258       -3.6335489569291268     
  0.13974835907936603       -3.5635831565238330     
  0.13974490310426688       -3.4936225776066712     
  0.13974151506409868       -3.4236671190704175     
  0.13973819498884277       -3.3537166797322264     
  0.13973494290787805       -3.2837711583351337     
  0.13973175884998068       -3.2138304535495554     
  0.13972864284332404       -3.1438944639747906     
  0.13972559491547845       -3.0739630881405260     
  0.13972261509341100       -3.0040362245083361     
  0.13971970340348538       -2.9341137714731924     
  0.13971685987146165       -2.8641956273649636     
  0.13971408452249617       -2.7942816904499228     
  0.13971137738114134       -2.7243718589322556     
  0.13970873847134546       -2.6544660309555637     
  0.13970616781645259       -2.5845641046043726     
  0.13970366543920235       -2.5146659779056422     
  0.13970123136172985       -2.4447715488302726     
  0.13969886560556544       -2.3748807152946121     
  0.13969656819163459       -2.3049933751619709     
  0.13969433914025786       -2.2351094262441258     
  0.13969217847115056       -2.1652287663028336     
  0.13969008620342285       -2.0953512930513427     
  0.13968806235557940       -2.0254769041559011     
  0.13968610694551942       -1.9556054972372716     
  0.13968421999053646       -1.8857369698722419     
  0.13968240150731831       -1.8158712195951381     
  0.13968065151194695       -1.7460081438993367     
  0.13967897001989829       -1.6761476402387792     
  0.13967735704604223       -1.6062896060294856     
  0.13967581260464249       -1.5364339386510673     
  0.13967433670935653       -1.4665805354482435     
  0.13967292937323542       -1.3967292937323541     
  0.13967159060872381       -1.3268801107828760     
  0.13967032042765978       -1.2570328838489380     
  0.13966911884127486       -1.1871875101508360     
  0.13966798586019383       -1.1173438868815506     
  0.13966692149443477       -1.0475019112082606     
  0.13966592575340891      -0.97766148027386224     
  0.13966499864592061      -0.90782249119848379     
  0.13966414018016726      -0.83798484108100335     
  0.13966335036373928      -0.76814842700056596     
  0.13966262920362005      -0.69831314601810013     
  0.13966197670618583      -0.62847889517783617     
  0.13966139287720578      -0.55864557150882310     
  0.13966087772184183      -0.48881307202644630     
  0.13966043124464872      -0.41898129373394610     
  0.13966005344957402      -0.34915013362393499     
  0.13965974433995793      -0.27931948867991585     
  0.13965950391853341      -0.20948925587780007     
  0.13965933218742613      -0.13965933218742613     
  0.13965922914815443       -6.9829614574077215E-002
  0.13965919480162930        0.0000000000000000     
  0.13965922914815443        6.9829614574077215E-002
  0.13965933218742613       0.13965933218742613     
  0.13965950391853341       0.20948925587780007     
  0.13965974433995793       0.27931948867991585     
  0.13966005344957402       0.34915013362393499     
  0.13966043124464872       0.41898129373394610     
  0.13966087772184183       0.48881307202644630     
  0.13966139287720578       0.55864557150882310     
  0.13966197670618583       0.62847889517783617     
  0.13966262920362005       0.69831314601810013     
  0.13966335036373928       0.76814842700056596     
  0.13966414018016726       0.83798484108100335     
  0.13966499864592061       0.90782249119848379     
  0.13966592575340891       0.97766148027386224     
  0.13966692149443477        1.0475019112082606     
  0.13966798586019383        1.1173438868815506     
  0.13966911884127486        1.1871875101508360     
  0.13967032042765978        1.2570328838489380     
  0.13967159060872381        1.3268801107828760     
  0.13967292937323542        1.3967292937323541     
  0.13967433670935653        1.4665805354482435     
  0.13967581260464249        1.5364339386510673     
  0.13967735704604223        1.6062896060294856     
  0.13967897001989829        1.6761476402387792     
  0.13968065151194695        1.7460081438993367     
  0.13968240150731831        1.8158712195951381     
  0.13968421999053646        1.8857369698722419     
  0.13968610694551942        1.9556054972372716     
  0.13968806235557940        2.0254769041559011     
  0.13969008620342285        2.0953512930513427     
  0.13969217847115056        2.1652287663028336     
  0.13969433914025786        2.2351094262441258     
  0.13969656819163459        2.3049933751619709     
  0.13969886560556544        2.3748807152946121     
  0.13970123136172985        2.4447715488302726     
  0.13970366543920235        2.5146659779056422     
  0.13970616781645259        2.5845641046043726     
  0.13970873847134546        2.6544660309555637     
  0.13971137738114134        2.7243718589322556     
  0.13971408452249617        2.7942816904499228     
  0.13971685987146165        2.8641956273649636     
  0.13971970340348538        2.9341137714731924     
  0.13972261509341100        3.0040362245083361     
  0.13972559491547845        3.0739630881405260     
  0.13972864284332404        3.1438944639747906     
  0.13973175884998068        3.2138304535495554     
  0.13973494290787805        3.2837711583351337     
  0.13973819498884277        3.3537166797322264     
  0.13974151506409868        3.4236671190704175     
  0.13974490310426688        3.4936225776066712     
  0.13974835907936603        3.5635831565238330     
  0.13975188295881258        3.6335489569291268     
  0.13975547471142089        3.7035200798526531     
  0.13975913430540352        3.7734966262458940     
  0.13976286170837132        3.8434786969802111     
  0.13976665688733386        3.9134663928453479     
  0.13977051980869948        3.9834598145479347     
  0.13977445043827552        4.0534590627099893     
  0.13977844874126871        4.1234642378674264     
  0.13978251468228520        4.1934754404685552     
  0.13978664822533093        4.2634927708725927     
  0.13979084933381192        4.3335163293481687     
  0.13979511797053434        4.4035462160718319     
  0.13979945409770497        4.4735825311265591     
  0.13980385767693126        4.5436253745002650     
  0.13980832866922177        4.6136748460843187     
  0.13981286703498635        4.6837310456720429     
  0.13981747273403641        4.7537940729572377     
  0.13982214572558521        4.8238640275326894     
  0.13982688596824813        4.8939410088886843     
  0.13983169342004295        4.9640251164115243     
  0.13983656803839023        5.0341164493820481     
  0.13984150978011345        5.1042151069741406     
  0.13984651860143943        5.1743211882532574     
  0.13985159445799852        5.2444347921749435     
  0.13985673730482506        5.3145560175833513     
  0.13986194709635755        5.3846849632097644     
  0.13986722378643907        5.4548217276711224     
  0.13987256732831749        5.5249664094685400     
  0.13987797767464591        5.5951191069858357     
  0.13988345477748293        5.6652799184880580     
  0.13988899858829296        5.7354489421200112     
  0.13989460905794662        5.8056262759047836     
  0.13990028613672104        5.8758120177422830     
  0.13990602977430022        5.9460062654077595     
  0.13991183991977543        6.0162091165503417     
  0.13991771652164542        6.0864206686915745     
  0.13992365952781693        6.1566410192239447     
  0.13992966888560507        6.2268702654094259     
  0.13993574454173355        6.2971085043780084     
  0.13994188644233510        6.3673558331262470     
  0.13994809453295201        6.4376123485157928     
  0.13995436875853629        6.5078781472719367     
  0.13996070906345015        6.5781533259821572     
  0.13996711539146647        6.6484379810946566     
  0.13997358768576906        6.7187322089169133     
  0.13998012588895314        6.7890361056142279     
  0.13998672994302583        6.8593497672082648     
  0.13999339978940634        6.9296732895756126     
  0.20999035357418422       -6.9296816679480795     
  0.20998034887890349       -6.8593580633775151     
  0.20997044287134020       -6.7890443195066670     
  0.20996063563936515       -6.7187403404596848     
  0.20995092726996745       -6.6484460302156361     
  0.20994131784925391       -6.5781612926099555     
  0.20993180746244849       -6.5078860313359037     
  0.20992239619389166       -6.4376201499460119     
  0.20991308412703980       -6.3673635518535407     
  0.20990387134446448       -6.2971161403339346     
  0.20989475792785217       -6.2268778185262814     
  0.20988574395800336       -6.1566484894347662     
  0.20987682951483222       -6.0864280559301349     
  0.20986801467736588       -6.0162164207511557     
  0.20985929952374396       -5.9460134865060796     
  0.20985068413121796       -5.8758191556741028     
  0.20984216857615079       -5.8056333306068382     
  0.20983375293401618       -5.7354559135297762     
  0.20982543727939817       -5.6652868065437509     
  0.20981722168599062       -5.5951259116264165     
  0.20980910622659660       -5.5249731306337102     
  0.20980109097312796       -5.4548283653013270     
  0.20979317599660485       -5.3846915172461918     
  0.20978536136715523       -5.3145624879679323     
  0.20977764715401417       -5.2444411788503551     
  0.20977003342552378       -5.1743274911629191     
  0.20976252024913228       -5.1042213260622189     
  0.20975510769139388       -5.0341225845934536     
  0.20974779581796815       -4.9640311676919131     
  0.20974058469361964       -4.8939469761844583     
  0.20973347438221732       -4.8238699107909992     
  0.20972646494673433       -4.7537998721259775     
  0.20971955644924731       -4.6837367606998574     
  0.20971274895093620       -4.6136804769205968     
  0.20970604251208366       -4.5436309210951462     
  0.20969943719207473       -4.4735879934309279     
  0.20969293304939643       -4.4035515940373253     
  0.20968653014163730       -4.3335216229271705     
  0.20968022852548701       -4.2634979800182355     
  0.20967402825673609       -4.1934805651347222     
  0.20966792939027537       -4.1234692780087494     
  0.20966193198009575       -4.0534640182818515     
  0.20965603607928779       -3.9834646855064682     
  0.20965024174004127       -3.9134711791474368     
  0.20964454901364493       -3.8434833985834906     
  0.20963895795048612       -3.7735012431087500     
  0.20963346860005042       -3.7035246119342240     
  0.20962808101092123       -3.6335534041893016     
  0.20962279523077965       -3.5635875189232542     
  0.20961761130640394       -3.4936268551067324     
  0.20961252928366933       -3.4236713116332660     
  0.20960754920754762       -3.3537207873207620     
  0.20960267112210698       -3.2837751809130094     
  0.20959789507051160       -3.2138343910811780     
  0.20959322109502135       -3.1438983164253202     
  0.20958864923699158       -3.0739668554758768     
  0.20958417953687278       -3.0040399066951764     
  0.20957981203421033       -2.9341173684789448     
  0.20957554676764428       -2.8641991391578054     
  0.20957138377490894       -2.7942851169987861     
  0.20956732309283285       -2.7243752002068273     
  0.20956336475733833       -2.6544692869262856     
  0.20955950880344132       -2.5845672752424429     
  0.20955575526525122       -2.5146690631830149     
  0.20955210417597048       -2.4447745487196557     
  0.20954855556789453       -2.3748836297694713     
  0.20954510947241156       -2.3049962041965273     
  0.20954176592000220       -2.2351121698133571     
  0.20953852494023942       -2.1652314243824740     
  0.20953538656178824       -2.0953538656178825     
  0.20953235081240570       -2.0254793911865883     
  0.20952941771894046       -1.9556078987101109     
  0.20952658730733273       -1.8857392857659947     
  0.20952385960261419       -1.8158734498893232     
  0.20952123462890765       -1.7460102885742304     
  0.20951871240942693       -1.6761496992754155     
  0.20951629296647686       -1.6062915794096559     
  0.20951397632145288       -1.5364358263573212     
  0.20951176249484113       -1.4665823374638878     
  0.20950965150621814       -1.3967310100414543     
  0.20950764337425082       -1.3268817413702554     
  0.20950573811669626       -1.2570344287001778     
  0.20950393575040169       -1.1871889692522761     
  0.20950223629130421       -1.1173452602202893     
  0.20950063975443090       -1.0475031987721546     
  0.20949914615389856      -0.97766268205152662     
  0.20949775550291369      -0.90782360717929267     
  0.20949646781377232      -0.83798587125508928     
  0.20949528309786009      -0.76814937135882033     
  0.20949420136565197      -0.69831400455217318     
  0.20949322262671233      -0.62847966788013709     
  0.20949234688969490      -0.55864625837251980     
  0.20949157416234254      -0.48881367304546591     
  0.20949090445148738      -0.41898180890297476     
  0.20949033776305068      -0.34915056293841779     
  0.20948987410204276      -0.27931983213605704     
  0.20948951347256306      -0.20948951347256306     
  0.20948925587780007      -0.13965950391853341     
  0.20948910132003129       -6.9829700440010439E-002
  0.20948904980062319        0.0000000000000000     
  0.20948910132003129        6.9829700440010439E-002
  0.20948925587780007       0.13965950391853341     
  0.20948951347256306       0.20948951347256306     
  0.20948987410204276       0.27931983213605704     
  0.20949033776305068       0.34915056293841779     
  0.20949090445148738       0.41898180890297476     
  0.20949157416234254       0.48881367304546591     
  0.20949234688969490       0.55864625837251980     
  0.20949322262671233       0.62847966788013709     
  0.20949420136565197       0.69831400455217318     
  0.20949528309786009       0.76814937135882033     
  0.20949646781377232       0.83798587125508928     
  0.20949775550291369       0.90782360717929267     
  0.20949914615389856       0.97766268205152662     
  0.20950063975443090        1.0475031987721546     
  0.20950223629130421        1.1173452602202893     
  0.20950393575040169        1.1871889692522761     
  0.20950573811669626        1.2570344287001778     
  0.20950764337425082        1.3268817413702554     
  0.20950965150621814        1.3967310100414543     
  0.20951176249484113        1.4665823374638878     
  0.20951397632145288        1.5364358263573212     
  0.20951629296647686        1.6062915794096559     
  0.20951871240942693        1.6761496992754155     
  0.20952123462890765        1.7460102885742304     
  0.20952385960261419        1.8158734498893232     
  0.20952658730733273        1.8857392857659947     
  0.20952941771894046        1.9556078987101109     
  0.20953235081240570        2.0254793911865883     
  0.20953538656178824        2.0953538656178825     
  0.20953852494023942        2.1652314243824740     
  0.20954176592000220        2.2351121698133571     
  0.20954510947241156        2.3049962041965273     
  0.20954855556789453        2.3748836297694713     
  0.20955210417597048        2.4447745487196557     
  0.20955575526525122        2.5146690631830149     
  0.20955950880344132        2.5845672752424429     
  0.20956336475733833        2.6544692869262856     
  0.20956732309283285        2.7243752002068273     
  0.20957138377490894        2.7942851169987861     
  0.20957554676764428        2.8641991391578054     
  0.20957981203421033        2.9341173684789448     
  0.20958417953687278        3.0040399066951764     
  0.20958864923699158        3.0739668554758768     
  0.20959322109502135        3.1438983164253202     
  0.20959789507051160        3.2138343910811780     
  0.20960267112210698        3.2837751809130094     
  0.20960754920754762        3.3537207873207620     
  0.20961252928366933        3.4236713116332660     
  0.20961761130640394        3.4936268551067324     
  0.20962279523077965        3.5635875189232542     
  0.20962808101092123        3.6335534041893016     
  0.20963346860005042        3.7035246119342240     
  0.20963895795048612        3.7735012431087500     
  0.20964454901364493        3.8434833985834906     
  0.20965024174004127        3.9134711791474368     
  0.20965603607928779        3.9834646855064682     
  0.20966193198009575        4.0534640182818515     
  0.20966792939027537        4.1234692780087494     
  0.20967402825673609        4.1934805651347222     
  0.20968022852548701        4.2634979800182355     
  0.20968653014163730        4.3335216229271705     
  0.20969293304939643        4.4035515940373253     
  0.20969943719207473        4.4735879934309279     
  0.20970604251208366        4.5436309210951462     
  0.20971274895093620        4.6136804769205968     
  0.20971955644924731        4.6837367606998574     
  0.20972646494673433        4.7537998721259775     
  0.20973347438221732        4.8238699107909992     
  0.20974058469361964        4.8939469761844583     
  0.20974779581796815        4.9640311676919131     
  0.20975510769139388        5.0341225845934536     
  0.20976252024913228        5.1042213260622189     
  0.20977003342552378        5.1743274911629191     
  0.20977764715401417        5.2444411788503551     
  0.20978536136715523        5.3145624879679323     
  0.20979317599660485        5.3846915172461918     
  0.20980109097312796        5.4548283653013270     
  0.20980910622659660        5.5249731306337102     
  0.20981722168599062        5.5951259116264165     
  0.20982543727939817        5.6652868065437509     
  0.20983375293401618        5.7354559135297762     
  0.20984216857615079        5.8056333306068382     
  0.20985068413121796        5.8758191556741028     
  0.20985929952374396        5.9460134865060796     
  0.20986801467736588        6.0162164207511557     
  0.20987682951483222        6.0864280559301349     
  0.20988574395800336        6.1566484894347662     
  0.20989475792785217        6.2268778185262814     
  0.20990387134446448        6.2971161403339346     
  0.20991308412703980        6.3673635518535407     
  0.20992239619389166        6.4376201499460119     
  0.20993180746244849        6.5078860313359037     
  0.20994131784925391        6.5781612926099555     
  0.20995092726996745        6.6484460302156361     
  0.20996063563936515        6.7187403404596848     
  0.20997044287134020        6.7890443195066670     
  0.20998034887890349        6.8593580633775151     
  0.20999035357418422        6.9296816679480795     
  0.27998761202282857       -6.9296933975650061     
  0.27997427256779511       -6.8593696779109790     
  0.27996106469499549       -6.7890558188536403     
  0.27994798852159025       -6.7187517245181647     
  0.27993504416356424       -6.6484572988846500     
  0.27992223173572606       -6.5781724457895612     
  0.27990955135170703       -6.5078970689271882     
  0.27989700312396065       -6.4376310718510945     
  0.27988458716376136       -6.3673743579755708     
  0.27987230358120430       -6.2971268305770955     
  0.27986015248520407       -6.2268883927957903     
  0.27984813398349417       -6.1566589476368714     
  0.27983624818262631       -6.0864383979721222     
  0.27982449518796948       -6.0162266465413436     
  0.27981287510370934       -5.9460235959538235     
  0.27980138803284743       -5.8758291486897951     
  0.27979003407720038       -5.8056432071019071     
  0.27977881333739946       -5.7354656734166882     
  0.27976772591288945       -5.6652964497360108     
  0.27975677190192838       -5.5951354380385672     
  0.27974595140158665       -5.5249825401813357     
  0.27973526450774616       -5.4548376579010496     
  0.27972471131510007       -5.3847006928156755     
  0.27971429191715169       -5.3145715464258823     
  0.27970400640621429       -5.2444501201165172     
  0.27969385487341003       -5.1743363151580839     
  0.27968383740866948       -5.1042300327082177     
  0.27967395410073120       -5.0341311738131616     
  0.27966420503714090       -4.9640396394092496     
  0.27965459030425077       -4.8939553303243883     
  0.27964510998721914       -4.8238781472795296     
  0.27963576417000974       -4.7538079908901647     
  0.27962655293539107       -4.6837447616677998     
  0.27961747636493595       -4.6136883600214427     
  0.27960853453902090       -4.5436386862590892     
  0.27959972753682566       -4.4735956405892106     
  0.27959105543633239       -4.4035591231222355     
  0.27958251831432557       -4.3335290338720460     
  0.27957411624639111       -4.2635052727574632     
  0.27956584930691586       -4.1934877396037376     
  0.27955771756908743       -4.1234763341440388     
  0.27954972110489323       -4.0534709560209512     
  0.27954185998512032       -3.9834715047879645     
  0.27953413427935481       -3.9134778799109671     
  0.27952654405598137       -3.8434899807697436     
  0.27951908938218278       -3.7735077066594673     
  0.27951177032393948       -3.7035309567921981     
  0.27950458694602914       -3.6335596302983784     
  0.27949753931202614       -3.5635936262283328     
  0.27949062748430120       -3.4936328435537649     
  0.27948385152402105       -3.4236771811692579     
  0.27947721149114785       -3.3537265378937735     
  0.27947070744443880       -3.2837808124721559     
  0.27946433944144594       -3.2138399035766279     
  0.27945810753851547       -3.1439037098082983     
  0.27945201179078755       -3.0739721296986628     
  0.27944605225219604       -3.0040450617111065     
  0.27944022897546777       -2.9341224042424110     
  0.27943454201212253       -2.8642040556242558     
  0.27942899141247263       -2.7942899141247257     
  0.27942357722562244       -2.7243798779498185     
  0.27941829949946817       -2.6544738452449477     
  0.27941315828069763       -2.5845717140964526     
  0.27940815361478966       -2.5146733825331067     
  0.27940328554601412       -2.4447787485276233     
  0.27939855411743131       -2.3748877099981658     
  0.27939395937089190       -2.3050001648098584     
  0.27938950134703666       -2.2351160107762933     
  0.27938518008529595       -2.1652351456610437     
  0.27938099562388974       -2.0953574671791726     
  0.27937694799982704       -2.0254828729987455     
  0.27937303724890600       -1.9556112607423417     
  0.27936926340571344       -1.8857425279885656     
  0.27936562650362479       -1.8158765722735608     
  0.27936212657480353       -1.7460132910925217     
  0.27935876365020140       -1.6761525819012080     
  0.27935553775955790       -1.6062943421174580     
  0.27935244893140032       -1.5364384691227018     
  0.27934949719304325       -1.4665848602634770     
  0.27934668257058870       -1.3967334128529434     
  0.27934400508892571       -1.3268840241723971     
  0.27934146477173033       -1.2570365914727863     
  0.27933906164146532       -1.1871910119762275     
  0.27933679571938019       -1.1173471828775208     
  0.27933466702551091       -1.0475050013456659     
  0.27933267557867975      -0.97766436452537908     
  0.27933082139649534      -0.90782516953860981     
  0.27932910449535231      -0.83798731348605682     
  0.27932752489043133      -0.76815069344868614     
  0.27932608259569913      -0.69831520648924772     
  0.27932477762390812      -0.62848074965379319     
  0.27932360998659644      -0.55864721997319289     
  0.27932257969408791      -0.48881451446465379     
  0.27932168675549202      -0.41898253013323800     
  0.27932093117870371      -0.34915116397337959     
  0.27932031297040344      -0.27932031297040344     
  0.27931983213605704      -0.20948987410204276     
  0.27931948867991585      -0.13965974433995793     
  0.27931928260501643       -6.9829820651254107E-002
  0.27931921391318087        0.0000000000000000     
  0.27931928260501643        6.9829820651254107E-002
  0.27931948867991585       0.13965974433995793     
  0.27931983213605704       0.20948987410204276     
  0.27932031297040344       0.27932031297040344     
  0.27932093117870371       0.34915116397337959     
  0.27932168675549202       0.41898253013323800     
  0.27932257969408791       0.48881451446465379     
  0.27932360998659644       0.55864721997319289     
  0.27932477762390812       0.62848074965379319     
  0.27932608259569913       0.69831520648924772     
  0.27932752489043133       0.76815069344868614     
  0.27932910449535231       0.83798731348605682     
  0.27933082139649534       0.90782516953860981     
  0.27933267557867975       0.97766436452537908     
  0.27933466702551091        1.0475050013456659     
  0.27933679571938019        1.1173471828775208     
  0.27933906164146532        1.1871910119762275     
  0.27934146477173033        1.2570365914727863     
  0.27934400508892571        1.3268840241723971     
  0.27934668257058870        1.3967334128529434     
  0.27934949719304325        1.4665848602634770     
  0.27935244893140032        1.5364384691227018     
  0.27935553775955790        1.6062943421174580     
  0.27935876365020140        1.6761525819012080     
  0.27936212657480353        1.7460132910925217     
  0.27936562650362479        1.8158765722735608     
  0.27936926340571344        1.8857425279885656     
  0.27937303724890600        1.9556112607423417     
  0.27937694799982704        2.0254828729987455     
  0.27938099562388974        2.0953574671791726     
  0.27938518008529595        2.1652351456610437     
  0.27938950134703666        2.2351160107762933     
  0.27939395937089190        2.3050001648098584     
  0.27939855411743131        2.3748877099981658     
  0.27940328554601412        2.4447787485276233     
  0.27940815361478966        2.5146733825331067     
  0.27941315828069763        2.5845717140964526     
  0.27941829949946817        2.6544738452449477     
  0.27942357722562244        2.7243798779498185     
  0.27942899141247263        2.7942899141247257     
  0.27943454201212253        2.8642040556242558     
  0.27944022897546777        2.9341224042424110     
  0.27944605225219604        3.0040450617111065     
  0.27945201179078755        3.0739721296986628     
  0.27945810753851547        3.1439037098082983     
  0.27946433944144594        3.2138399035766279     
  0.27947070744443880        3.2837808124721559     
  0.27947721149114785        3.3537265378937735     
  0.27948385152402105        3.4236771811692579     
  0.27949062748430120        3.4936328435537649     
  0.27949753931202614        3.5635936262283328     
  0.27950458694602914        3.6335596302983784     
  0.27951177032393948        3.7035309567921981     
  0.27951908938218278        3.7735077066594673     
  0.27952654405598137        3.8434899807697436     
  0.27953413427935481        3.9134778799109671     
  0.27954185998512032        3.9834715047879645     
  0.27954972110489323        4.0534709560209512     
  0.27955771756908743        4.1234763341440388     
  0.27956584930691586        4.1934877396037376     
  0.27957411624639111        4.2635052727574632     
  0.27958251831432557        4.3335290338720460     
  0.27959105543633239        4.4035591231222355     
  0.27959972753682566        4.4735956405892106     
  0.27960853453902090        4.5436386862590892     
  0.27961747636493595        4.6136883600214427     
  0.27962655293539107        4.6837447616677998     
  0.27963576417000974        4.7538079908901647     
  0.27964510998721914        4.8238781472795296     
  0.27965459030425077        4.8939553303243883     
  0.27966420503714090        4.9640396394092496     
  0.27967395410073120        5.0341311738131616     
  0.27968383740866948        5.1042300327082177     
  0.27969385487341003        5.1743363151580839     
  0.27970400640621429        5.2444501201165172     
  0.27971429191715169        5.3145715464258823     
  0.27972471131510007        5.3847006928156755     
  0.27973526450774616        5.4548376579010496     
  0.27974595140158665        5.5249825401813357     
  0.27975677190192838        5.5951354380385672     
  0.27976772591288945        5.6652964497360108     
  0.27977881333739946        5.7354656734166882     
  0.27979003407720038        5.8056432071019071     
  0.27980138803284743        5.8758291486897951     
  0.27981287510370934        5.9460235959538235     
  0.27982449518796948        6.0162266465413436     
  0.27983624818262631        6.0864383979721222     
  0.27984813398349417        6.1566589476368714     
  0.27986015248520407        6.2268883927957903     
  0.27987230358120430        6.2971268305770955     
  0.27988458716376136        6.3673743579755708     
  0.27989700312396065        6.4376310718510945     
  0.27990955135170703        6.5078970689271882     
  0.27992223173572606        6.5781724457895612     
  0.27993504416356424        6.6484572988846500     
  0.27994798852159025        6.7187517245181647     
  0.27996106469499549        6.7890558188536403     
  0.27997427256779511        6.8593696779109790     
  0.27998761202282857        6.9296933975650061     
  0.34998527668292256       -6.9297084783218663     
  0.34996860258699869       -6.8593846107051748     
  0.34995209296663421       -6.7890706035527044     
  0.34993574796827881       -6.7187663609909540     
  0.34991956773691274       -6.6484717870013430     
  0.34990355241604576       -6.5781867854216607     
  0.34988770214771620       -6.5079112599475213     
  0.34987201707248988       -6.4376451141338151     
  0.34985649732945923       -6.3673882513961590     
  0.34984114305624214       -6.2971405750123584     
  0.34982595438898101       -6.2269019881238625     
  0.34981093146234193       -6.1566723937372192     
  0.34979607440951371       -6.0864516947255387     
  0.34978138336220677       -6.0162397938299561     
  0.34976685845065225       -5.9460365936610895     
  0.34975249980360140       -5.8758419967005038     
  0.34973830754832425       -5.8056559053021823     
  0.34972428181060894       -5.7354782216939864     
  0.34971042271476083       -5.6653088479791256     
  0.34969673038360161       -5.5951476861376257     
  0.34968320493846849       -5.5249946380278034     
  0.34966984649921329       -5.4548496053877269     
  0.34965665518420147       -5.3847124898367031     
  0.34964363111031171       -5.3145831928767384     
  0.34963077439293466       -5.2444616158940196     
  0.34961808514597237       -5.1743476601603904     
  0.34960556348183747       -5.1042412268348274     
  0.34959320951145234       -5.0341422169649146     
  0.34958102334424851       -4.9640505314883283     
  0.34956900508816552       -4.8939660712343187     
  0.34955715484965072       -4.8238887369251806     
  0.34954547273365799       -4.7538184291777492     
  0.34953395884364746       -4.6837550485048762     
  0.34952261328158440       -4.6136984953169149     
  0.34951143614793895       -4.5436486699232068     
  0.34950042754168509       -4.4736054725335697     
  0.34948958756030002       -4.4035688032597804     
  0.34947891629976363       -4.3335385621170692     
  0.34946841385455774       -4.2635146490256046     
  0.34945808031766551       -4.1934969638119863     
  0.34944791578057072       -4.1234854062107349     
  0.34943792033325716       -4.0534798758657828     
  0.34942809406420816       -3.9834802723319731     
  0.34941843706040571       -3.9134864950765444     
  0.34940894940733019       -3.8434984434806330     
  0.34939963118895961       -3.7735160168407638     
  0.34939048248776894       -3.7035391143703507     
  0.34938150338472973       -3.6335676352011896     
  0.34937269395930964       -3.5636014783849581     
  0.34936405428947148       -3.4936405428947150     
  0.34935558445167325       -3.4236847276263980     
  0.34934728452086711       -3.3537339314003241     
  0.34933915457049919       -3.2837880529626928     
  0.34933119467250912       -3.2138469909870842     
  0.34932340489732910       -3.1439106440759623     
  0.34931578531388413       -3.0739789107621807     
  0.34930833598959093       -3.0040516895104821     
  0.34930105699035774       -2.9341288787190050     
  0.34929394838058386       -2.8642103767207883     
  0.34928701022315933       -2.7942960817852747     
  0.34928024257946422       -2.7243858921198210     
  0.34927364550936846       -2.6544797058712009     
  0.34926721907123143       -2.5845774211271126     
  0.34926096332190137       -2.5146789359176900     
  0.34925487831671514       -2.4447841482170065     
  0.34924896410949802       -2.3748929559445866     
  0.34924322075256292       -2.3050052569669157     
  0.34923764829671045       -2.2351209490989472     
  0.34923224679122833       -2.1652399301056158     
  0.34922701628389113       -2.0953620977033469     
  0.34922195682095997       -2.0254873495615677     
  0.34921706844718226       -1.9556155833042206     
  0.34921235120579119       -1.8857466965112724     
  0.34920780513850574       -1.8158805867202301     
  0.34920343028553019       -1.7460171514276510     
  0.34919922668555387       -1.6761562880906586     
  0.34919519437575103       -1.6062978941284549     
  0.34919133339178043       -1.5364418669238340     
  0.34918764376778522       -1.4665881038246980     
  0.34918412553639261       -1.3967365021455704     
  0.34918077872871378       -1.3268869591691126     
  0.34917760337434361       -1.2570393721476372     
  0.34917459950136043       -1.1871936383046255     
  0.34917176713632586       -1.1173496548362429     
  0.34916910630428477       -1.0475073189128545     
  0.34916661702876489      -0.97766652768054185     
  0.34916429933177684      -0.90782717826261983     
  0.34916215323381372      -0.83798916776115306     
  0.34916017875385147      -0.76815239325847329     
  0.34915837590934812      -0.69831675181869624     
  0.34915674471624425      -0.62848214048923967     
  0.34915528518896238      -0.55864845630233995     
  0.34915399734040731      -0.48881559627657029     
  0.34915288118196575      -0.41898345741835896     
  0.34915193672350636      -0.34915193672350636     
  0.34915116397337959      -0.27932093117870371     
  0.34915056293841779      -0.20949033776305068     
  0.34915013362393499      -0.13966005344957402     
  0.34914987603372699       -6.9829975206745401E-002
  0.34914979017007125        0.0000000000000000     
  0.34914987603372699        6.9829975206745401E-002
  0.34915013362393499       0.13966005344957402     
  0.34915056293841779       0.20949033776305068     
  0.34915116397337959       0.27932093117870371     
  0.34915193672350636       0.34915193672350636     
  0.34915288118196575       0.41898345741835896     
  0.34915399734040731       0.48881559627657029     
  0.34915528518896238       0.55864845630233995     
  0.34915674471624425       0.62848214048923967     
  0.34915837590934812       0.69831675181869624     
  0.34916017875385147       0.76815239325847329     
  0.34916215323381372       0.83798916776115306     
  0.34916429933177684       0.90782717826261983     
  0.34916661702876489       0.97766652768054185     
  0.34916910630428477        1.0475073189128545     
  0.34917176713632586        1.1173496548362429     
  0.34917459950136043        1.1871936383046255     
  0.34917760337434361        1.2570393721476372     
  0.34918077872871378        1.3268869591691126     
  0.34918412553639261        1.3967365021455704     
  0.34918764376778522        1.4665881038246980     
  0.34919133339178043        1.5364418669238340     
  0.34919519437575103        1.6062978941284549     
  0.34919922668555387        1.6761562880906586     
  0.34920343028553019        1.7460171514276510     
  0.34920780513850574        1.8158805867202301     
  0.34921235120579119        1.8857466965112724     
  0.34921706844718226        1.9556155833042206     
  0.34922195682095997        2.0254873495615677     
  0.34922701628389113        2.0953620977033469     
  0.34923224679122833        2.1652399301056158     
  0.34923764829671045        2.2351209490989472     
  0.34924322075256292        2.3050052569669157     
  0.34924896410949802        2.3748929559445866     
  0.34925487831671514        2.4447841482170065     
  0.34926096332190137        2.5146789359176900     
  0.34926721907123143        2.5845774211271126     
  0.34927364550936846        2.6544797058712009     
  0.34928024257946422        2.7243858921198210     
  0.34928701022315933        2.7942960817852747     
  0.34929394838058386        2.8642103767207883     
  0.34930105699035774        2.9341288787190050     
  0.34930833598959093        3.0040516895104821     
  0.34931578531388413        3.0739789107621807     
  0.34932340489732910        3.1439106440759623     
  0.34933119467250912        3.2138469909870842     
  0.34933915457049919        3.2837880529626928     
  0.34934728452086711        3.3537339314003241     
  0.34935558445167325        3.4236847276263980     
  0.34936405428947148        3.4936405428947150     
  0.34937269395930964        3.5636014783849581     
  0.34938150338472973        3.6335676352011896     
  0.34939048248776894        3.7035391143703507     
  0.34939963118895961        3.7735160168407638     
  0.34940894940733019        3.8434984434806330     
  0.34941843706040571        3.9134864950765444     
  0.34942809406420816        3.9834802723319731     
  0.34943792033325716        4.0534798758657828     
  0.34944791578057072        4.1234854062107349     
  0.34945808031766551        4.1934969638119863     
  0.34946841385455774        4.2635146490256046     
  0.34947891629976363        4.3335385621170692     
  0.34948958756030002        4.4035688032597804     
  0.34950042754168509        4.4736054725335697     
  0.34951143614793895        4.5436486699232068     
  0.34952261328158440        4.6136984953169149     
  0.34953395884364746        4.6837550485048762     
  0.34954547273365799        4.7538184291777492     
  0.34955715484965072        4.8238887369251806     
  0.34956900508816552        4.8939660712343187     
  0.34958102334424851        4.9640505314883283     
  0.34959320951145234        5.0341422169649146     
  0.34960556348183747        5.1042412268348274     
  0.34961808514597237        5.1743476601603904     
  0.34963077439293466        5.2444616158940196     
  0.34964363111031171        5.3145831928767384     
  0.34965665518420147        5.3847124898367031     
  0.34966984649921329        5.4548496053877269     
  0.34968320493846849        5.5249946380278034     
  0.34969673038360161        5.5951476861376257     
  0.34971042271476083        5.6653088479791256     
  0.34972428181060894        5.7354782216939864     
  0.34973830754832425        5.8056559053021823     
  0.34975249980360140        5.8758419967005038     
  0.34976685845065225        5.9460365936610895     
  0.34978138336220677        6.0162397938299561     
  0.34979607440951371        6.0864516947255387     
  0.34981093146234193        6.1566723937372192     
  0.34982595438898101        6.2269019881238625     
  0.34984114305624214        6.2971405750123584     
  0.34985649732945923        6.3673882513961590     
  0.34987201707248988        6.4376451141338151     
  0.34988770214771620        6.5079112599475213     
  0.34990355241604576        6.5781867854216607     
  0.34991956773691274        6.6484717870013430     
  0.34993574796827881        6.7187663609909540     
  0.34995209296663421        6.7890706035527044     
  0.34996860258699869        6.8593846107051748     
  0.34998527668292256        6.9297084783218663     
  0.41998344909601648       -6.9297269100842716     
  0.41996344050777862       -6.8594028616270517     
  0.41994362928693713       -6.7890886734721505     
  0.41992401560923021       -6.7187842497476833     
  0.41990459964863280       -6.6484894944366868     
  0.41988538157735539       -6.5782043113785678     
  0.41986636156584256       -6.5079286042705595     
  0.41984753978277212       -6.4376622766691733     
  0.41982891639505360       -6.3674052319916461     
  0.41981049156782718       -6.2971573735174076     
  0.41979226546446258       -6.2269186043895290     
  0.41977423824655791       -6.1566888276161835     
  0.41975641007393838       -6.0864679460721067     
  0.41973878110465535       -6.0162558625000599     
  0.41972135149498507       -5.9460524795122884     
  0.41970412139942770       -5.8758576995919878     
  0.41968709097070622       -5.8056714250947694     
  0.41967026035976529       -5.7354935582501261     
  0.41965362971577014       -5.6653240011628974     
  0.41963719918610576       -5.5951626558147431     
  0.41962096891637557       -5.5250094240656118     
  0.41960493905040069       -5.4548642076552092     
  0.41958910973021868       -5.3847269082044731     
  0.41957348109608283       -5.3145974272170493     
  0.41955805328646090       -5.2444756660807617     
  0.41954282643803431       -5.1743615260690898     
  0.41952780068569723       -5.1042549083426501     
  0.41951297616255551       -5.0341557139506659     
  0.41949835299992583       -4.9640638438324558     
  0.41948393132733497       -4.8939791988189087     
  0.41946971127251853       -4.8239016796339635     
  0.41945569296142032       -4.7538311868960967     
  0.41944187651819154       -4.6837676211198058     
  0.41942826206518968       -4.6137108827170863     
  0.41941484972297788       -4.5436608719989264     
  0.41940163961032401       -4.4736174891767906     
  0.41938863184420000       -4.4035806343641006     
  0.41937582653978078       -4.3335502075777343     
  0.41936322381044366       -4.2635261087395104     
  0.41935082376776761       -4.1935082376776762     
  0.41933862652153231       -4.1234964941284007     
  0.41932663217971755       -4.0534907777372693     
  0.41931484084850251       -3.9834909880607743     
  0.41930325263226487       -3.9134970245678056     
  0.41929186763358028       -3.8435087866411526     
  0.41928068595322149       -3.7735261735789933     
  0.41926970769015787       -3.7035490845963945     
  0.41925893294155453       -3.6335774188268064     
  0.41924836180277192       -3.5636110753235610     
  0.41923799436736475       -3.4936499530613734     
  0.41922783072708192       -3.4236939509378361     
  0.41921787097186536       -3.3537429677749229     
  0.41920811518984985       -3.2837969023204905     
  0.41919856346736212       -3.2138556532497766     
  0.41918921588892039       -3.1439191191669029     
  0.41918007253723394       -3.0739871986063823     
  0.41917113349320217       -3.0040597900346153     
  0.41916239883591450       -2.9341367918514019     
  0.41915386864264959       -2.8642181023914390     
  0.41914554298887469       -2.7943036199258313     
  0.41913742194824555       -2.7243932426635959     
  0.41912950559260548       -2.6544868687531684     
  0.41912179399198518       -2.5845843962839088     
  0.41911428721460214       -2.5146857232876130     
  0.41910698532686003       -2.4447907477400173     
  0.41909988839334872       -2.3748993675623091     
  0.41909299647684323       -2.3050114806226381     
  0.41908630963830384       -2.2351269847376209     
  0.41907982793687543       -2.1652457776738565     
  0.41907355142988700       -2.0953677571494351     
  0.41906748017285156       -2.0254928208354492     
  0.41906161421946553       -1.9556208663575056     
  0.41905595362160841       -1.8857517912972379     
  0.41905049842934261       -1.8158854931938180     
  0.41904524869091286       -1.7460218695454703     
  0.41904020445274609       -1.6761608178109844     
  0.41903536575945094       -1.6063022354112289     
  0.41903073265381779       -1.5364460197306653     
  0.41902630517681794       -1.4665920681188629     
  0.41902208336760394       -1.3967402778920130     
  0.41901806726350882       -1.3268905463344447     
  0.41901425690004612       -1.2570427707001386     
  0.41901065231090973       -1.1871968482142443     
  0.41900725352797330       -1.1173526760745958     
  0.41900406058129047       -1.0475101514532261     
  0.41900107349909421      -0.97766917149788657     
  0.41899829230779712      -0.90782963333356048     
  0.41899571703199090      -0.83799143406398180     
  0.41899334769444629      -0.76815447077315158     
  0.41899118431611287      -0.69831864052685477     
  0.41898922691611917      -0.62848384037417881     
  0.41898747551177218      -0.55864996734902972     
  0.41898593011855745      -0.48881691847165037     
  0.41898459075013894      -0.41898459075013894     
  0.41898345741835896      -0.34915288118196575     
  0.41898253013323800      -0.27932168675549202     
  0.41898180890297476      -0.20949090445148738     
  0.41898129373394610      -0.13966043124464872     
  0.41898098463070699       -6.9830164105117831E-002
  0.41898088159599023        0.0000000000000000     
  0.41898098463070699        6.9830164105117831E-002
  0.41898129373394610       0.13966043124464872     
  0.41898180890297476       0.20949090445148738     
  0.41898253013323800       0.27932168675549202     
  0.41898345741835896       0.34915288118196575     
  0.41898459075013894       0.41898459075013894     
  0.41898593011855745       0.48881691847165037     
  0.41898747551177218       0.55864996734902972     
  0.41898922691611917       0.62848384037417881     
  0.41899118431611287       0.69831864052685477     
  0.41899334769444629       0.76815447077315158     
  0.41899571703199090       0.83799143406398180     
  0.41899829230779712       0.90782963333356048     
  0.41900107349909421       0.97766917149788657     
  0.41900406058129047        1.0475101514532261     
  0.41900725352797330        1.1173526760745958     
  0.41901065231090973        1.1871968482142443     
  0.41901425690004612        1.2570427707001386     
  0.41901806726350882        1.3268905463344447     
  0.41902208336760394        1.3967402778920130     
  0.41902630517681794        1.4665920681188629     
  0.41903073265381779        1.5364460197306653     
  0.41903536575945094        1.6063022354112289     
  0.41904020445274609        1.6761608178109844     
  0.41904524869091286        1.7460218695454703     
  0.41905049842934261        1.8158854931938180     
  0.41905595362160841        1.8857517912972379     
  0.41906161421946553        1.9556208663575056     
  0.41906748017285156        2.0254928208354492     
  0.41907355142988700        2.0953677571494351     
  0.41907982793687543        2.1652457776738565     
  0.41908630963830384        2.2351269847376209     
  0.41909299647684323        2.3050114806226381     
  0.41909988839334872        2.3748993675623091     
  0.41910698532686003        2.4447907477400173     
  0.41911428721460214        2.5146857232876130     
  0.41912179399198518        2.5845843962839088     
  0.41912950559260548        2.6544868687531684     
  0.41913742194824555        2.7243932426635959     
  0.41914554298887469        2.7943036199258313     
  0.41915386864264959        2.8642181023914390     
  0.41916239883591450        2.9341367918514019     
  0.41917113349320217        3.0040597900346153     
  0.41918007253723394        3.0739871986063823     
  0.41918921588892039        3.1439191191669029     
  0.41919856346736212        3.2138556532497766     
  0.41920811518984985        3.2837969023204905     
  0.41921787097186536        3.3537429677749229     
  0.41922783072708192        3.4236939509378361     
  0.41923799436736475        3.4936499530613734     
  0.41924836180277192        3.5636110753235610     
  0.41925893294155453        3.6335774188268064     
  0.41926970769015787        3.7035490845963945     
  0.41928068595322149        3.7735261735789933     
  0.41929186763358028        3.8435087866411526     
  0.41930325263226487        3.9134970245678056     
  0.41931484084850251        3.9834909880607743     
  0.41932663217971755        4.0534907777372693     
  0.41933862652153231        4.1234964941284007     
  0.41935082376776761        4.1935082376776762     
  0.41936322381044366        4.2635261087395104     
  0.41937582653978078        4.3335502075777343     
  0.41938863184420000        4.4035806343641006     
  0.41940163961032401        4.4736174891767906     
  0.41941484972297788        4.5436608719989264     
  0.41942826206518968        4.6137108827170863     
  0.41944187651819154        4.6837676211198058     
  0.41945569296142032        4.7538311868960967     
  0.41946971127251853        4.8239016796339635     
  0.41948393132733497        4.8939791988189087     
  0.41949835299992583        4.9640638438324558     
  0.41951297616255551        5.0341557139506659     
  0.41952780068569723        5.1042549083426501     
  0.41954282643803431        5.1743615260690898     
  0.41955805328646090        5.2444756660807617     
  0.41957348109608283        5.3145974272170493     
  0.41958910973021868        5.3847269082044731     
  0.41960493905040069        5.4548642076552092     
  0.41962096891637557        5.5250094240656118     
  0.41963719918610576        5.5951626558147431     
  0.41965362971577014        5.6653240011628974     
  0.41967026035976529        5.7354935582501261     
  0.41968709097070622        5.8056714250947694     
  0.41970412139942770        5.8758576995919878     
  0.41972135149498507        5.9460524795122884     
  0.41973878110465535        6.0162558625000599     
  0.41975641007393838        6.0864679460721067     
  0.41977423824655791        6.1566888276161835     
  0.41979226546446258        6.2269186043895290     
  0.41981049156782718        6.2971573735174076     
  0.41982891639505360        6.3674052319916461     
  0.41984753978277212        6.4376622766691733     
  0.41986636156584256        6.5079286042705595     
  0.41988538157735539        6.5782043113785678     
  0.41990459964863280        6.6484894944366868     
  0.41992401560923021        6.7187842497476833     
  0.41994362928693713        6.7890886734721505     
  0.41996344050777862        6.8594028616270517     
  0.41998344909601648        6.9297269100842716     
  0.48998223079611919       -6.9297486926879710     
  0.48995888789385678       -6.8594244305139949     
  0.48993577524904136       -6.7891100284510015     
  0.48991289306669900       -6.7188053906290151     
  0.48989024154979866       -6.6485104210329826     
  0.48986782089925063       -6.5782250235042232     
  0.48984563131390524       -6.5079491017418842     
  0.48982367299055141       -6.4376825593043909     
  0.48980194612391514       -6.3674252996108969     
  0.48978045090665834       -6.2971772259427494     
  0.48975918752937719       -6.2269382414449392     
  0.48973815618060107       -6.1567082491275569     
  0.48971735704679115       -6.0864871518672619     
  0.48969679031233898       -6.0162748524087357     
  0.48967645615956523       -5.9460712533661493     
  0.48965635476871844       -5.8758762572246210     
  0.48963648631797380       -5.8056897663416889     
  0.48961685098343177       -5.7355116829487729     
  0.48959744893911705       -5.6653419091526400     
  0.48957828035697709       -5.5951803469368810     
  0.48955934540688123       -5.5250268981633743     
  0.48954064425661903       -5.4548814645737549     
  0.48952217707189971       -5.3847439477908967     
  0.48950394401635050       -5.3146142493203774     
  0.48948594525151568       -5.2444922705519543     
  0.48946818093685557       -5.1743779127610443     
  0.48945065122974524       -5.1042710771102007     
  0.48943335628547346       -5.0341716646505841     
  0.48941629625724176       -4.9640795763234520     
  0.48939947129616324       -4.8939947129616330     
  0.48938288155126147       -4.8239169752910058     
  0.48936652716946966       -4.7538462639319912     
  0.48935040829562954       -4.6837824794010254     
  0.48933452507249020       -4.6137255221120510     
  0.48931887764070753       -4.5436752923779977     
  0.48930346613884274       -4.4736316904122768     
  0.48928829070336177       -4.4035946163302562     
  0.48927335146863432       -4.3335639701507613     
  0.48925864856693274       -4.2635396517975561     
  0.48924418212843129       -4.1935215611008401     
  0.48922995228120519       -4.1235095977987291     
  0.48921595915122973       -4.0535036615387607     
  0.48920220286237953       -3.9835036518793765     
  0.48918868353642742       -3.9135094682914193     
  0.48917540129304399       -3.8435210101596318     
  0.48916235624979648       -3.7735381767841440     
  0.48914954852214804       -3.7035608673819778     
  0.48913697822345703       -3.6335889810885380     
  0.48912464546497625       -3.5636224169591126     
  0.48911255035585205       -3.4936610739703720     
  0.48910069300312370       -3.4237048510218662     
  0.48908907351172265       -3.3537536469375269     
  0.48907769198447187       -3.2838073604671685     
  0.48906654852208503       -3.2138658902879875     
  0.48905564322316586       -3.1439291350060663     
  0.48904497618420761       -3.0739969931578766     
  0.48903454749959219       -3.0040693632117801     
  0.48902435726158966       -2.9341461435695382     
  0.48901440556035775       -2.8642272325678095     
  0.48900469248394085       -2.7943125284796619     
  0.48899521811826979       -2.7244019295160746     
  0.48898598254716119       -2.6544953338274468     
  0.48897698585231675       -2.5845926395051024     
  0.48896822811332274       -2.5146937445828028     
  0.48895970940764971       -2.4447985470382485     
  0.48895142981065154       -2.3749069447945930     
  0.48894338939556536       -2.3050188357219512     
  0.48893558823351074       -2.2351341176389066     
  0.48892802639348948       -2.1652526883140246     
  0.48892070394238485       -2.0953744454673640     
  0.48891362094496144       -2.0254992867719830     
  0.48890677746386452       -1.9556271098554581     
  0.48890017355961973       -1.8857578123013903     
  0.48889380929063259       -1.8158912916509211     
  0.48888768471318822       -1.7460274454042437     
  0.48888179988145081       -1.6761661710221172     
  0.48887615484746350       -1.6063073659273801     
  0.48887074966114774       -1.5364509275064644     
  0.48886558437030314       -1.4665967531109094     
  0.48886065902060716       -1.3967447400588775     
  0.48885597365561473       -1.3268947856366686     
  0.48885152831675793       -1.2570467871002347     
  0.48884732304334588       -1.1872006416766971     
  0.48884335787256428       -1.1173562465658613     
  0.48883963283947529       -1.0475134989417327     
  0.48883614797701724      -0.97767229595403449     
  0.48883290331600449      -0.90783253472972270     
  0.48882989888512707      -0.83799411237450350     
  0.48882713471095063      -0.76815692597435103     
  0.48882461081791623      -0.69832087259702313     
  0.48882232722834018      -0.62848584929358031     
  0.48882028396241384      -0.55865175309990156     
  0.48881848103820352      -0.48881848103820352     
  0.48881691847165037      -0.41898593011855745     
  0.48881559627657029      -0.34915399734040731     
  0.48881451446465379      -0.27932257969408791     
  0.48881367304546591      -0.20949157416234254     
  0.48881307202644630      -0.13966087772184183     
  0.48881271141290894       -6.9830387344701275E-002
  0.48881259120804216        0.0000000000000000     
  0.48881271141290894        6.9830387344701275E-002
  0.48881307202644630       0.13966087772184183     
  0.48881367304546591       0.20949157416234254     
  0.48881451446465379       0.27932257969408791     
  0.48881559627657029       0.34915399734040731     
  0.48881691847165037       0.41898593011855745     
  0.48881848103820352       0.48881848103820352     
  0.48882028396241384       0.55865175309990156     
  0.48882232722834018       0.62848584929358031     
  0.48882461081791623       0.69832087259702313     
  0.48882713471095063       0.76815692597435103     
  0.48882989888512707       0.83799411237450350     
  0.48883290331600449       0.90783253472972270     
  0.48883614797701724       0.97767229595403449     
  0.48883963283947529        1.0475134989417327     
  0.48884335787256428        1.1173562465658613     
  0.48884732304334588        1.1872006416766971     
  0.48885152831675793        1.2570467871002347     
  0.48885597365561473        1.3268947856366686     
  0.48886065902060716        1.3967447400588775     
  0.48886558437030314        1.4665967531109094     
  0.48887074966114774        1.5364509275064644     
  0.48887615484746350        1.6063073659273801     
  0.48888179988145081        1.6761661710221172     
  0.48888768471318822        1.7460274454042437     
  0.48889380929063259        1.8158912916509211     
  0.48890017355961973        1.8857578123013903     
  0.48890677746386452        1.9556271098554581     
  0.48891362094496144        2.0254992867719830     
  0.48892070394238485        2.0953744454673640     
  0.48892802639348948        2.1652526883140246     
  0.48893558823351074        2.2351341176389066     
  0.48894338939556536        2.3050188357219512     
  0.48895142981065154        2.3749069447945930     
  0.48895970940764971        2.4447985470382485     
  0.48896822811332274        2.5146937445828028     
  0.48897698585231675        2.5845926395051024     
  0.48898598254716119        2.6544953338274468     
  0.48899521811826979        2.7244019295160746     
  0.48900469248394085        2.7943125284796619     
  0.48901440556035775        2.8642272325678095     
  0.48902435726158966        2.9341461435695382     
  0.48903454749959219        3.0040693632117801     
  0.48904497618420761        3.0739969931578766     
  0.48905564322316586        3.1439291350060663     
  0.48906654852208503        3.2138658902879875     
  0.48907769198447187        3.2838073604671685     
  0.48908907351172265        3.3537536469375269     
  0.48910069300312370        3.4237048510218662     
  0.48911255035585205        3.4936610739703720     
  0.48912464546497625        3.5636224169591126     
  0.48913697822345703        3.6335889810885380     
  0.48914954852214804        3.7035608673819778     
  0.48916235624979648        3.7735381767841440     
  0.48917540129304399        3.8435210101596318     
  0.48918868353642742        3.9135094682914193     
  0.48920220286237953        3.9835036518793765     
  0.48921595915122973        4.0535036615387607     
  0.48922995228120519        4.1235095977987291     
  0.48924418212843129        4.1935215611008401     
  0.48925864856693274        4.2635396517975561     
  0.48927335146863432        4.3335639701507613     
  0.48928829070336177        4.4035946163302562     
  0.48930346613884274        4.4736316904122768     
  0.48931887764070753        4.5436752923779977     
  0.48933452507249020        4.6137255221120510     
  0.48935040829562954        4.6837824794010254     
  0.48936652716946966        4.7538462639319912     
  0.48938288155126147        4.8239169752910058     
  0.48939947129616324        4.8939947129616330     
  0.48941629625724176        4.9640795763234520     
  0.48943335628547346        5.0341716646505841     
  0.48945065122974524        5.1042710771102007     
  0.48946818093685557        5.1743779127610443     
  0.48948594525151568        5.2444922705519543     
  0.48950394401635050        5.3146142493203774     
  0.48952217707189971        5.3847439477908967     
  0.48954064425661903        5.4548814645737549     
  0.48955934540688123        5.5250268981633743     
  0.48957828035697709        5.5951803469368810     
  0.48959744893911705        5.6653419091526400     
  0.48961685098343177        5.7355116829487729     
  0.48963648631797380        5.8056897663416889     
  0.48965635476871844        5.8758762572246210     
  0.48967645615956523        5.9460712533661493     
  0.48969679031233898        6.0162748524087357     
  0.48971735704679115        6.0864871518672619     
  0.48973815618060107        6.1567082491275569     
  0.48975918752937719        6.2269382414449392     
  0.48978045090665834        6.2971772259427494     
  0.48980194612391514        6.3674252996108969     
  0.48982367299055141        6.4376825593043909     
  0.48984563131390524        6.5079491017418842     
  0.48986782089925063        6.5782250235042232     
  0.48989024154979866        6.6485104210329826     
  0.48991289306669900        6.7188053906290151     
  0.48993577524904136        6.7891100284510015     
  0.48995888789385678        6.8594244305139949     
  0.48998223079611919        6.9297486926879710     
  0.55998172330819007       -6.9297738259388506     
  0.55995504629990434       -6.8594493171738273     
  0.55992863243703228       -6.7891346682990159     
  0.55990248195388692       -6.7188297834466422     
  0.55987659508243037       -6.6485345666038604     
  0.55985097205227197       -6.5782489216141951     
  0.55982561309066692       -6.5079727521790023     
  0.55980051842251433       -6.4377059618589145     
  0.55977568827035595       -6.3674484540752987     
  0.55975112285437456       -6.2972001321117128     
  0.55972682239239202       -6.2269608991153618     
  0.55970278709986843       -6.1567306580985521     
  0.55967901718989976       -6.0865093119401594     
  0.55965551287321713       -6.0162967633870830     
  0.55963227435818486       -5.9460929150557140     
  0.55960930185079927       -5.8758976694333915     
  0.55958659555468682       -5.8057109288798747     
  0.55956415567110318       -5.7355325956288077     
  0.55954198239893171       -5.6653625717891831     
  0.55952007593468178       -5.5952007593468167     
  0.55949843647248754       -5.5250470601658135     
  0.55947706420410670       -5.4549013759900404     
  0.55945595931891923       -5.3847636084445973     
  0.55943512200392576       -5.3146336590372947     
  0.55941455244374649       -5.2445114291601227     
  0.55939425082061978       -5.1743968200907320     
  0.55937421731440107       -5.1042897329939088     
  0.55935445210256141       -5.0341900689230519     
  0.55933495536018640       -4.9640977288216535     
  0.55931572725997492       -4.8940126135247803     
  0.55929676797223815       -4.8239346237605529     
  0.55927807766489779       -4.7538636601516302     
  0.55925965650348552       -4.6837996232166912     
  0.55924150465114164       -4.6137424133719183     
  0.55922362226861400       -4.5436919309324884     
  0.55920600951425670       -4.4736480761140536     
  0.55918866654402932       -4.4036107490342307     
  0.55917159351149548       -4.3335798497140887     
  0.55915479056782202       -4.2635552780796422     
  0.55913825786177818       -4.1935369339633368     
  0.55912199553973407       -4.1235247171055383     
  0.55910600374566000       -4.0535185271560348     
  0.55909028262112548       -3.9835182636755189     
  0.55907483230529809       -3.9135238261370864     
  0.55905965293494286       -3.8435351139277318     
  0.55904474464442089       -3.7735520263498401     
  0.55903010756568872       -3.7035744626226879     
  0.55901574182829761       -3.6336023218839344     
  0.55900164755939219       -3.5636355031911249     
  0.55898782488371002       -3.4936739055231869     
  0.55897427392358023       -3.4237174277819289     
  0.55896099479892347       -3.3537659687935406     
  0.55894798762725051       -3.2838194273100960     
  0.55893525252366127       -3.2138777020110525     
  0.55892278960084496       -3.1439406915047523     
  0.55891059896907813       -3.0740082943299298     
  0.55889868073622506       -3.0040804089572091     
  0.55888703500773596       -2.9341569337906135     
  0.55887566188664717       -2.8642377671690666     
  0.55886456147357999       -2.7943228073678998     
  0.55885373386674009       -2.7244119526003576     
  0.55884317916191684       -2.6545051010191050     
  0.55883289745248266       -2.5846021507177319     
  0.55882288882939246       -2.5147029997322656     
  0.55881315338118298       -2.4448075460426755     
  0.55880369119397222       -2.3749156875743820     
  0.55879450235145889       -2.3050273221997677     
  0.55878558693492175       -2.2351423477396870     
  0.55877694502321895       -2.1652606619649735     
  0.55876857669278812       -2.0953821625979554     
  0.55876048201764483       -2.0255067473139623     
  0.55875266106938326       -1.9556343137428409     
  0.55874511391717463       -1.8857647594704641     
  0.55873784062776755       -1.8158979820402446     
  0.55873084126548722       -1.7460338789546475     
  0.55872411589223503       -1.6761723476767050     
  0.55871766456748817       -1.6063132856315285     
  0.55871148734829912       -1.5364565902078227     
  0.55870558428929562       -1.4666021587594009     
  0.55869995544267981       -1.3967498886066994     
  0.55869460085822820       -1.3268996770382919     
  0.55868952058329147       -1.2570514213124058     
  0.55868471466279379       -1.1872050186584366     
  0.55868018313923262       -1.1173603662784652     
  0.55867592605267868       -1.0475173613487725     
  0.55867194344077531      -0.97767590102135671     
  0.55866823533873866      -0.90783588242545021     
  0.55866480177935696      -0.83799720266903532     
  0.55866164279299069      -0.76815975884036214     
  0.55865875840757218      -0.69832344800946511     
  0.55865614864860547      -0.62848816722968115     
  0.55865381353916632      -0.55865381353916632     
  0.55865175309990156      -0.48882028396241384     
  0.55864996734902972      -0.41898747551177218     
  0.55864845630233995      -0.34915528518896238     
  0.55864721997319289      -0.27932360998659644     
  0.55864625837251980      -0.20949234688969490     
  0.55864557150882310      -0.13966139287720578     
  0.55864515938817583       -6.9830644923521978E-002
  0.55864502201422184        0.0000000000000000     
  0.55864515938817583        6.9830644923521978E-002
  0.55864557150882310       0.13966139287720578     
  0.55864625837251980       0.20949234688969490     
  0.55864721997319289       0.27932360998659644     
  0.55864845630233995       0.34915528518896238     
  0.55864996734902972       0.41898747551177218     
  0.55865175309990156       0.48882028396241384     
  0.55865381353916632       0.55865381353916632     
  0.55865614864860547       0.62848816722968115     
  0.55865875840757218       0.69832344800946511     
  0.55866164279299069       0.76815975884036214     
  0.55866480177935696       0.83799720266903532     
  0.55866823533873866       0.90783588242545021     
  0.55867194344077531       0.97767590102135671     
  0.55867592605267868        1.0475173613487725     
  0.55868018313923262        1.1173603662784652     
  0.55868471466279379        1.1872050186584366     
  0.55868952058329147        1.2570514213124058     
  0.55869460085822820        1.3268996770382919     
  0.55869995544267981        1.3967498886066994     
  0.55870558428929562        1.4666021587594009     
  0.55871148734829912        1.5364565902078227     
  0.55871766456748817        1.6063132856315285     
  0.55872411589223503        1.6761723476767050     
  0.55873084126548722        1.7460338789546475     
  0.55873784062776755        1.8158979820402446     
  0.55874511391717463        1.8857647594704641     
  0.55875266106938326        1.9556343137428409     
  0.55876048201764483        2.0255067473139623     
  0.55876857669278812        2.0953821625979554     
  0.55877694502321895        2.1652606619649735     
  0.55878558693492175        2.2351423477396870     
  0.55879450235145889        2.3050273221997677     
  0.55880369119397222        2.3749156875743820     
  0.55881315338118298        2.4448075460426755     
  0.55882288882939246        2.5147029997322656     
  0.55883289745248266        2.5846021507177319     
  0.55884317916191684        2.6545051010191050     
  0.55885373386674009        2.7244119526003576     
  0.55886456147357999        2.7943228073678998     
  0.55887566188664717        2.8642377671690666     
  0.55888703500773596        2.9341569337906135     
  0.55889868073622506        3.0040804089572091     
  0.55891059896907813        3.0740082943299298     
  0.55892278960084496        3.1439406915047523     
  0.55893525252366127        3.2138777020110525     
  0.55894798762725051        3.2838194273100960     
  0.55896099479892347        3.3537659687935406     
  0.55897427392358023        3.4237174277819289     
  0.55898782488371002        3.4936739055231869     
  0.55900164755939219        3.5636355031911249     
  0.55901574182829761        3.6336023218839344     
  0.55903010756568872        3.7035744626226879     
  0.55904474464442089        3.7735520263498401     
  0.55905965293494286        3.8435351139277318     
  0.55907483230529809        3.9135238261370864     
  0.55909028262112548        3.9835182636755189     
  0.55910600374566000        4.0535185271560348     
  0.55912199553973407        4.1235247171055383     
  0.55913825786177818        4.1935369339633368     
  0.55915479056782202        4.2635552780796422     
  0.55917159351149548        4.3335798497140887     
  0.55918866654402932        4.4036107490342307     
  0.55920600951425670        4.4736480761140536     
  0.55922362226861400        4.5436919309324884     
  0.55924150465114164        4.6137424133719183     
  0.55925965650348552        4.6837996232166912     
  0.55927807766489779        4.7538636601516302     
  0.55929676797223815        4.8239346237605529     
  0.55931572725997492        4.8940126135247803     
  0.55933495536018640        4.9640977288216535     
  0.55935445210256141        5.0341900689230519     
  0.55937421731440107        5.1042897329939088     
  0.55939425082061978        5.1743968200907320     
  0.55941455244374649        5.2445114291601227     
  0.55943512200392576        5.3146336590372947     
  0.55945595931891923        5.3847636084445973     
  0.55947706420410670        5.4549013759900404     
  0.55949843647248754        5.5250470601658135     
  0.55952007593468178        5.5952007593468167     
  0.55954198239893171        5.6653625717891831     
  0.55956415567110318        5.7355325956288077     
  0.55958659555468682        5.8057109288798747     
  0.55960930185079927        5.8758976694333915     
  0.55963227435818486        5.9460929150557140     
  0.55965551287321713        6.0162967633870830     
  0.55967901718989976        6.0865093119401594     
  0.55970278709986843        6.1567306580985521     
  0.55972682239239202        6.2269608991153618     
  0.55975112285437456        6.2972001321117128     
  0.55977568827035595        6.3674484540752987     
  0.55980051842251433        6.4377059618589145     
  0.55982561309066692        6.5079727521790023     
  0.55985097205227197        6.5782489216141951     
  0.55987659508243037        6.6485345666038604     
  0.55990248195388692        6.7188297834466422     
  0.55992863243703228        6.7891346682990159     
  0.55995504629990434        6.8594493171738273     
  0.55998172330819007        6.9297738259388506     
  0.62998202814663085       -6.9298023096129384     
  0.62995201727003347       -6.8594775213848083     
  0.62992230242443470       -6.7891625927966857     
  0.62989288387343378       -6.7188574279832931     
  0.62986376187798476       -6.6485619309342843     
  0.62983493669639523       -6.5782760054956837     
  0.62980640858432413       -6.5079995553713488     
  0.62977817779477996       -6.4377324841244175     
  0.62975024457811934       -6.3674746951787622     
  0.62972260918204481       -6.2972260918204483     
  0.62969527185160334       -6.2269865771991890     
  0.62966823282918427       -6.1567560543298017     
  0.62964149235451794       -6.0865344260936736     
  0.62961505066467416       -6.0163215952402194     
  0.62958890799405998       -5.9461174643883448     
  0.62956306457441835       -5.8759219360279040     
  0.62953752063482649       -5.8057349125211779     
  0.62951227640169449       -5.7355562961043285     
  0.62948733209876329       -5.6653859888888691     
  0.62946268794710336       -5.5952238928631406     
  0.62943834416511313       -5.5250699098937712     
  0.62941430096851758       -5.4549239417271522     
  0.62939055857036652       -5.3847858899909129     
  0.62936711718103322       -5.3146556561953915     
  0.62934397700821298       -5.2445331417351078     
  0.62932113825692160       -5.1744182478902445     
  0.62929860112949410       -5.1043108758281193     
  0.62927636582558311       -5.0342109266046648     
  0.62925443254215763       -4.9641183011659100     
  0.62923280147350169       -4.8940329003494583     
  0.62921147281121292       -4.8239546248859657     
  0.62919044674420121       -4.7538833754006307     
  0.62916972345868749       -4.6838190524146741     
  0.62914930313820261       -4.6137615563468195     
  0.62912918596358558       -4.5437107875147849     
  0.62910937211298290       -4.4736666461367678     
  0.62908986176184689       -4.4036290323329279     
  0.62907065508293469       -4.3335978461268834     
  0.62905175224630716       -4.2635729874471933     
  0.62903315341932764       -4.1935543561288515     
  0.62901485876666052       -4.1235418519147746     
  0.62899686845027070       -4.0535353744572999     
  0.62897918262942198       -3.9835348233196726     
  0.62896180146067604       -3.9135400979775397     
  0.62894472509789179       -3.8435510978204501     
  0.62892795369222376       -3.7735677221533424     
  0.62891148739212144       -3.7035898701980488     
  0.62889532634332823       -3.6336174410947852     
  0.62887947068888006       -3.5636503339036536     
  0.62886392056910512       -3.4936884476061398     
  0.62884867612162243       -3.4237316811066112     
  0.62883373748134086       -3.3537799332338176     
  0.62881910478045844       -3.2838331027423941     
  0.62880477814846147       -3.2138910883143592     
  0.62879075771212356       -3.1439537885606175     
  0.62877704359550457       -3.0740211020224666     
  0.62876363591995010       -3.0040929271730947     
  0.62875053480409071       -2.9341691624190900     
  0.62873774036384089       -2.8642497061019419     
  0.62872525271239810       -2.7943344564995467     
  0.62871307196024251       -2.7244233118277172     
  0.62870119821513593       -2.6545161702416853     
  0.62868963158212132       -2.5846129298376095     
  0.62867837216352163       -2.5147134886540865     
  0.62866742005893961       -2.4448177446736543     
  0.62865677536525688       -2.3749255958243038     
  0.62864643817663346       -2.3050369399809894     
  0.62863640858450676       -2.2351516749671356     
  0.62862668667759147       -2.1652696985561484     
  0.62861727254187860       -2.0953909084729290     
  0.62860816626063509       -2.0255152023953795     
  0.62859936791440318       -1.9556424779559212     
  0.62859087758099985       -1.8857726327429996     
  0.62858269533551636       -1.8159055643026027     
  0.62857482125031761       -1.7460411701397711     
  0.62856725539504188       -1.6761793477201117     
  0.62855999783660044       -1.6063199944713122     
  0.62855304863917649       -1.5364630077846537     
  0.62854640786422544       -1.4666082850165261     
  0.62854007557047420       -1.3967557234899426     
  0.62853405181392075       -1.3269052204960550     
  0.62852833664783381       -1.2570566732956676     
  0.62852293012275251       -1.1872099791207547     
  0.62851783228648606       -1.1173650351759754     
  0.62851304318411350       -1.0475217386401892     
  0.62850856285798318      -0.97767998666797384     
  0.62850439134771263      -0.90783967639114060     
  0.62850052869018835      -0.83800070492025114     
  0.62849697491956547      -0.76816296934613559     
  0.62849373006726739      -0.69832636674140824     
  0.62849079416198605      -0.62849079416198605     
  0.62848816722968115      -0.55865614864860547     
  0.62848584929358031      -0.48882232722834018     
  0.62848384037417881      -0.41898922691611917     
  0.62848214048923967      -0.34915674471624425     
  0.62848074965379319      -0.27932477762390812     
  0.62847966788013709      -0.20949322262671233     
  0.62847889517783617      -0.13966197670618583     
  0.62847843155372285       -6.9830936839302540E-002
  0.62847827701189618        0.0000000000000000     
  0.62847843155372285        6.9830936839302540E-002
  0.62847889517783617       0.13966197670618583     
  0.62847966788013709       0.20949322262671233     
  0.62848074965379319       0.27932477762390812     
  0.62848214048923967       0.34915674471624425     
  0.62848384037417881       0.41898922691611917     
  0.62848584929358031       0.48882232722834018     
  0.62848816722968115       0.55865614864860547     
  0.62849079416198605       0.62849079416198605     
  0.62849373006726739       0.69832636674140824     
  0.62849697491956547       0.76816296934613559     
  0.62850052869018835       0.83800070492025114     
  0.62850439134771263       0.90783967639114060     
  0.62850856285798318       0.97767998666797384     
  0.62851304318411350        1.0475217386401892     
  0.62851783228648606        1.1173650351759754     
  0.62852293012275251        1.1872099791207547     
  0.62852833664783381        1.2570566732956676     
  0.62853405181392075        1.3269052204960550     
  0.62854007557047420        1.3967557234899426     
  0.62854640786422544        1.4666082850165261     
  0.62855304863917649        1.5364630077846537     
  0.62855999783660044        1.6063199944713122     
  0.62856725539504188        1.6761793477201117     
  0.62857482125031761        1.7460411701397711     
  0.62858269533551636        1.8159055643026027     
  0.62859087758099985        1.8857726327429996     
  0.62859936791440318        1.9556424779559212     
  0.62860816626063509        2.0255152023953795     
  0.62861727254187860        2.0953909084729290     
  0.62862668667759147        2.1652696985561484     
  0.62863640858450676        2.2351516749671356     
  0.62864643817663346        2.3050369399809894     
  0.62865677536525688        2.3749255958243038     
  0.62866742005893961        2.4448177446736543     
  0.62867837216352163        2.5147134886540865     
  0.62868963158212132        2.5846129298376095     
  0.62870119821513593        2.6545161702416853     
  0.62871307196024251        2.7244233118277172     
  0.62872525271239810        2.7943344564995467     
  0.62873774036384089        2.8642497061019419     
  0.62875053480409071        2.9341691624190900     
  0.62876363591995010        3.0040929271730947     
  0.62877704359550457        3.0740211020224666     
  0.62879075771212356        3.1439537885606175     
  0.62880477814846147        3.2138910883143592     
  0.62881910478045844        3.2838331027423941     
  0.62883373748134086        3.3537799332338176     
  0.62884867612162243        3.4237316811066112     
  0.62886392056910512        3.4936884476061398     
  0.62887947068888006        3.5636503339036536     
  0.62889532634332823        3.6336174410947852     
  0.62891148739212144        3.7035898701980488     
  0.62892795369222376        3.7735677221533424     
  0.62894472509789179        3.8435510978204501     
  0.62896180146067604        3.9135400979775397     
  0.62897918262942198        3.9835348233196726     
  0.62899686845027070        4.0535353744572999     
  0.62901485876666052        4.1235418519147746     
  0.62903315341932764        4.1935543561288515     
  0.62905175224630716        4.2635729874471933     
  0.62907065508293469        4.3335978461268834     
  0.62908986176184689        4.4036290323329279     
  0.62910937211298290        4.4736666461367678     
  0.62912918596358558        4.5437107875147849     
  0.62914930313820261        4.6137615563468195     
  0.62916972345868749        4.6838190524146741     
  0.62919044674420121        4.7538833754006307     
  0.62921147281121292        4.8239546248859657     
  0.62923280147350169        4.8940329003494583     
  0.62925443254215763        4.9641183011659100     
  0.62927636582558311        5.0342109266046648     
  0.62929860112949410        5.1043108758281193     
  0.62932113825692160        5.1744182478902445     
  0.62934397700821298        5.2445331417351078     
  0.62936711718103322        5.3146556561953915     
  0.62939055857036652        5.3847858899909129     
  0.62941430096851758        5.4549239417271522     
  0.62943834416511313        5.5250699098937712     
  0.62946268794710336        5.5952238928631406     
  0.62948733209876329        5.6653859888888691     
  0.62951227640169449        5.7355562961043285     
  0.62953752063482649        5.8057349125211779     
  0.62956306457441835        5.8759219360279040     
  0.62958890799405998        5.9461174643883448     
  0.62961505066467416        6.0163215952402194     
  0.62964149235451794        6.0865344260936736     
  0.62966823282918427        6.1567560543298017     
  0.62969527185160334        6.2269865771991890     
  0.62972260918204481        6.2972260918204483     
  0.62975024457811934        6.3674746951787622     
  0.62977817779477996        6.4377324841244175     
  0.62980640858432413        6.5079995553713488     
  0.62983493669639523        6.5782760054956837     
  0.62986376187798476        6.6485619309342843     
  0.62989288387343378        6.7188574279832931     
  0.62992230242443470        6.7891625927966857     
  0.62995201727003347        6.8594775213848083     
  0.62998202814663085        6.9298023096129384     
  0.69985184355584706       -6.6485925137805477     
  0.69981981647952296       -6.5783062749075158     
  0.69978811947099873       -6.5080295110802879     
  0.69975675281139127       -6.4377621258648006     
  0.69972571677887097       -6.3675040226877258     
  0.69969501164865899       -6.2972551048379311     
  0.69966463769302623       -6.2270152754679344     
  0.69963459518129079       -6.1567844375953591     
  0.69960488437981616       -6.0865624941044008     
  0.69957550555200954       -6.0163493477472825     
  0.69954645895831991       -5.9461449011457201     
  0.69951774485623608       -5.8759490567923836     
  0.69948936350028501       -5.8057617170523663     
  0.69946131514203003       -5.7355827841646470     
  0.69943360003006894       -5.6654121602435588     
  0.69940621841003237       -5.5952497472802589     
  0.69937917052458221       -5.5250954471442002     
  0.69935245661340950       -5.4549491615845946     
  0.69932607691323334       -5.3848107922318968     
  0.69930003165779875       -5.3146802405992712     
  0.69927432107787513       -5.2445574080840638     
  0.69924894540125504       -5.1744421959692879     
  0.69922390485275210       -5.1043345054250908     
  0.69919919965419963       -5.0342342375102378     
  0.69917483002444936       -4.9641412931735909     
  0.69915079617936959       -4.8940555732555877     
  0.69912709833184372       -4.8239769784897222     
  0.69910373669176895       -4.7539054095040294     
  0.69908071146605499       -4.6838407668225690     
  0.69905802285862195       -4.6137829508669048     
  0.69903567107039966       -4.5437318619575979     
  0.69901365629932610       -4.4736874003156872     
  0.69899197874034580       -4.4036494660641790     
  0.69897063858540864       -4.3336179592295334     
  0.69894963602346871       -4.2635927797431590     
  0.69892897124048281       -4.1935738274428971     
  0.69890864441940903       -4.1235610020745135     
  0.69888865574020609       -4.0535542032931957     
  0.69886900537983154       -3.9835533306650399     
  0.69884969351224047       -3.9135582836685470     
  0.69883072030838511       -3.8435689616961182     
  0.69881208593621269       -3.7735852640555483     
  0.69879379056066493       -3.7036070899715243     
  0.69877583434367696       -3.6336343385871204     
  0.69875821744417566       -3.5636669089652959     
  0.69874094001807907       -3.4937047000903956     
  0.69872400221829523       -3.4237476108696470     
  0.69870740419472110       -3.3537955401346613     
  0.69869114609424143       -3.2838483866429349     
  0.69867522806072802       -3.2139060490793496     
  0.69865965023503862       -3.1439684260576741     
  0.69864441275501588       -3.0740354161220700     
  0.69862951575548649       -3.0041069177485920     
  0.69861495936826046       -2.9341828293466938     
  0.69860074372212988       -2.8642630492607326     
  0.69858686894286837       -2.7943474757714735     
  0.69857333515322995       -2.7244360070975970     
  0.69856014247294862       -2.6545285413972048     
  0.69854729101873692       -2.5846249767693270     
  0.69853478090428600       -2.5147252112554299     
  0.69852261224026391       -2.4448291428409239     
  0.69851078513431564       -2.3749366694566731     
  0.69849929969106195       -2.3050476889805047     
  0.69848815601209879       -2.2351620992387167     
  0.69847735419599688       -2.1652797980075906     
  0.69846689433830045       -2.0954006830149017     
  0.69845677653152716       -2.0255246519414287     
  0.69844700086516720       -1.9556516024224684     
  0.69843756742568286       -1.8857814320493438     
  0.69842847629650784       -1.8159140383709205     
  0.69841972755804649       -1.7460493188951165     
  0.69841132128767391       -1.6761871710904173     
  0.69840325755973465       -1.6063274923873898     
  0.69839553644554264       -1.5364701801801939     
  0.69838815801338094       -1.4666151318281000     
  0.69838112232850069       -1.3967622446570014     
  0.69837442945312111       -1.3269114159609303     
  0.69836807944642898       -1.2570625430035722     
  0.69836207236457815       -1.1872155230197829     
  0.69835640826068934       -1.1173702532171030     
  0.69835108718484951       -1.0475266307772744     
  0.69834610918411200      -0.97768455285775691     
  0.69834147430249571      -0.90784391659324459     
  0.69833718258098509      -0.83800461909718216     
  0.69833323405752978      -0.76816655746328288     
  0.69832962876704441      -0.69832962876704441     
  0.69832636674140824      -0.62849373006726739     
  0.69832344800946511      -0.55865875840757218     
  0.69832087259702313      -0.48882461081791623     
  0.69831864052685477      -0.41899118431611287     
  0.69831675181869624      -0.34915837590934812     
  0.69831520648924772      -0.27932608259569913     
  0.69831400455217318      -0.20949420136565197     
  0.69831314601810013      -0.13966262920362005     
  0.69831263089461981       -6.9831263089461998E-002
  0.69831245918628693        0.0000000000000000     
  0.69831263089461981        6.9831263089461998E-002
  0.69831314601810013       0.13966262920362005     
  0.69831400455217318       0.20949420136565197     
  0.69831520648924772       0.27932608259569913     
  0.69831675181869624       0.34915837590934812     
  0.69831864052685477       0.41899118431611287     
  0.69832087259702313       0.48882461081791623     
  0.69832344800946511       0.55865875840757218     
  0.69832636674140824       0.62849373006726739     
  0.69832962876704441       0.69832962876704441     
  0.69833323405752978       0.76816655746328288     
  0.69833718258098509       0.83800461909718216     
  0.69834147430249571       0.90784391659324459     
  0.69834610918411200       0.97768455285775691     
  0.69835108718484951        1.0475266307772744     
  0.69835640826068934        1.1173702532171030     
  0.69836207236457815        1.1872155230197829     
  0.69836807944642898        1.2570625430035722     
  0.69837442945312111        1.3269114159609303     
  0.69838112232850069        1.3967622446570014     
  0.69838815801338094        1.4666151318281000     
  0.69839553644554264        1.5364701801801939     
  0.69840325755973465        1.6063274923873898     
  0.69841132128767391        1.6761871710904173     
  0.69841972755804649        1.7460493188951165     
  0.69842847629650784        1.8159140383709205     
  0.69843756742568286        1.8857814320493438     
  0.69844700086516720        1.9556516024224684     
  0.69845677653152716        2.0255246519414287     
  0.69846689433830045        2.0954006830149017     
  0.69847735419599688        2.1652797980075906     
  0.69848815601209879        2.2351620992387167     
  0.69849929969106195        2.3050476889805047     
  0.69851078513431564        2.3749366694566731     
  0.69852261224026391        2.4448291428409239     
  0.69853478090428600        2.5147252112554299     
  0.69854729101873692        2.5846249767693270     
  0.69856014247294862        2.6545285413972048     
  0.69857333515322995        2.7244360070975970     
  0.69858686894286837        2.7943474757714735     
  0.69860074372212988        2.8642630492607326     
  0.69861495936826046        2.9341828293466938     
  0.69862951575548649        3.0041069177485920     
  0.69864441275501588        3.0740354161220700     
  0.69865965023503862        3.1439684260576741     
  0.69867522806072802        3.2139060490793496     
  0.69869114609424143        3.2838483866429349     
  0.69870740419472110        3.3537955401346613     
  0.69872400221829523        3.4237476108696470     
  0.69874094001807907        3.4937047000903956     
  0.69875821744417566        3.5636669089652959     
  0.69877583434367696        3.6336343385871204     
  0.69879379056066493        3.7036070899715243     
  0.69881208593621269        3.7735852640555483     
  0.69883072030838511        3.8435689616961182     
  0.69884969351224047        3.9135582836685470     
  0.69886900537983154        3.9835533306650399     
  0.69888865574020609        4.0535542032931957     
  0.69890864441940903        4.1235610020745135     
  0.69892897124048281        4.1935738274428971     
  0.69894963602346871        4.2635927797431590     
  0.69897063858540864        4.3336179592295334     
  0.69899197874034580        4.4036494660641790     
  0.69901365629932610        4.4736874003156872     
  0.69903567107039966        4.5437318619575979     
  0.69905802285862195        4.6137829508669048     
  0.69908071146605499        4.6838407668225690     
  0.69910373669176895        4.7539054095040294     
  0.69912709833184372        4.8239769784897222     
  0.69915079617936959        4.8940555732555877     
  0.69917483002444936        4.9641412931735909     
  0.69919919965419963        5.0342342375102378     
  0.69922390485275210        5.1043345054250908     
  0.69924894540125504        5.1744421959692879     
  0.69927432107787513        5.2445574080840638     
  0.69930003165779875        5.3146802405992712     
  0.69932607691323334        5.3848107922318968     
  0.69935245661340950        5.4549491615845946     
  0.69937917052458221        5.5250954471442002     
  0.69940621841003237        5.5952497472802589     
  0.69943360003006894        5.6654121602435588     
  0.69946131514203003        5.7355827841646470     
  0.69948936350028501        5.8057617170523663     
  0.69951774485623608        5.8759490567923836     
  0.69954645895831991        5.9461449011457201     
  0.69957550555200954        6.0163493477472825     
  0.69960488437981616        6.0865624941044008     
  0.69963459518129079        6.1567844375953591     
  0.69966463769302623        6.2270152754679344     
  0.69969501164865899        6.2972551048379311     
  0.69972571677887097        6.3675040226877258     
  0.69975675281139127        6.4377621258648006     
  0.69978811947099873        6.5080295110802879     
  0.69981981647952296        6.5783062749075158     
  0.69985184355584706        6.6485925137805477     
  0.76950502912849705       -5.9461752250838407     
  0.76947344459931422       -5.8759790314856719     
  0.76944222607935420       -5.8057913422351266     
  0.76941137384533242       -5.7356120595742963     
  0.76938088817070260       -5.6654410856206283     
  0.76935076932565460       -5.5952783223683973     
  0.76932101757711258       -5.5251236716901726     
  0.76929163318873295       -5.4549770353382883     
  0.76926261642090277       -5.3848383149463190     
  0.76923396753073792       -5.3147074120305531     
  0.76920568677208123       -5.2445842279914627     
  0.76917777439550072       -5.1744686641151860     
  0.76915023064828780       -5.1043606215750010     
  0.76912305577445572       -5.0342600014328012     
  0.76909625001473791       -4.9641667046405811     
  0.76906981360658599       -4.8940806320419110     
  0.76904374678416842       -4.8240016843734201     
  0.76901804977836885       -4.7539297622662797     
  0.76899272281678455       -4.6838647662476882     
  0.76896776612372453       -4.6138065967423474     
  0.76894317992020855       -4.5437551540739589     
  0.76891896442396501       -4.4737103384667058     
  0.76889511984942993       -4.4036720500467350     
  0.76887164640774530       -4.3336401888436553     
  0.76884854430675753       -4.2636146547920184     
  0.76882581375101622       -4.1935953477328161     
  0.76880345494177238       -4.1235821674149609     
  0.76878146807697778       -4.0535750134967916     
  0.76875985335128294       -3.9835737855475570     
  0.76873861095603579       -3.9135783830489093     
  0.76871774107928104       -3.8435887053964048     
  0.76869724390575811       -3.7736046519009938     
  0.76867711961690033       -3.7036261217905193     
  0.76865736839083354       -3.6336530142112133     
  0.76863799040237524       -3.5636852282291938     
  0.76861898582303256       -3.4937226628319662     
  0.76860035482100209       -3.4237652169299184     
  0.76858209756116802       -3.3538127893578240     
  0.76856421420510146       -3.2838652788763425     
  0.76854670491105914       -3.2139225841735199     
  0.76852956983398224       -3.1439846038662909     
  0.76851280912549558       -3.0740512365019823     
  0.76849642293390663       -3.0041223805598163     
  0.76848041140420409       -2.9341979344524152     
  0.76846477467805729       -2.8642777965273045     
  0.76844951289381547       -2.7943618650684194     
  0.76843462618650604       -2.7244500382976122     
  0.76842011468783444       -2.6545422143761552     
  0.76840597852618286       -2.5846382914062511     
  0.76839221782660949       -2.5147381674325402     
  0.76837883271084784       -2.4448417404436067     
  0.76836582329730552       -2.3749489083734896     
  0.76835318970106381       -2.3050595691031917     
  0.76834093203387677       -2.2351736204621870     
  0.76832905040417043       -2.1652909602299348     
  0.76831754491704218       -2.0954114861373880     
  0.76830641567425995       -2.0255350958685034     
  0.76829566277426165       -1.9556616870617567     
  0.76828528631215431       -1.8857911573116513     
  0.76827528637971365       -1.8159234041702323     
  0.76826566306538357       -1.7460583251485990     
  0.76825641645427523       -1.6761958177184186     
  0.76824754662816652       -1.6063357793134390     
  0.76823905366550171       -1.5364781073310034     
  0.76823093764139105       -1.4666226991335647     
  0.76822319862760990       -1.3967694520501996     
  0.76821583669259830       -1.3269182633781245     
  0.76820885190146093       -1.2570690303842087     
  0.76820224431596607       -1.1872216503064930     
  0.76819601399454562       -1.1173760203557028     
  0.76819016099229476       -1.0475320377167656     
  0.76818468536097129      -0.97768959955032697     
  0.76817958714899515      -0.90784860299426706     
  0.76817486640144883      -0.83800894516521685     
  0.76817052316007617      -0.76817052316007617     
  0.76816655746328288      -0.69833323405752978     
  0.76816296934613559      -0.62849697491956547     
  0.76815975884036214      -0.55866164279299069     
  0.76815692597435103      -0.48882713471095063     
  0.76815447077315158      -0.41899334769444629     
  0.76815239325847329      -0.34916017875385147     
  0.76815069344868614      -0.27932752489043133     
  0.76814937135882033      -0.20949528309786009     
  0.76814842700056596      -0.13966335036373928     
  0.76814786038227323       -6.9831623671115756E-002
  0.76814767150895236        0.0000000000000000     
  0.76814786038227323        6.9831623671115756E-002
  0.76814842700056596       0.13966335036373928     
  0.76814937135882033       0.20949528309786009     
  0.76815069344868614       0.27932752489043133     
  0.76815239325847329       0.34916017875385147     
  0.76815447077315158       0.41899334769444629     
  0.76815692597435103       0.48882713471095063     
  0.76815975884036214       0.55866164279299069     
  0.76816296934613559       0.62849697491956547     
  0.76816655746328288       0.69833323405752978     
  0.76817052316007617       0.76817052316007617     
  0.76817486640144883       0.83800894516521685     
  0.76817958714899515       0.90784860299426706     
  0.76818468536097129       0.97768959955032697     
  0.76819016099229476        1.0475320377167656     
  0.76819601399454562        1.1173760203557028     
  0.76820224431596607        1.1872216503064930     
  0.76820885190146093        1.2570690303842087     
  0.76821583669259830        1.3269182633781245     
  0.76822319862760990        1.3967694520501996     
  0.76823093764139105        1.4666226991335647     
  0.76823905366550171        1.5364781073310034     
  0.76824754662816652        1.6063357793134390     
  0.76825641645427523        1.6761958177184186     
  0.76826566306538357        1.7460583251485990     
  0.76827528637971365        1.8159234041702323     
  0.76828528631215431        1.8857911573116513     
  0.76829566277426165        1.9556616870617567     
  0.76830641567425995        2.0255350958685034     
  0.76831754491704218        2.0954114861373880     
  0.76832905040417043        2.1652909602299348     
  0.76834093203387677        2.2351736204621870     
  0.76835318970106381        2.3050595691031917     
  0.76836582329730552        2.3749489083734896     
  0.76837883271084784        2.4448417404436067     
  0.76839221782660949        2.5147381674325402     
  0.76840597852618286        2.5846382914062511     
  0.76842011468783444        2.6545422143761552     
  0.76843462618650604        2.7244500382976122     
  0.76844951289381547        2.7943618650684194     
  0.76846477467805729        2.8642777965273045     
  0.76848041140420409        2.9341979344524152     
  0.76849642293390663        3.0041223805598163     
  0.76851280912549558        3.0740512365019823     
  0.76852956983398224        3.1439846038662909     
  0.76854670491105914        3.2139225841735199     
  0.76856421420510146        3.2838652788763425     
  0.76858209756116802        3.3538127893578240     
  0.76860035482100209        3.4237652169299184     
  0.76861898582303256        3.4937226628319662     
  0.76863799040237524        3.5636852282291938     
  0.76865736839083354        3.6336530142112133     
  0.76867711961690033        3.7036261217905193     
  0.76869724390575811        3.7736046519009938     
  0.76871774107928104        3.8435887053964048     
  0.76873861095603579        3.9135783830489093     
  0.76875985335128294        3.9835737855475570     
  0.76878146807697778        4.0535750134967916     
  0.76880345494177238        4.1235821674149609     
  0.76882581375101622        4.1935953477328161     
  0.76884854430675753        4.2636146547920184     
  0.76887164640774530        4.3336401888436553     
  0.76889511984942993        4.4036720500467350     
  0.76891896442396501        4.4737103384667058     
  0.76894317992020855        4.5437551540739589     
  0.76896776612372453        4.6138065967423474     
  0.76899272281678455        4.6838647662476882     
  0.76901804977836885        4.7539297622662797     
  0.76904374678416842        4.8240016843734201     
  0.76906981360658599        4.8940806320419110     
  0.76909625001473791        4.9641667046405811     
  0.76912305577445572        5.0342600014328012     
  0.76915023064828780        5.1043606215750010     
  0.76917777439550072        5.1744686641151860     
  0.76920568677208123        5.2445842279914627     
  0.76923396753073792        5.3147074120305531     
  0.76926261642090277        5.3848383149463190     
  0.76929163318873295        5.4549770353382883     
  0.76932101757711258        5.5251236716901726     
  0.76935076932565460        5.5952783223683973     
  0.76938088817070260        5.6654410856206283     
  0.76941137384533242        5.7356120595742963     
  0.76944222607935420        5.8057913422351266     
  0.76947344459931422        5.8759790314856719     
  0.76950502912849705        5.9461752250838407     
  0.83913817619505515       -5.2446136012190943     
  0.83910772736641337       -5.1744976520928825     
  0.83907768066508681       -5.1043892240459456     
  0.83904803635726755       -5.0342882181436055     
  0.83901879470556939       -4.9641945353412860     
  0.83898995596902670       -4.8941080764859901     
  0.83896152040309191       -4.8240287423177790     
  0.83893348825963410       -4.7539564334712603     
  0.83890585978693732       -4.6838910504770670     
  0.83887863522969841       -4.6138324937633417     
  0.83885181482902604       -4.5437806636572242     
  0.83882539882243856       -4.4737354603863393     
  0.83879938744386229       -4.4036967840802772     
  0.83877378092363053       -4.3336645347720912     
  0.83874857948848114       -4.2636386123997783     
  0.83872378336155562       -4.1936189168077780     
  0.83869939276239724       -4.1236053477484536     
  0.83867540790694994       -4.0535978048835917     
  0.83865182900755642       -3.9835961877858934     
  0.83862865627295669       -3.9136003959404646     
  0.83860588990828722       -3.8436103287463164     
  0.83858353011507869       -3.7736258855178542     
  0.83856157709125545       -3.7036469654863784     
  0.83854003103113350       -3.6336734678015787     
  0.83851889212541975       -3.5637052915330338     
  0.83849816056121029       -3.4937423356717097     
  0.83847783652198915       -3.4237844991314561     
  0.83845792018762744       -3.3538316807505097     
  0.83843841173438172       -3.2838837792929954     
  0.83841931133489289       -3.2139406934504233     
  0.83840061915818531       -3.1440023218431952     
  0.83838233536966522       -3.0740685630221063     
  0.83836446013111998       -3.0041393154698466     
  0.83834699360071685       -2.9342144776025090     
  0.83832993593300176       -2.8642939477710896     
  0.83831328727889864       -2.7943776242629954     
  0.83829704778570802       -2.7244654053035511     
  0.83828121759710628       -2.6545571890575035     
  0.83826579685314451       -2.5846528736305290     
  0.83825078569024791       -2.5147523570707437     
  0.83823618424121438       -2.4448555373702088     
  0.83822199263521402       -2.3749623124664399     
  0.83820821099778819       -2.3050725802439174     
  0.83819483945084827       -2.2351862385355958     
  0.83818187811267564       -2.1653031851244120     
  0.83816932709792014       -2.0954233177448005     
  0.83815718651759963       -2.0255465340841989     
  0.83814545647909922       -1.9556727317845648     
  0.83813413708617046       -1.8858018084438837     
  0.83812322843893106       -1.8159336616176840     
  0.83811273063386338       -1.7460681888205487     
  0.83810264376381460       -1.6762052875276292     
  0.83809296791799570       -1.6063448551761585     
  0.83808370318198111       -1.5364867891669653     
  0.83807484963770773       -1.4666309868659886     
  0.83806640736347482       -1.3967773456057915     
  0.83805837643394332       -1.3269257626870770     
  0.83805075692013509       -1.2570761353802027     
  0.83804354888943300       -1.1872283609266967     
  0.83803675240557973       -1.1173823365407731     
  0.83803036752867832       -1.0475379594108480     
  0.83802439431519082      -0.97769512670105596     
  0.83801883281793843      -0.90785373555276672     
  0.83801368308610102      -0.83801368308610102     
  0.83800894516521685      -0.76817486640144883     
  0.83800461909718216      -0.69833718258098509     
  0.83800070492025114      -0.62850052869018835     
  0.83799720266903532      -0.55866480177935696     
  0.83799411237450350      -0.48882989888512707     
  0.83799143406398180      -0.41899571703199090     
  0.83798916776115306      -0.34916215323381372     
  0.83798731348605682      -0.27932910449535231     
  0.83798587125508928      -0.20949646781377232     
  0.83798484108100335      -0.13966414018016726     
  0.83798422297290820       -6.9832018581075683E-002
  0.83798401693626912        0.0000000000000000     
  0.83798422297290820        6.9832018581075683E-002
  0.83798484108100335       0.13966414018016726     
  0.83798587125508928       0.20949646781377232     
  0.83798731348605682       0.27932910449535231     
  0.83798916776115306       0.34916215323381372     
  0.83799143406398180       0.41899571703199090     
  0.83799411237450350       0.48882989888512707     
  0.83799720266903532       0.55866480177935696     
  0.83800070492025114       0.62850052869018835     
  0.83800461909718216       0.69833718258098509     
  0.83800894516521685       0.76817486640144883     
  0.83801368308610102       0.83801368308610102     
  0.83801883281793843       0.90785373555276672     
  0.83802439431519082       0.97769512670105596     
  0.83803036752867832        1.0475379594108480     
  0.83803675240557973        1.1173823365407731     
  0.83804354888943300        1.1872283609266967     
  0.83805075692013509        1.2570761353802027     
  0.83805837643394332        1.3269257626870770     
  0.83806640736347482        1.3967773456057915     
  0.83807484963770773        1.4666309868659886     
  0.83808370318198111        1.5364867891669653     
  0.83809296791799570        1.6063448551761585     
  0.83810264376381460        1.6762052875276292     
  0.83811273063386338        1.7460681888205487     
  0.83812322843893106        1.8159336616176840     
  0.83813413708617046        1.8858018084438837     
  0.83814545647909922        1.9556727317845648     
  0.83815718651759963        2.0255465340841989     
  0.83816932709792014        2.0954233177448005     
  0.83818187811267564        2.1653031851244120     
  0.83819483945084827        2.2351862385355958     
  0.83820821099778819        2.3050725802439174     
  0.83822199263521402        2.3749623124664399     
  0.83823618424121438        2.4448555373702088     
  0.83825078569024791        2.5147523570707437     
  0.83826579685314451        2.5846528736305290     
  0.83828121759710628        2.6545571890575035     
  0.83829704778570802        2.7244654053035511     
  0.83831328727889864        2.7943776242629954     
  0.83832993593300176        2.8642939477710896     
  0.83834699360071685        2.9342144776025090     
  0.83836446013111998        3.0041393154698466     
  0.83838233536966522        3.0740685630221063     
  0.83840061915818531        3.1440023218431952     
  0.83841931133489289        3.2139406934504233     
  0.83843841173438172        3.2838837792929954     
  0.83845792018762744        3.3538316807505097     
  0.83847783652198915        3.4237844991314561     
  0.83849816056121029        3.4937423356717097     
  0.83851889212541975        3.5637052915330338     
  0.83854003103113350        3.6336734678015787     
  0.83856157709125545        3.7036469654863784     
  0.83858353011507869        3.7736258855178542     
  0.83860588990828722        3.8436103287463164     
  0.83862865627295669        3.9136003959404646     
  0.83865182900755642        3.9835961877858934     
  0.83867540790694994        4.0535978048835917     
  0.83869939276239724        4.1236053477484536     
  0.83872378336155562        4.1936189168077780     
  0.83874857948848114        4.2636386123997783     
  0.83877378092363053        4.3336645347720912     
  0.83879938744386229        4.4036967840802772     
  0.83882539882243856        4.4737354603863393     
  0.83885181482902604        4.5437806636572242     
  0.83887863522969841        4.6138324937633417     
  0.83890585978693732        4.6838910504770670     
  0.83893348825963410        4.7539564334712603     
  0.83896152040309191        4.8240287423177790     
  0.83898995596902670        4.8941080764859901     
  0.83901879470556939        4.9641945353412860     
  0.83904803635726755        5.0342882181436055     
  0.83907768066508681        5.1043892240459456     
  0.83910772736641337        5.1744976520928825     
  0.83913817619505515        5.2446136012190943     
  0.90876167809621500       -4.5438083904810744     
  0.90873306181363300       -4.4737627658517320     
  0.90870488386175174       -4.4037236679454121     
  0.90867714449009451       -4.3336909967989117     
  0.90864984394428983       -4.2636646523539747     
  0.90862298246607043       -4.1936445344587865     
  0.90859656029327085       -4.1236305428694600     
  0.90857057765982607       -4.0536225772515309     
  0.90854503479577020       -3.9836205371814541     
  0.90851993192723468       -3.9136243221480878     
  0.90849526927644664       -3.8436338315541971     
  0.90847104706172743       -3.7736489647179443     
  0.90844726549749144       -3.7036696208743880     
  0.90842392479424416       -3.6336956991769767     
  0.90840102515858123       -3.5637270986990490     
  0.90837856679318651       -3.4937637184353330     
  0.90835654989683134       -3.4238054573034411     
  0.90833497466437252       -3.3538522141453750     
  0.90831384128675152       -3.2839038877290245     
  0.90829314995099297       -3.2139603767496672     
  0.90827290084020329       -3.1440215798314726     
  0.90825309413356969       -3.0740873955290051     
  0.90823373000635887       -3.0041577223287250     
  0.90821480862991566       -2.9342324586504969     
  0.90819633017166235       -2.8643115028490889     
  0.90817829479509671       -2.7943947532156819     
  0.90816070265979187       -2.7244821079793757     
  0.90814355392139468       -2.6545734653086921     
  0.90812684873162453       -2.5846687233130852     
  0.90811058723827287       -2.5147677800444481     
  0.90809476958520174       -2.4448705334986203     
  0.90807939591234321       -2.3749768816168975     
  0.90806446635569771       -2.3050867222875402     
  0.90804998104733425       -2.2351999533472844     
  0.90803594011538846       -2.1653164725828491     
  0.90802234368406243       -2.0954361777324517     
  0.90800919187362339       -2.0255589664873135     
  0.90799648480040329       -1.9556847364931762     
  0.90798422257679789       -1.8858133853518109     
  0.90797240531126611       -1.8159448106225322     
  0.90796103310832876       -1.7460789098237091     
  0.90795010606856874       -1.6762155804342806     
  0.90793962428862962       -1.6063547198952677     
  0.90792958786121525       -1.5364962256112875     
  0.90791999687508951       -1.4666399949520676     
  0.90791085141507499       -1.3967859252539614     
  0.90790215156205289       -1.3269339138214620     
  0.90789389739296256       -1.2570838579287174     
  0.90788608898080059       -1.1872356548210468     
  0.90787872639462086       -1.1173892017164564     
  0.90787180969953341       -1.0475443958071540     
  0.90786533895670474      -0.97770113426106653     
  0.90785931422335664      -0.90785931422335664     
  0.90785373555276672      -0.83801883281793843     
  0.90784860299426706      -0.76817958714899515     
  0.90784391659324459      -0.69834147430249571     
  0.90783967639114060      -0.62850439134771263     
  0.90783588242545021      -0.55866823533873866     
  0.90783253472972270      -0.48883290331600449     
  0.90782963333356048      -0.41899829230779712     
  0.90782717826261983      -0.34916429933177684     
  0.90782516953860981      -0.27933082139649534     
  0.90782360717929267      -0.20949775550291369     
  0.90782249119848379      -0.13966499864592061     
  0.90782182160605118       -6.9832447815850102E-002
  0.90782159840791588        0.0000000000000000     
  0.90782182160605118        6.9832447815850102E-002
  0.90782249119848379       0.13966499864592061     
  0.90782360717929267       0.20949775550291369     
  0.90782516953860981       0.27933082139649534     
  0.90782717826261983       0.34916429933177684     
  0.90782963333356048       0.41899829230779712     
  0.90783253472972270       0.48883290331600449     
  0.90783588242545021       0.55866823533873866     
  0.90783967639114060       0.62850439134771263     
  0.90784391659324459       0.69834147430249571     
  0.90784860299426706       0.76817958714899515     
  0.90785373555276672       0.83801883281793843     
  0.90785931422335664       0.90785931422335664     
  0.90786533895670474       0.97770113426106653     
  0.90787180969953341        1.0475443958071540     
  0.90787872639462086        1.1173892017164564     
  0.90788608898080059        1.1872356548210468     
  0.90789389739296256        1.2570838579287174     
  0.90790215156205289        1.3269339138214620     
  0.90791085141507499        1.3967859252539614     
  0.90791999687508951        1.4666399949520676     
  0.90792958786121525        1.5364962256112875     
  0.90793962428862962        1.6063547198952677     
  0.90795010606856874        1.6762155804342806     
  0.90796103310832876        1.7460789098237091     
  0.90797240531126611        1.8159448106225322     
  0.90798422257679789        1.8858133853518109     
  0.90799648480040329        1.9556847364931762     
  0.90800919187362339        2.0255589664873135     
  0.90802234368406243        2.0954361777324517     
  0.90803594011538846        2.1653164725828491     
  0.90804998104733425        2.2351999533472844     
  0.90806446635569771        2.3050867222875402     
  0.90807939591234321        2.3749768816168975     
  0.90809476958520174        2.4448705334986203     
  0.90811058723827287        2.5147677800444481     
  0.90812684873162453        2.5846687233130852     
  0.90814355392139468        2.6545734653086921     
  0.90816070265979187        2.7244821079793757     
  0.90817829479509671        2.7943947532156819     
  0.90819633017166235        2.8643115028490889     
  0.90821480862991566        2.9342324586504969     
  0.90823373000635887        3.0041577223287250     
  0.90825309413356969        3.0740873955290051     
  0.90827290084020329        3.1440215798314726     
  0.90829314995099297        3.2139603767496672     
  0.90831384128675152        3.2839038877290245     
  0.90833497466437252        3.3538522141453750     
  0.90835654989683134        3.4238054573034411     
  0.90837856679318651        3.4937637184353330     
  0.90840102515858123        3.5637270986990490     
  0.90842392479424416        3.6336956991769767     
  0.90844726549749144        3.7036696208743880     
  0.90847104706172743        3.7736489647179443     
  0.90849526927644664        3.8436338315541971     
  0.90851993192723468        3.9136243221480878     
  0.90854503479577020        3.9836205371814541     
  0.90857057765982607        4.0536225772515309     
  0.90859656029327085        4.1236305428694600     
  0.90862298246607043        4.1936445344587865     
  0.90864984394428983        4.2636646523539747     
  0.90867714449009451        4.3336909967989117     
  0.90870488386175174        4.4037236679454121     
  0.90873306181363300        4.4737627658517320     
  0.90876167809621500        4.5438083904810744     
  0.97841254036492264       -3.9136501614596906     
  0.97838598164662249       -3.8436592136117316     
  0.97835989722507610       -3.7736738892967221     
  0.97833428733118699       -3.7036940877537794     
  0.97830915219164927       -3.6337197081404118     
  0.97828449202894641       -3.5637506495340188     
  0.97826030706134948       -3.4937868109333912     
  0.97823659750291592       -3.4238280912602059     
  0.97821336356348776       -3.3538743893605294     
  0.97819060544869063       -3.2839256040063187     
  0.97816832335993176       -3.2139816338969189     
  0.97814651749439929       -3.1440423776605693     
  0.97812518804506066       -3.0741077338559051     
  0.97810433520066087       -3.0041776009734584     
  0.97808395914572210       -2.9342518774371662     
  0.97806406006054170       -2.8643304616058725     
  0.97804463812119136       -2.7944132517748321     
  0.97802569349951562       -2.7245001461772222     
  0.97800722636313131       -2.6545910429856421     
  0.97798923687542560       -2.5846858403136248     
  0.97797172519555553       -2.5147844362171430     
  0.97795469147844671       -2.4448867286961171     
  0.97793813587479239       -2.3749926156959242     
  0.97792205853105207       -2.3051019951089087     
  0.97790645958945133       -2.2352147647758889     
  0.97789133918797988       -2.1653308224876695     
  0.97787669746039130       -2.0954500659865527     
  0.97786253453620187       -2.0255723929678466     
  0.97784885054069004       -1.9556977010813801     
  0.97783564559489511       -1.8858258879330121     
  0.97782291981561675       -1.8159568510861455     
  0.97781067331541405       -1.7460904880632393     
  0.97779890620260490       -1.6762266963473227     
  0.97778761858126517       -1.6063653733835073     
  0.97777681055122811       -1.5365064165805014     
  0.97776648220808371       -1.4666497233121256     
  0.97775663364317777       -1.3967951909188254     
  0.97774726494361164       -1.3269427167091874     
  0.97773837619224147       -1.2570921979614533     
  0.97772996746767771       -1.1872435319250372     
  0.97772203884428455       -1.1173966158220396     
  0.97771459039217934       -1.0475513468487636     
  0.97770762217723250      -0.97770762217723250     
  0.97770113426106653      -0.90786533895670474     
  0.97769512670105596      -0.83802439431519082     
  0.97768959955032697      -0.76818468536097129     
  0.97768455285775691      -0.69834610918411200     
  0.97767998666797384      -0.62850856285798318     
  0.97767590102135671      -0.55867194344077531     
  0.97767229595403449      -0.48883614797701724     
  0.97766917149788657      -0.41900107349909421     
  0.97766652768054185      -0.34916661702876489     
  0.97766436452537908      -0.27933267557867975     
  0.97766268205152662      -0.20949914615389856     
  0.97766148027386224      -0.13966592575340891     
  0.97766075920301276       -6.9832911371643769E-002
  0.97766051884535443        0.0000000000000000     
  0.97766075920301276        6.9832911371643769E-002
  0.97766148027386224       0.13966592575340891     
  0.97766268205152662       0.20949914615389856     
  0.97766436452537908       0.27933267557867975     
  0.97766652768054185       0.34916661702876489     
  0.97766917149788657       0.41900107349909421     
  0.97767229595403449       0.48883614797701724     
  0.97767590102135671       0.55867194344077531     
  0.97767998666797384       0.62850856285798318     
  0.97768455285775691       0.69834610918411200     
  0.97768959955032697       0.76818468536097129     
  0.97769512670105596       0.83802439431519082     
  0.97770113426106653       0.90786533895670474     
  0.97770762217723250       0.97770762217723250     
  0.97771459039217934        1.0475513468487636     
  0.97772203884428455        1.1173966158220396     
  0.97772996746767771        1.1872435319250372     
  0.97773837619224147        1.2570921979614533     
  0.97774726494361164        1.3269427167091874     
  0.97775663364317777        1.3967951909188254     
  0.97776648220808371        1.4666497233121256     
  0.97777681055122811        1.5365064165805014     
  0.97778761858126517        1.6063653733835073     
  0.97779890620260490        1.6762266963473227     
  0.97781067331541405        1.7460904880632393     
  0.97782291981561675        1.8159568510861455     
  0.97783564559489511        1.8858258879330121     
  0.97784885054069004        1.9556977010813801     
  0.97786253453620187        2.0255723929678466     
  0.97787669746039130        2.0954500659865527     
  0.97789133918797988        2.1653308224876695     
  0.97790645958945133        2.2352147647758889     
  0.97792205853105207        2.3051019951089087     
  0.97793813587479239        2.3749926156959242     
  0.97795469147844671        2.4448867286961171     
  0.97797172519555553        2.5147844362171430     
  0.97798923687542560        2.5846858403136248     
  0.97800722636313131        2.6545910429856421     
  0.97802569349951562        2.7245001461772222     
  0.97804463812119136        2.7944132517748321     
  0.97806406006054170        2.8643304616058725     
  0.97808395914572210        2.9342518774371662     
  0.97810433520066087        3.0041776009734584     
  0.97812518804506066        3.0741077338559051     
  0.97814651749439929        3.1440423776605693     
  0.97816832335993176        3.2139816338969189     
  0.97819060544869063        3.2839256040063187     
  0.97821336356348776        3.3538743893605294     
  0.97823659750291592        3.4238280912602059     
  0.97826030706134948        3.4937868109333912     
  0.97828449202894641        3.5637506495340188     
  0.97830915219164927        3.6337197081404118     
  0.97833428733118699        3.7036940877537794     
  0.97835989722507610        3.7736738892967221     
  0.97838598164662249        3.8436592136117316     
  0.97841254036492264        3.9136501614596906     
   1.0480449341425770       -3.2140044647039030     
   1.0480215717154306       -3.1440647151462917     
   1.0479987197122824       -3.0741295778226951     
   1.0479763783353555       -3.0041989512280187     
   1.0479545477823480       -2.9342727337905745     
   1.0479332282464322       -2.8643508238735813     
   1.0479124199162524       -2.7944331197766727     
   1.0478921229759244       -2.7245195197374033     
   1.0478723376050338       -2.6546099219327521     
   1.0478530639786352       -2.5847042244806335     
   1.0478343022672507       -2.5148023254414018     
   1.0478160526368689       -2.4449041228193606     
   1.0477983152489434       -2.3750095145642711     
   1.0477810902603921       -2.3051183985728629     
   1.0477643778235968       -2.2352306726903399     
   1.0477481780864006       -2.1653462347118944     
   1.0477324911921082       -2.0954649823842164     
   1.0477173172794843       -2.0255868134070028     
   1.0477026564827532       -1.9557116254344726     
   1.0476885089315975       -1.8858393160768752     
   1.0476748747511571       -1.8159697829020054     
   1.0476617540620285       -1.7461029234367142     
   1.0476491469802649       -1.6762386351684238     
   1.0476370536173736       -1.6063768155466396     
   1.0476254740803170       -1.5365173619844648     
   1.0476144084715107       -1.4666601718601147     
   1.0476038568888233       -1.3968051425184309     
   1.0475938194255761       -1.3269521712723962     
   1.0475842961705415       -1.2571011554046498     
   1.0475752872079438       -1.1872519921690028     
   1.0475667926174570       -1.1174045787919542     
   1.0475588124742057       -1.0475588124742057     
   1.0475513468487636      -0.97771459039217934     
   1.0475443958071540      -0.90787180969953341     
   1.0475379594108480      -0.83803036752867832     
   1.0475320377167656      -0.76819016099229476     
   1.0475266307772744      -0.69835108718484951     
   1.0475217386401892      -0.62851304318411350     
   1.0475173613487725      -0.55867592605267868     
   1.0475134989417327      -0.48883963283947529     
   1.0475101514532261      -0.41900406058129047     
   1.0475073189128545      -0.34916910630428477     
   1.0475050013456659      -0.27933466702551091     
   1.0475031987721546      -0.20950063975443090     
   1.0475019112082606      -0.13966692149443477     
   1.0475011386653701       -6.9833409244358005E-002
   1.0475008811503139        0.0000000000000000     
   1.0475011386653701        6.9833409244358005E-002
   1.0475019112082606       0.13966692149443477     
   1.0475031987721546       0.20950063975443090     
   1.0475050013456659       0.27933466702551091     
   1.0475073189128545       0.34916910630428477     
   1.0475101514532261       0.41900406058129047     
   1.0475134989417327       0.48883963283947529     
   1.0475173613487725       0.55867592605267868     
   1.0475217386401892       0.62851304318411350     
   1.0475266307772744       0.69835108718484951     
   1.0475320377167656       0.76819016099229476     
   1.0475379594108480       0.83803036752867832     
   1.0475443958071540       0.90787180969953341     
   1.0475513468487636       0.97771459039217934     
   1.0475588124742057        1.0475588124742057     
   1.0475667926174570        1.1174045787919542     
   1.0475752872079438        1.1872519921690028     
   1.0475842961705415        1.2571011554046498     
   1.0475938194255761        1.3269521712723962     
   1.0476038568888233        1.3968051425184309     
   1.0476144084715107        1.4666601718601147     
   1.0476254740803170        1.5365173619844648     
   1.0476370536173736        1.6063768155466396     
   1.0476491469802649        1.6762386351684238     
   1.0476617540620285        1.7461029234367142     
   1.0476748747511571        1.8159697829020054     
   1.0476885089315975        1.8858393160768752     
   1.0477026564827532        1.9557116254344726     
   1.0477173172794843        2.0255868134070028     
   1.0477324911921082        2.0954649823842164     
   1.0477481780864006        2.1653462347118944     
   1.0477643778235968        2.2352306726903399     
   1.0477810902603921        2.3051183985728629     
   1.0477983152489434        2.3750095145642711     
   1.0478160526368689        2.4449041228193606     
   1.0478343022672507        2.5148023254414018     
   1.0478530639786352        2.5847042244806335     
   1.0478723376050338        2.6546099219327521     
   1.0478921229759244        2.7245195197374033     
   1.0479124199162524        2.7944331197766727     
   1.0479332282464322        2.8643508238735813     
   1.0479545477823480        2.9342727337905745     
   1.0479763783353555        3.0041989512280187     
   1.0479987197122824        3.0741295778226951     
   1.0480215717154306        3.1440647151462917     
   1.0480449341425770        3.2140044647039030     
   1.1176789557551547       -2.4449227157144007     
   1.1176600367399434       -2.3750275780723795     
   1.1176416642590237       -2.3051359325342360     
   1.1176238384749317       -2.2352476769498635     
   1.1176065595453644       -2.1653627091191430     
   1.1175898276231764       -2.0954809267934555     
   1.1175736428563807       -2.0256022276771897     
   1.1175580053881466       -1.9557265094292564     
   1.1175429153567997       -1.8858536696645991     
   1.1175283728958194       -1.8159836059557064     
   1.1175143781338399       -1.7461162158341248     
   1.1175009311946480       -1.6762513967919719     
   1.1174880321971830       -1.6063890462834505     
   1.1174756812555351       -1.5365290617263607     
   1.1174638784789459       -1.4666713405036162     
   1.1174526239718063       -1.3968157799647576     
   1.1174419178336568       -1.3269622774274672     
   1.1174317601591863       -1.2571107301790845     
   1.1174221510382316       -1.1872610354781210     
   1.1174130905557773       -1.1174130905557773     
   1.1174045787919542       -1.0475667926174570     
   1.1173966158220396      -0.97772203884428455     
   1.1173892017164564      -0.90787872639462086     
   1.1173823365407731      -0.83803675240557973     
   1.1173760203557028      -0.76819601399454562     
   1.1173702532171030      -0.69835640826068934     
   1.1173650351759754      -0.62851783228648606     
   1.1173603662784652      -0.55868018313923262     
   1.1173562465658613      -0.48884335787256428     
   1.1173526760745958      -0.41900725352797330     
   1.1173496548362429      -0.34917176713632586     
   1.1173471828775208      -0.27933679571938019     
   1.1173452602202893      -0.20950223629130421     
   1.1173438868815506      -0.13966798586019383     
   1.1173430628734495       -6.9833941429590596E-002
   1.1173427882032729        0.0000000000000000     
   1.1173430628734495        6.9833941429590596E-002
   1.1173438868815506       0.13966798586019383     
   1.1173452602202893       0.20950223629130421     
   1.1173471828775208       0.27933679571938019     
   1.1173496548362429       0.34917176713632586     
   1.1173526760745958       0.41900725352797330     
   1.1173562465658613       0.48884335787256428     
   1.1173603662784652       0.55868018313923262     
   1.1173650351759754       0.62851783228648606     
   1.1173702532171030       0.69835640826068934     
   1.1173760203557028       0.76819601399454562     
   1.1173823365407731       0.83803675240557973     
   1.1173892017164564       0.90787872639462086     
   1.1173966158220396       0.97772203884428455     
   1.1174045787919542        1.0475667926174570     
   1.1174130905557773        1.1174130905557773     
   1.1174221510382316        1.1872610354781210     
   1.1174317601591863        1.2571107301790845     
   1.1174419178336568        1.3269622774274672     
   1.1174526239718063        1.3968157799647576     
   1.1174638784789459        1.4666713405036162     
   1.1174756812555351        1.5365290617263607     
   1.1174880321971830        1.6063890462834505     
   1.1175009311946480        1.6762513967919719     
   1.1175143781338399        1.7461162158341248     
   1.1175283728958194        1.8159836059557064     
   1.1175429153567997        1.8858536696645991     
   1.1175580053881466        1.9557265094292564     
   1.1175736428563807        2.0256022276771897     
   1.1175898276231764        2.0954809267934555     
   1.1176065595453644        2.1653627091191430     
   1.1176238384749317        2.2352476769498635     
   1.1176416642590237        2.3051359325342360     
   1.1176600367399434        2.3750275780723795     
   1.1176789557551547        2.4449227157144007     
   1.1873149950212045       -1.4666832291438407     
   1.1873030376891602       -1.3968271031637178     
   1.1872916629708026       -1.3269730350850149     
   1.1872808709667364       -1.2571209222000739     
   1.1872706617724114       -1.1872706617724114     
   1.1872610354781210       -1.1174221510382316     
   1.1872519921690028       -1.0475752872079438     
   1.1872435319250372      -0.97772996746767771     
   1.1872356548210468      -0.90788608898080059     
   1.1872283609266967      -0.83804354888943300     
   1.1872216503064930      -0.76820224431596607     
   1.1872155230197829      -0.69836207236457815     
   1.1872099791207547      -0.62852293012275251     
   1.1872050186584366      -0.55868471466279379     
   1.1872006416766971      -0.48884732304334588     
   1.1871968482142443      -0.41901065231090973     
   1.1871936383046255      -0.34917459950136043     
   1.1871910119762275      -0.27933906164146532     
   1.1871889692522761      -0.20950393575040169     
   1.1871875101508360      -0.13966911884127486     
   1.1871866346848106       -6.9834507922635930E-002
   1.1871863428619420        0.0000000000000000     
   1.1871866346848106        6.9834507922635930E-002
   1.1871875101508360       0.13966911884127486     
   1.1871889692522761       0.20950393575040169     
   1.1871910119762275       0.27933906164146532     
   1.1871936383046255       0.34917459950136043     
   1.1871968482142443       0.41901065231090973     
   1.1872006416766971       0.48884732304334588     
   1.1872050186584366       0.55868471466279379     
   1.1872099791207547       0.62852293012275251     
   1.1872155230197829       0.69836207236457815     
   1.1872216503064930       0.76820224431596607     
   1.1872283609266967       0.83804354888943300     
   1.1872356548210468       0.90788608898080059     
   1.1872435319250372       0.97772996746767771     
   1.1872519921690028        1.0475752872079438     
   1.1872610354781210        1.1174221510382316     
   1.1872706617724114        1.1872706617724114     
   1.1872808709667364        1.2571209222000739     
   1.1872916629708026        1.3269730350850149     
   1.1873030376891602        1.3968271031637178     
   1.1873149950212045        1.4666832291438407     
   2.0999619252554522       -6.6498794299755986     
   2.0998659580853714       -6.5795800020008306     
   2.0997709799262712       -6.5092900377714402     
   2.0996769916210303       -6.4390094409711605     
   2.0996769916210303        6.4390094409711605     
   2.0997709799262712        6.5092900377714402     
   2.0998659580853714        6.5795800020008306     
   2.0999619252554522        6.6498794299755986     
   2.1699926561375538       -6.6499774946150847     
   2.1698934990460383       -6.5796770616234719     
   2.1697953638386127       -6.5093860915158377     
   2.1696982513862149       -6.4391044879848964     
   2.1696021625506536       -6.3688321545841768     
   2.1695070981846030       -6.2985689947294921     
   2.1694130591315952       -6.2283149117003873     
   2.1693200462260167       -6.1580698086415957     
   2.1693200462260167        6.1580698086415957     
   2.1694130591315952        6.2283149117003873     
   2.1695070981846030        6.2985689947294921     
   2.1696021625506536        6.3688321545841768     
   2.1696982513862149        6.4391044879848964     
   2.1697953638386127        6.5093860915158377     
   2.1698934990460383        6.5796770616234719     
   2.1699926561375538        6.6499774946150847     
   2.2399241852931797       -6.5797772942987152     
   2.2398228939114819       -6.5094852854302436     
   2.2397226581767429       -6.4392026422581345     
   2.2396234789785319       -6.3689292683451990     
   2.2395253571969902       -6.2986650671165334     
   2.2394282937028227       -6.2284099418609751     
   2.2393322893572929       -6.1581637957325546     
   2.2392373450122158       -6.0879265317519611     
   2.2391434615099541       -6.0176980528080009     
   2.2390506396834087       -5.9474782616590538     
   2.2389588803560163       -5.8772670609345417     
   2.2389588803560163        5.8772670609345417     
   2.2390506396834087        5.9474782616590538     
   2.2391434615099541        6.0176980528080009     
   2.2392373450122158        6.0879265317519611     
   2.2393322893572929        6.1581637957325546     
   2.2394282937028227        6.2284099418609751     
   2.2395253571969902        6.2986650671165334     
   2.2396234789785319        6.3689292683451990     
   2.2397226581767429        6.4392026422581345     
   2.2398228939114819        6.5094852854302436     
   2.2399241852931797        6.5797772942987152     
   2.3099581177809974       -6.5798806991337502     
   2.3098536711272111       -6.5095876186312305     
   2.3097503130027790       -6.4393039029168380     
   2.3096480443250287       -6.3690294555629574     
   2.3095468660015639       -6.2987641800042642     
   2.3094467789302584       -6.2285079795391818     
   2.3093477839992502       -6.1582607573313330     
   2.3092498820869336       -6.0880224164110066     
   2.3091530740619555       -6.0177928596766099     
   2.3090573607832061       -5.9475719898961374     
   2.3089627430998165       -5.8773597097086236     
   2.3088692218511495       -5.8071559216256183     
   2.3087767978667957       -5.7369605280326432     
   2.3086854719665659       -5.6667734311906619     
   2.3085952449604883       -5.5965945332375462     
   2.3085952449604883        5.5965945332375462     
   2.3086854719665659        5.6667734311906619     
   2.3087767978667957        5.7369605280326432     
   2.3088692218511495        5.8071559216256183     
   2.3089627430998165        5.8773597097086236     
   2.3090573607832061        5.9475719898961374     
   2.3091530740619555        6.0177928596766099     
   2.3092498820869336        6.0880224164110066     
   2.3093477839992502        6.1582607573313330     
   2.3094467789302584        6.2285079795391818     
   2.3095468660015639        6.2987641800042642     
   2.3096480443250287        6.3690294555629574     
   2.3097503130027790        6.4393039029168380     
   2.3098536711272111        6.5095876186312305     
   2.3099581177809974        6.5798806991337502     
   2.3799953974154753       -6.5799872752074906     
   2.3798877964199074       -6.5096930902073940     
   2.3797813168262580       -6.4394082690592871     
   2.3796759595796075       -6.3691327153454207     
   2.3795717256150200       -6.2988663325103467     
   2.3794686158575331       -6.2286090238623668     
   2.3793666312221555       -6.1583606925749912     
   2.3792657726138584       -6.0881212416884019     
   2.3791660409275677       -6.0178905741109068     
   2.3790674370481613       -5.9476685926204036     
   2.3789699618504589       -5.8774551998658406     
   2.3788736161992197       -5.8072502983686833     
   2.3787784009491326       -5.7370537905243797     
   2.3786843169448133       -5.6668655786038205     
   2.3785913650207959       -5.5966855647548144     
   2.3784995460015295       -5.5265136510035537     
   2.3784088607013696       -5.4563497392560834     
   2.3783193099245752       -5.3861937312997732     
   2.3782308944653012       -5.3160455288047919     
   2.3782308944653012        5.3160455288047919     
   2.3783193099245752        5.3861937312997732     
   2.3784088607013696        5.4563497392560834     
   2.3784995460015295        5.5265136510035537     
   2.3785913650207959        5.5966855647548144     
   2.3786843169448133        5.6668655786038205     
   2.3787784009491326        5.7370537905243797     
   2.3788736161992197        5.8072502983686833     
   2.3789699618504589        5.8774551998658406     
   2.3790674370481613        5.9476685926204036     
   2.3791660409275677        6.0178905741109068     
   2.3792657726138584        6.0881212416884019     
   2.3793666312221555        6.1583606925749912     
   2.3794686158575331        6.2286090238623668     
   2.3795717256150200        6.2988663325103467     
   2.3796759595796075        6.3691327153454207     
   2.3797813168262580        6.4394082690592871     
   2.3798877964199074        6.5096930902073940     
   2.3799953974154753        6.5799872752074906     
   2.4499253706739514       -6.5098016992193566     
   2.4498157705593804       -6.4395157397560858     
   2.4497073256819930       -6.3692390467731812     
   2.4496000370043078       -6.2989715237253616     
   2.4494939054785245       -6.2287130739311056     
   2.4493889320465181       -6.1584636005741027     
   2.4492851176398314       -6.0882230067047232     
   2.4491824631796684       -6.0179911952414695     
   2.4490809695768876       -5.9477680689724410     
   2.4489806377319971       -5.8775535305567930     
   2.4488814685351463       -5.8073474825262030     
   2.4487834628661203       -5.7371498272863386     
   2.4486866215943346       -5.6669604671183169     
   2.4485909455788279       -5.5967793041801777     
   2.4484964356682566       -5.5266062405083503     
   2.4484030927008886       -5.4564411780191229     
   2.4483109175045974       -5.3862840185101142     
   2.4482199108968570       -5.3161346636617468     
   2.4481300736847351       -5.2459930150387182     
   2.4480414066648888       -5.1758589740914784     
   2.4479539106235571       -5.1057324421577039     
   2.4478675863365575       -5.0356133204637752     
   2.4478675863365575        5.0356133204637752     
   2.4479539106235571        5.1057324421577039     
   2.4480414066648888        5.1758589740914784     
   2.4481300736847351        5.2459930150387182     
   2.4482199108968570        5.3161346636617468     
   2.4483109175045974        5.3862840185101142     
   2.4484030927008886        5.4564411780191229     
   2.4484964356682566        5.5266062405083503     
   2.4485909455788279        5.5967793041801777     
   2.4486866215943346        5.6669604671183169     
   2.4487834628661203        5.7371498272863386     
   2.4488814685351463        5.8073474825262030     
   2.4489806377319971        5.8775535305567930     
   2.4490809695768876        5.9477680689724410     
   2.4491824631796684        6.0179911952414695     
   2.4492851176398314        6.0882230067047232     
   2.4493889320465181        6.1584636005741027     
   2.4494939054785245        6.2287130739311056     
   2.4496000370043078        6.2989715237253616     
   2.4497073256819930        6.3692390467731812     
   2.4498157705593804        6.4395157397560858     
   2.4499253706739514        6.5098016992193566     
   2.5199664947224942       -6.5099134446997766     
   2.5198537750631109       -6.4396263140501722     
   2.5197422435206653       -6.3693484488994594     
   2.5196319010851278       -6.2990797527128191     
   2.5195227487358549       -6.2288201288191969     
   2.5194147874415842       -6.1585694804127620     
   2.5193080181604270       -6.0883277105543652     
   2.5192024418398598       -6.0180947221729975     
   2.5190980594167200       -5.9478704180672555     
   2.5189948718171982       -5.8776547009067954     
   2.5188928799568315       -5.8074474732338057     
   2.5187920847404981       -5.7372486374644680     
   2.5186924870624088       -5.6670580958904191     
   2.5185940878061031       -5.5968757506802289     
   2.5184968878444418       -5.5267015038808589     
   2.5184008880396012       -5.4565352574191355     
   2.5183060892430666       -5.3863769131032253     
   2.5182124922956266       -5.3162263726241008     
   2.5181200980273677       -5.2460835375570163     
   2.5180289072576683       -5.1759483093629850     
   2.5179389207951925       -5.1058205893902517     
   2.5178501394378849       -5.0357002788757699     
   2.5177625639729642       -4.9655872789466793     
   2.5176761951769202       -4.8954814906217896     
   2.5175910338155054       -4.8253828148130520     
   2.5175070806437310       -4.7552911523270476     
   2.5175070806437310        4.7552911523270476     
   2.5175910338155054        4.8253828148130520     
   2.5176761951769202        4.8954814906217896     
   2.5177625639729642        4.9655872789466793     
   2.5178501394378849        5.0357002788757699     
   2.5179389207951925        5.1058205893902517     
   2.5180289072576683        5.1759483093629850     
   2.5181200980273677        5.2460835375570163     
   2.5182124922956266        5.3162263726241008     
   2.5183060892430666        5.3863769131032253     
   2.5184008880396012        5.4565352574191355     
   2.5184968878444418        5.5267015038808589     
   2.5185940878061031        5.5968757506802289     
   2.5186924870624088        5.6670580958904191     
   2.5187920847404981        5.7372486374644680     
   2.5188928799568315        5.8074474732338057     
   2.5189948718171982        5.8776547009067954     
   2.5190980594167200        5.9478704180672555     
   2.5192024418398598        6.0180947221729975     
   2.5193080181604270        6.0883277105543652     
   2.5194147874415842        6.1585694804127620     
   2.5195227487358549        6.2288201288191969     
   2.5196319010851278        6.2990797527128191     
   2.5197422435206653        6.3693484488994594     
   2.5198537750631109        6.4396263140501722     
   2.5199664947224942        6.5099134446997766     
   2.5898954311456781       -6.4397399909568218     
   2.5897808139313638       -6.3694609207501109     
   2.5896674187204316       -6.2991910185091582     
   2.5895552465193914       -6.2289301875736722     
   2.5894442983238397       -6.1586783311485922     
   2.5893345751184502       -6.0884353523055461     
   2.5892260778769707       -6.0182011539843101     
   2.5891188075622114       -5.9479756389942704     
   2.5890127651260433       -5.8777587100158817     
   2.5889079515093862       -5.8075502696021370     
   2.5888043676422070       -5.7373502201800273     
   2.5887020144435100       -5.6671584640520081     
   2.5886008928213307       -5.5969749033974709     
   2.5885010036727305       -5.5267994402742087     
   2.5884023478837905       -5.4566319766198834     
   2.5883049263296045       -5.3864724142535012     
   2.5882087398742728       -5.3163206548768853     
   2.5881137893708965       -5.2461766000761418     
   2.5880200756615723       -5.1760401513231447     
   2.5879275995773852       -5.1059112099770045     
   2.5878363619384039       -5.0357896772855435     
   2.5877463635536744       -4.9656754543867807     
   2.5876576052212146       -4.8955684423104060     
   2.5875700877280083       -4.8254685419792587     
   2.5874838118500012       -4.7553756542108134     
   2.5873987783520942       -4.6852896797186574     
   2.5873149879881381       -4.6152105191139770     
   2.5872324415009293       -4.5451380729070374     
   2.5871511396222031       -4.4750722415086761     
   2.5871511396222031        4.4750722415086761     
   2.5872324415009293        4.5451380729070374     
   2.5873149879881381        4.6152105191139770     
   2.5873987783520942        4.6852896797186574     
   2.5874838118500012        4.7553756542108134     
   2.5875700877280083        4.8254685419792587     
   2.5876576052212146        4.8955684423104060     
   2.5877463635536744        4.9656754543867807     
   2.5878363619384039        5.0357896772855435     
   2.5879275995773852        5.1059112099770045     
   2.5880200756615723        5.1760401513231447     
   2.5881137893708965        5.2461766000761418     
   2.5882087398742728        5.3163206548768853     
   2.5883049263296045        5.3864724142535012     
   2.5884023478837905        5.4566319766198834     
   2.5885010036727305        5.5267994402742087     
   2.5886008928213307        5.5969749033974709     
   2.5887020144435100        5.6671584640520081     
   2.5888043676422070        5.7373502201800273     
   2.5889079515093862        5.8075502696021370     
   2.5890127651260433        5.8777587100158817     
   2.5891188075622114        5.9479756389942704     
   2.5892260778769707        6.0182011539843101     
   2.5893345751184502        6.0884353523055461     
   2.5894442983238397        6.1586783311485922     
   2.5895552465193914        6.2289301875736722     
   2.5896674187204316        6.2991910185091582     
   2.5897808139313638        6.3694609207501109     
   2.5898954311456781        6.4397399909568218     
   2.6599408395610742       -6.4398567694636535     
   2.6598231376955837       -6.3695764613236348     
   2.6597066907189211       -6.2993053201237599     
   2.6595914996647450       -6.2290432492147971     
   2.6594775655555054       -6.1587901518127488     
   2.6593648894024375       -6.0885459310003167     
   2.6592534722055530       -6.0183104897283561     
   2.6591433149536332       -5.9480837308173378     
   2.6590344186242239       -5.8778655569588096     
   2.6589267841836248       -5.8076558707168644     
   2.6588204125868877       -5.7374545745295995     
   2.6587153047778047       -5.6672615707105836     
   2.6586114616889054       -5.5970767614503263     
   2.6585088842414479       -5.5269000488177467     
   2.6584075733454142       -5.4567313347616393     
   2.6583075298995023       -5.3865705211121488     
   2.6582087547911208       -5.3164175095822417     
   2.6581112488963829       -5.2462722017691767     
   2.6580150130800995       -5.1761344991559826     
   2.6579200481957725       -5.1060043031129316     
   2.6578263550855921       -5.0358815148990166     
   2.6577339345804272       -4.9657660356634290     
   2.6576427874998210       -4.8956577664470391     
   2.6575529146519865       -4.8255566081838701     
   2.6574643168337997       -4.7554624617025887     
   2.6573769948307935       -4.6853752277279774     
   2.6572909494171535       -4.6152948068824236     
   2.6572061813557122       -4.5452210996874021     
   2.6571226913979440       -4.4751540065649582     
   2.6570404802839591       -4.4050934278391951     
   2.6569595487425000       -4.3350392637377624     
   2.6568798974909340       -4.2649914143933412     
   2.6568015272352516       -4.1949497798451336     
   2.6567244386700586       -4.1249142600403532     
   2.6567244386700586        4.1249142600403532     
   2.6568015272352516        4.1949497798451336     
   2.6568798974909340        4.2649914143933412     
   2.6569595487425000        4.3350392637377624     
   2.6570404802839591        4.4050934278391951     
   2.6571226913979440        4.4751540065649582     
   2.6572061813557122        4.5452210996874021     
   2.6572909494171535        4.6152948068824236     
   2.6573769948307935        4.6853752277279774     
   2.6574643168337997        4.7554624617025887     
   2.6575529146519865        4.8255566081838701     
   2.6576427874998210        4.8956577664470391     
   2.6577339345804272        4.9657660356634290     
   2.6578263550855921        5.0358815148990166     
   2.6579200481957725        5.1060043031129316     
   2.6580150130800995        5.1761344991559826     
   2.6581112488963829        5.2462722017691767     
   2.6582087547911208        5.3164175095822417     
   2.6583075298995023        5.3865705211121488     
   2.6584075733454142        5.4567313347616393     
   2.6585088842414479        5.5269000488177467     
   2.6586114616889054        5.5970767614503263     
   2.6587153047778047        5.6672615707105836     
   2.6588204125868877        5.7374545745295995     
   2.6589267841836248        5.8076558707168644     
   2.6590344186242239        5.8778655569588096     
   2.6591433149536332        5.9480837308173378     
   2.6592534722055530        6.0183104897283561     
   2.6593648894024375        6.0885459310003167     
   2.6594775655555054        6.1587901518127488     
   2.6595914996647450        6.2290432492147971     
   2.6597066907189211        6.2993053201237599     
   2.6598231376955837        6.3695764613236348     
   2.6599408395610742        6.4398567694636535     
   2.7299901010075533       -6.4399766485306396     
   2.7298693155390752       -6.3696950695911756     
   2.7297498178335449       -6.2994226565389493     
   2.7296316089517654       -6.2291593127360807     
   2.7295146899430374       -6.1589049414099311     
   2.7293990618451511       -6.0886594456545673     
   2.7292847256843791       -6.0184227284322205     
   2.7291716824754699       -5.9481946925747424     
   2.7290599332216390       -5.8779752407850685     
   2.7289494789145632       -5.8077642756386849     
   2.7288403205343736       -5.7375616995850933     
   2.7287324590496480       -5.6673674149492692     
   2.7286258954174047       -5.5971813239331381     
   2.7285206305830960       -5.5270033286170408     
   2.7284166654805997       -5.4568333309611994     
   2.7283140010322153       -5.3866712328071937     
   2.7282126381486558       -5.3165169358794317     
   2.7281125777290418       -5.2463703417866192     
   2.7280138206608955       -5.1762313520232368     
   2.7279163678201335       -5.1060998679710190     
   2.7278202200710617       -5.0359757909004221     
   2.7277253782663697       -4.9658590219721086     
   2.7276318432471234       -4.8957494622384274     
   2.7275396158427605       -4.8256470126448834     
   2.7274486968710834       -4.7555515740316316     
   2.7273590871382547       -4.6854630471349505     
   2.7272707874387918       -4.6153813325887247     
   2.7271837985555609       -4.5453063309259347     
   2.7270981212597700       -4.4752379425801356     
   2.7270137563109671       -4.4051760678869467     
   2.7269307044570321       -4.3351206070855381     
   2.7268489664341722       -4.2650714603201152     
   2.7267685429669175       -4.1950285276414121     
   2.7266894347681170       -4.1249917090081762     
   2.7266116425389297       -4.0549609042886647     
   2.7265351669688251       -3.9849360132621294     
   2.7264600087355748       -3.9149169356203126     
   2.7263861685052491       -3.8449035709689410     
   2.7263861685052491        3.8449035709689410     
   2.7264600087355748        3.9149169356203126     
   2.7265351669688251        3.9849360132621294     
   2.7266116425389297        4.0549609042886647     
   2.7266894347681170        4.1249917090081762     
   2.7267685429669175        4.1950285276414121     
   2.7268489664341722        4.2650714603201152     
   2.7269307044570321        4.3351206070855381     
   2.7270137563109671        4.4051760678869467     
   2.7270981212597700        4.4752379425801356     
   2.7271837985555609        4.5453063309259347     
   2.7272707874387918        4.6153813325887247     
   2.7273590871382547        4.6854630471349505     
   2.7274486968710834        4.7555515740316316     
   2.7275396158427605        4.8256470126448834     
   2.7276318432471234        4.8957494622384274     
   2.7277253782663697        4.9658590219721086     
   2.7278202200710617        5.0359757909004221     
   2.7279163678201335        5.1060998679710190     
   2.7280138206608955        5.1762313520232368     
   2.7281125777290418        5.2463703417866192     
   2.7282126381486558        5.3165169358794317     
   2.7283140010322153        5.3866712328071937     
   2.7284166654805997        5.4568333309611994     
   2.7285206305830960        5.5270033286170408     
   2.7286258954174047        5.5971813239331381     
   2.7287324590496480        5.6673674149492692     
   2.7288403205343736        5.7375616995850933     
   2.7289494789145632        5.8077642756386849     
   2.7290599332216390        5.8779752407850685     
   2.7291716824754699        5.9481946925747424     
   2.7292847256843791        6.0184227284322205     
   2.7293990618451511        6.0886594456545673     
   2.7295146899430374        6.1589049414099311     
   2.7296316089517654        6.2291593127360807     
   2.7297498178335449        6.2994226565389493     
   2.7298693155390752        6.3696950695911756     
   2.7299901010075533        6.4399766485306396     
   2.7999194481303462       -6.3698167444965383     
   2.7997969007600028       -6.2995430267100065     
   2.7996756751030478       -6.2292783771042828     
   2.7995557722356277       -6.1590226989183812     
   2.7994371932220834       -6.0887758952580322     
   2.7993199391149450       -6.0185378690971314     
   2.7992040109549219       -5.9483085232792092     
   2.7990894097708972       -5.8780877605188842     
   2.7989761365799191       -5.8078754834033326     
   2.7988641923871955       -5.7376715943937517     
   2.7987535781860848       -5.6674759958268224     
   2.7986442949580903       -5.5972885899161806     
   2.7985363436728536       -5.5271092787538860     
   2.7984297252881456       -5.4569379643118845     
   2.7983244407498633       -5.3867745484434870     
   2.7982204909920201       -5.3166189328848388     
   2.7981178769367405       -5.2464710192563881     
   2.7980165994942534       -5.1763307090643691     
   2.7979166595628873       -5.1061979037022702     
   2.7978180580290610       -5.0360725044523100     
   2.7977207957672801       -4.9659544124869219     
   2.7976248736401295       -4.8958435288702278     
   2.7975302924982683       -4.8257397545595131     
   2.7974370531804227       -4.7556429904067183     
   2.7973451565133818       -4.6855531371599151     
   2.7972546033119912       -4.6154700954647856     
   2.7971653943791455       -4.5453937658661117     
   2.7970775305057867       -4.4753240488092594     
   2.7969910124708948       -4.4052608446416599     
   2.7969058410414851       -4.3352040536143015     
   2.7968220169726012       -4.2651535758832173     
   2.7967395410073119       -4.1951093115109677     
   2.7966584138767026       -4.1250711604681367     
   2.7965786362998744       -4.0550390226348174     
   2.7965002089839359       -3.9850127978021095     
   2.7964231326240010       -3.9149923856736013     
   2.7963474079031809       -3.8449776858668741     
   2.7962730354925829       -3.7749685979149867     
   2.7962000160513036       -3.7049650212679772     
   2.7961283502264247       -3.6349668552943526     
   2.7960580386530101       -3.5649739992825880     
   2.7960580386530101        3.5649739992825880     
   2.7961283502264247        3.6349668552943526     
   2.7962000160513036        3.7049650212679772     
   2.7962730354925829        3.7749685979149867     
   2.7963474079031809        3.8449776858668741     
   2.7964231326240010        3.9149923856736013     
   2.7965002089839359        3.9850127978021095     
   2.7965786362998744        4.0550390226348174     
   2.7966584138767026        4.1250711604681367     
   2.7967395410073119        4.1951093115109677     
   2.7968220169726012        4.2651535758832173     
   2.7969058410414851        4.3352040536143015     
   2.7969910124708948        4.4052608446416599     
   2.7970775305057867        4.4753240488092594     
   2.7971653943791455        4.5453937658661117     
   2.7972546033119912        4.6154700954647856     
   2.7973451565133818        4.6855531371599151     
   2.7974370531804227        4.7556429904067183     
   2.7975302924982683        4.8257397545595131     
   2.7976248736401295        4.8958435288702278     
   2.7977207957672801        4.9659544124869219     
   2.7978180580290610        5.0360725044523100     
   2.7979166595628873        5.1061979037022702     
   2.7980165994942534        5.1763307090643691     
   2.7981178769367405        5.2464710192563881     
   2.7982204909920201        5.3166189328848388     
   2.7983244407498633        5.3867745484434870     
   2.7984297252881456        5.4569379643118845     
   2.7985363436728536        5.5271092787538860     
   2.7986442949580903        5.5972885899161806     
   2.7987535781860848        5.6674759958268224     
   2.7988641923871955        5.7376715943937517     
   2.7989761365799191        5.8078754834033326     
   2.7990894097708972        5.8780877605188842     
   2.7992040109549219        5.9483085232792092     
   2.7993199391149450        6.0185378690971314     
   2.7994371932220834        6.0887758952580322     
   2.7995557722356277        6.1590226989183812     
   2.7996756751030478        6.2292783771042828     
   2.7997969007600028        6.2995430267100065     
   2.7999194481303462        6.3698167444965383     
   2.8699736360791612       -6.3699414849561871     
   2.8698480401352446       -6.2996664295651703     
   2.8697237987824296       -6.2294004412594202     
   2.8696009131237035       -6.1591434232899003     
   2.8694793842499555       -6.0888952787742952     
   2.8693592132399668       -6.0186559106984658     
   2.8692404011604045       -5.9484252219179119     
   2.8691229490658143       -5.8782031151592289     
   2.8690068579986128       -5.8079894930215810     
   2.8688921289890783       -5.7377842579781566     
   2.8687787630553472       -5.6675873123776368     
   2.8686667612034040       -5.5973985584456658     
   2.8685561244270743       -5.5272178982863132     
   2.8684468537080194       -5.4570452338835489     
   2.8683389500157288       -5.3868804671027091     
   2.8682324143075126       -5.3167234996919746     
   2.8681272475284953       -5.2465742332838330     
   2.8680234506116111       -5.1764325693965656     
   2.8679210244775928       -5.1062984094357144     
   2.8678199700349705       -5.0361716546955577     
   2.8677202881800619       -4.9660522063605939     
   2.8676219797969673       -4.8959399655070177     
   2.8675250457575636       -4.8258348331041923     
   2.8674294869214982       -4.7557367100161434     
   2.8673353041361822       -4.6856454970030299     
   2.8672424982367852       -4.6155610947226302     
   2.8671510700462299       -4.5454834037318284     
   2.8670610203751861       -4.4754123244880955     
   2.8669723500220643       -4.4053477573509765     
   2.8668850597730113       -4.3352896025835781     
   2.8667991504019046       -4.2652377603540526     
   2.8667146226703468       -4.1951921307370927     
   2.8666314773276595       -4.1251526137154126     
   2.8665497151108807       -4.0551191091812449     
   2.8664693367447565       -3.9850915169378323     
   2.8663903429417390       -3.9150697367009117     
   2.8663127344019794       -3.8450536681002165     
   2.8662365118133248       -3.7750432106809639     
   2.8661616758513113       -3.7050382639053532     
   2.8660882271791617       -3.6350387271540585     
   2.8660161664477801       -3.5650444997277262     
   2.8659454942957470       -3.4950554808484720     
   2.8658762113493155       -3.4250715696613772     
   2.8658083182224070       -3.3550926652359885     
   2.8657418155166066       -3.2851186665678171     
   2.8656767038211592       -3.2151494725798373     
   2.8656767038211592        3.2151494725798373     
   2.8657418155166066        3.2851186665678171     
   2.8658083182224070        3.3550926652359885     
   2.8658762113493155        3.4250715696613772     
   2.8659454942957470        3.4950554808484720     
   2.8660161664477801        3.5650444997277262     
   2.8660882271791617        3.6350387271540585     
   2.8661616758513113        3.7050382639053532     
   2.8662365118133248        3.7750432106809639     
   2.8663127344019794        3.8450536681002165     
   2.8663903429417390        3.9150697367009117     
   2.8664693367447565        3.9850915169378323     
   2.8665497151108807        4.0551191091812449     
   2.8666314773276595        4.1251526137154126     
   2.8667146226703468        4.1951921307370927     
   2.8667991504019046        4.2652377603540526     
   2.8668850597730113        4.3352896025835781     
   2.8669723500220643        4.4053477573509765     
   2.8670610203751861        4.4754123244880955     
   2.8671510700462299        4.5454834037318284     
   2.8672424982367852        4.6155610947226302     
   2.8673353041361822        4.6856454970030299     
   2.8674294869214982        4.7557367100161434     
   2.8675250457575636        4.8258348331041923     
   2.8676219797969673        4.8959399655070177     
   2.8677202881800619        4.9660522063605939     
   2.8678199700349705        5.0361716546955577     
   2.8679210244775928        5.1062984094357144     
   2.8680234506116111        5.1764325693965656     
   2.8681272475284953        5.2465742332838330     
   2.8682324143075126        5.3167234996919746     
   2.8683389500157288        5.3868804671027091     
   2.8684468537080194        5.4570452338835489     
   2.8685561244270743        5.5272178982863132     
   2.8686667612034040        5.5973985584456658     
   2.8687787630553472        5.6675873123776368     
   2.8688921289890783        5.7377842579781566     
   2.8690068579986128        5.8079894930215810     
   2.8691229490658143        5.8782031151592289     
   2.8692404011604045        5.9484252219179119     
   2.8693592132399668        6.0186559106984658     
   2.8694793842499555        6.0888952787742952     
   2.8696009131237035        6.1591434232899003     
   2.8697237987824296        6.2294004412594202     
   2.8698480401352446        6.2996664295651703     
   2.8699736360791612        6.3699414849561871     
   2.9399033365359690       -6.2997928640056475     
   2.9397760805934894       -6.2295255041147755     
   2.9396502132374276       -6.1592671134498485     
   2.9395257355852151       -6.0890175951408034     
   2.9394026487418814       -6.0187768521857565     
   2.9392809538000457       -5.9485447874524739     
   2.9391606518399129       -5.8783213036798259     
   2.9390417439292618       -5.8081063034792546     
   2.9389242311234391       -5.7378996893362393     
   2.9388081144653535       -5.6677013636117533     
   2.9386933949854659       -5.5975112285437447     
   2.9385800737017838       -5.5273291862485943     
   2.9384681516198534       -5.4571551387225847     
   2.9383576297327529       -5.3869889878433801     
   2.9382485090210850       -5.3168306353714874     
   2.9381407904529717       -5.2466799829517354     
   2.9380344749840450       -5.1765369321147459     
   2.9379295635574421       -5.1064013842784117     
   2.9378260571037984       -5.0362732407493693     
   2.9377239565412410       -4.9661524027244788     
   2.9376232627753818       -4.8960387712923037     
   2.9375239766993122       -4.8259322474345847     
   2.9374260991935954       -4.7558327320277263     
   2.9373296311262629       -4.6857401258442763     
   2.9372345733528049       -4.6156543295544079     
   2.9371409267161672       -4.5455752437274022     
   2.9370486920467456       -4.4755027688331364     
   2.9369578701623769       -4.4054368052435651     
   2.9368684618683369       -4.3353772532342116     
   2.9367804679573326       -4.2653240129856496     
   2.9366938892094989       -4.1952769845849982     
   2.9366087263923899       -4.1252360680274043     
   2.9365249802609767       -4.0552011632175384     
   2.9364426515576407       -3.9851721699710843     
   2.9363617410121701       -3.9151489880162265     
   2.9362822493417515       -3.8451315169951505     
   2.9362041772509690       -3.7751196564655314     
   2.9361275254317967       -3.7051133059020289     
   2.9360522945635954       -3.6351123646977848     
   2.9359784853131066       -3.5651167321659152     
   2.9359060983344500       -3.4951263075410122     
   2.9358351342691162       -3.4251409899806360     
   2.9357655937459657       -3.3551606785668180     
   2.9356974773812210       -3.2851852723075567     
   2.9356307857784656       -3.2152146701383195     
   2.9355655195286379       -3.1452487709235402     
   2.9355016792100277       -3.0752874734581246     
   2.9354392653882733       -3.0053306764689465     
   2.9353782786163558       -2.9353782786163558     
   2.9353187194345964       -2.8654301784956777     
   2.9353187194345964        2.8654301784956777     
   2.9353782786163558        2.9353782786163558     
   2.9354392653882733        3.0053306764689465     
   2.9355016792100277        3.0752874734581246     
   2.9355655195286379        3.1452487709235402     
   2.9356307857784656        3.2152146701383195     
   2.9356974773812210        3.2851852723075567     
   2.9357655937459657        3.3551606785668180     
   2.9358351342691162        3.4251409899806360     
   2.9359060983344500        3.4951263075410122     
   2.9359784853131066        3.5651167321659152     
   2.9360522945635954        3.6351123646977848     
   2.9361275254317967        3.7051133059020289     
   2.9362041772509690        3.7751196564655314     
   2.9362822493417515        3.8451315169951505     
   2.9363617410121701        3.9151489880162265     
   2.9364426515576407        3.9851721699710843     
   2.9365249802609767        4.0552011632175384     
   2.9366087263923899        4.1252360680274043     
   2.9366938892094989        4.1952769845849982     
   2.9367804679573326        4.2653240129856496     
   2.9368684618683369        4.3353772532342116     
   2.9369578701623769        4.4054368052435651     
   2.9370486920467456        4.4755027688331364     
   2.9371409267161672        4.5455752437274022     
   2.9372345733528049        4.6156543295544079     
   2.9373296311262629        4.6857401258442763     
   2.9374260991935954        4.7558327320277263     
   2.9375239766993122        4.8259322474345847     
   2.9376232627753818        4.8960387712923037     
   2.9377239565412410        4.9661524027244788     
   2.9378260571037984        5.0362732407493693     
   2.9379295635574421        5.1064013842784117     
   2.9380344749840450        5.1765369321147459     
   2.9381407904529717        5.2466799829517354     
   2.9382485090210850        5.3168306353714874     
   2.9383576297327529        5.3869889878433801     
   2.9384681516198534        5.4571551387225847     
   2.9385800737017838        5.5273291862485943     
   2.9386933949854659        5.5975112285437447     
   2.9388081144653535        5.6677013636117533     
   2.9389242311234391        5.7378996893362393     
   2.9390417439292618        5.8081063034792546     
   2.9391606518399129        5.8783213036798259     
   2.9392809538000457        5.9485447874524739     
   2.9394026487418814        6.0187768521857565     
   2.9395257355852151        6.0890175951408034     
   2.9396502132374276        6.1592671134498485     
   2.9397760805934894        6.2295255041147755     
   2.9399033365359690        6.2997928640056475     
   3.0099628904771301       -6.2999223289056214     
   3.0098326210780533       -6.2296535645569016     
   3.0097037731452017       -6.1593937682971571     
   3.0095763478225428       -6.0891428432688661     
   3.0094503462413500       -6.0189006924827000     
   3.0093257695201916       -5.9486672188189837     
   3.0092026187649248       -5.8784423250291562     
   3.0090808950686876       -5.8082259137372345     
   3.0089605995118909       -5.7380178874412806     
   3.0088417331622104       -5.6678181485148622     
   3.0087242970745800       -5.5976265992085210     
   3.0086082922911839       -5.5274431416512453     
   3.0084937198414492       -5.4572676778519318     
   3.0083805807420392       -5.3871001097008611     
   3.0082688759968454       -5.3169403389711691     
   3.0081586065969814       -5.2467882673203166     
   3.0080497735207756       -5.1766437962915672     
   3.0079423777337642       -5.1065068273154610     
   3.0078364201886845       -5.0363772617112863     
   3.0077319018254687       -4.9662550006885642     
   3.0076288235712365       -4.8961399453485255     
   3.0075271863402904       -4.8260319966855825     
   3.0074269910341065       -4.7559310555888201     
   3.0073282385413314       -4.6858370228434705     
   3.0072309297377742       -4.6157497991323977     
   3.0071350654863997       -4.5456692850375813     
   3.0070406466373250       -4.4755953810416012     
   3.0069476740278116       -4.4055279875291200     
   3.0068561484822602       -4.3354670047883754     
   3.0067660708122048       -4.2654123330126623     
   3.0066774418163078       -4.1953638723018249     
   3.0065902622803535       -4.1253215226637412     
   3.0065045329772437       -4.0552851840158164     
   3.0064202546669914       -3.9852547561864773     
   3.0063374280967166       -3.9152301389166544     
   3.0062560540006409       -3.8452112318612852     
   3.0061761331000816       -3.7751979345907998     
   3.0060976661034471       -3.7051901465926211     
   3.0060206537062339       -3.6351877672726554     
   3.0059450965910193       -3.5651906959567903     
   3.0058709954274572       -3.4951988318923921     
   3.0057983508722752       -3.4252120742498020     
   3.0057271635692686       -3.3552303221238344     
   3.0056574341492963       -3.2852534745352777     
   3.0055891632302769       -3.2152814304323898     
   3.0055223514171843       -3.1453140886924023     
   3.0054569993020430       -3.0753513481230210     
   3.0053931074639255       -3.0053931074639255     
   3.0053306764689465       -2.9354392653882733     
   3.0052697068702603       -2.8654897205042018     
   3.0052101992080575       -2.7955443713563328     
   3.0051521540095600       -2.7256031164272758     
   3.0050955717890182       -2.6556658541391327     
   3.0050404530477075       -2.5857324828550041     
   3.0049867982739245       -2.5158029008804954     
   3.0049346079429844       -2.4458770064652202     
   3.0049346079429844        2.4458770064652202     
   3.0049867982739245        2.5158029008804954     
   3.0050404530477075        2.5857324828550041     
   3.0050955717890182        2.6556658541391327     
   3.0051521540095600        2.7256031164272758     
   3.0052101992080575        2.7955443713563328     
   3.0052697068702603        2.8654897205042018     
   3.0053306764689465        2.9354392653882733     
   3.0053931074639255        3.0053931074639255     
   3.0054569993020430        3.0753513481230210     
   3.0055223514171843        3.1453140886924023     
   3.0055891632302769        3.2152814304323898     
   3.0056574341492963        3.2852534745352777     
   3.0057271635692686        3.3552303221238344     
   3.0057983508722752        3.4252120742498020     
   3.0058709954274572        3.4951988318923921     
   3.0059450965910193        3.5651906959567903     
   3.0060206537062339        3.6351877672726554     
   3.0060976661034471        3.7051901465926211     
   3.0061761331000816        3.7751979345907998     
   3.0062560540006409        3.8452112318612852     
   3.0063374280967166        3.9152301389166544     
   3.0064202546669914        3.9852547561864773     
   3.0065045329772437        4.0552851840158164     
   3.0065902622803535        4.1253215226637412     
   3.0066774418163078        4.1953638723018249     
   3.0067660708122048        4.2654123330126623     
   3.0068561484822602        4.3354670047883754     
   3.0069476740278116        4.4055279875291200     
   3.0070406466373250        4.4755953810416012     
   3.0071350654863997        4.5456692850375813     
   3.0072309297377742        4.6157497991323977     
   3.0073282385413314        4.6858370228434705     
   3.0074269910341065        4.7559310555888201     
   3.0075271863402904        4.8260319966855825     
   3.0076288235712365        4.8961399453485255     
   3.0077319018254687        4.9662550006885642     
   3.0078364201886845        5.0363772617112863     
   3.0079423777337642        5.1065068273154610     
   3.0080497735207756        5.1766437962915672     
   3.0081586065969814        5.2467882673203166     
   3.0082688759968454        5.3169403389711691     
   3.0083805807420392        5.3871001097008611     
   3.0084937198414492        5.4572676778519318     
   3.0086082922911839        5.5274431416512453     
   3.0087242970745800        5.5976265992085210     
   3.0088417331622104        5.6678181485148622     
   3.0089605995118909        5.7380178874412806     
   3.0090808950686876        5.8082259137372345     
   3.0092026187649248        5.8784423250291562     
   3.0093257695201916        5.9486672188189837     
   3.0094503462413500        6.0189006924827000     
   3.0095763478225428        6.0891428432688661     
   3.0097037731452017        6.1593937682971571     
   3.0098326210780533        6.2296535645569016     
   3.0099628904771301        6.2999223289056214     
   3.0798935207146951       -6.2297846214456341     
   3.0797616933521663       -6.1595233867043326     
   3.0796313214933506       -6.0892710220436701     
   3.0795024062957590       -6.0190274304871645     
   3.0793749489039040       -5.9487925149279963     
   3.0792489504492919       -5.8785661781304661     
   3.0791244120504144       -5.8083483227314625     
   3.0790013348127414       -5.7381388512419269     
   3.0788797198287123       -5.6679376660483118     
   3.0787595681777296       -5.5977446694140536     
   3.0786408809261494       -5.5275597634810412     
   3.0785236591272755       -5.4573828502710793     
   3.0784079038213519       -5.3872138316873652     
   3.0782936160355545       -5.3170526095159580     
   3.0781807967839852       -5.2468990854272475     
   3.0780694470676644       -5.1767531609774347     
   3.0779595678745224       -5.1066147376100037     
   3.0778511601793954       -5.0364837166571927     
   3.0777442249440168       -4.9663599993414813     
   3.0776387631170103       -4.8962434867770623     
   3.0775347756338851       -4.8261340799713199     
   3.0774322634170272       -4.7560316798263145     
   3.0773312273756943       -4.6859361871402623     
   3.0772316684060099       -4.6158475026090153     
   3.0771335873909558       -4.5457655268275481     
   3.0770369852003667       -4.4756901602914425     
   3.0769418626909242       -4.4056213033983687     
   3.0768482207061507       -4.3355588564495759     
   3.0767560600764048       -4.2655027196513782     
   3.0766653816188723       -4.1954527931166448     
   3.0765761861375651       -4.1254089768662805     
   3.0764884744233121       -4.0553711708307292     
   3.0764022472537547       -3.9853392748514551     
   3.0763175053933427       -3.9153131886824362     
   3.0762342495933277       -3.8452928119916598     
   3.0761524805917584       -3.7752780443626124     
   3.0760721991134754       -3.7052687852957771     
   3.0759934058701068       -3.6352649342101264     
   3.0759161015600625       -3.5652663904446174     
   3.0758402868685293       -3.4952730532596923     
   3.0757659624674685       -3.4252848218387717     
   3.0756931290156082       -3.3553015952897542     
   3.0756217871584401       -3.2853232726465156     
   3.0755519375282159       -3.2153497528704076     
   3.0754835807439420       -3.1453809348517590     
   3.0754167174113758       -3.0754167174113758     
   3.0753513481230210       -3.0054569993020430     
   3.0752874734581246       -2.9355016792100277     
   3.0752250939826711       -2.8655506557565800     
   3.0751642102493815       -2.7956038274994373     
   3.0751048227977065       -2.7256610929343306     
   3.0750469321538252       -2.6557223504964855     
   3.0749905388306407       -2.5857874985621292     
   3.0749356433277755       -2.5158564354499982     
   3.0748822461315708       -2.4459290594228404     
   3.0748303477150798       -2.3760052686889255     
   3.0747799485380685       -2.3060849614035512     
   3.0747310490470077       -2.2361680356705511     
   3.0746836496750753       -2.1662543895438029     
   3.0746377508421490       -2.0963439210287382     
   3.0745933529548064       -2.0264365280838494     
   3.0745504564063202       -1.9565321086222038     
   3.0745504564063202        1.9565321086222038     
   3.0745933529548064        2.0264365280838494     
   3.0746377508421490        2.0963439210287382     
   3.0746836496750753        2.1662543895438029     
   3.0747310490470077        2.2361680356705511     
   3.0747799485380685        2.3060849614035512     
   3.0748303477150798        2.3760052686889255     
   3.0748822461315708        2.4459290594228404     
   3.0749356433277755        2.5158564354499982     
   3.0749905388306407        2.5857874985621292     
   3.0750469321538252        2.6557223504964855     
   3.0751048227977065        2.7256610929343306     
   3.0751642102493815        2.7956038274994373     
   3.0752250939826711        2.8655506557565800     
   3.0752874734581246        2.9355016792100277     
   3.0753513481230210        3.0054569993020430     
   3.0754167174113758        3.0754167174113758     
   3.0754835807439420        3.1453809348517590     
   3.0755519375282159        3.2153497528704076     
   3.0756217871584401        3.2853232726465156     
   3.0756931290156082        3.3553015952897542     
   3.0757659624674685        3.4252848218387717     
   3.0758402868685293        3.4952730532596923     
   3.0759161015600625        3.5652663904446174     
   3.0759934058701068        3.6352649342101264     
   3.0760721991134754        3.7052687852957771     
   3.0761524805917584        3.7752780443626124     
   3.0762342495933277        3.8452928119916598     
   3.0763175053933427        3.9153131886824362     
   3.0764022472537547        3.9853392748514551     
   3.0764884744233121        4.0553711708307292     
   3.0765761861375651        4.1254089768662805     
   3.0766653816188723        4.1954527931166448     
   3.0767560600764048        4.2655027196513782     
   3.0768482207061507        4.3355588564495759     
   3.0769418626909242        4.4056213033983687     
   3.0770369852003667        4.4756901602914425     
   3.0771335873909558        4.5457655268275481     
   3.0772316684060099        4.6158475026090153     
   3.0773312273756943        4.6859361871402623     
   3.0774322634170272        4.7560316798263145     
   3.0775347756338851        4.8261340799713199     
   3.0776387631170103        4.8962434867770623     
   3.0777442249440168        4.9663599993414813     
   3.0778511601793954        5.0364837166571927     
   3.0779595678745224        5.1066147376100037     
   3.0780694470676644        5.1767531609774347     
   3.0781807967839852        5.2468990854272475     
   3.0782936160355545        5.3170526095159580     
   3.0784079038213519        5.3872138316873652     
   3.0785236591272755        5.4573828502710793     
   3.0786408809261494        5.5275597634810412     
   3.0787595681777296        5.5977446694140536     
   3.0788797198287123        5.6679376660483118     
   3.0790013348127414        5.7381388512419269     
   3.0791244120504144        5.8083483227314625     
   3.0792489504492919        5.8785661781304661     
   3.0793749489039040        5.9487925149279963     
   3.0795024062957590        6.0190274304871645     
   3.0796313214933506        6.0892710220436701     
   3.0797616933521663        6.1595233867043326     
   3.0798935207146951        6.2297846214456341     
   3.1499588799172376       -6.2299186736140921     
   3.1498240742987043       -6.1596559675174669     
   3.1496907570642834       -6.0894021303242818     
   3.1495589293977191       -6.0191570650711963     
   3.1494285924694632       -5.9489206746645413     
   3.1492997474366655       -5.8786928618817758     
   3.1491723954431681       -5.8084735293729537     
   3.1490465376194940       -5.7382625796621900     
   3.1489221750828427       -5.6680599151491169     
   3.1487993089370794       -5.5978654381103636     
   3.1486779402727292       -5.5276790507010132     
   3.1485580701669673       -5.4575006549560765     
   3.1484396996836144       -5.3873301527919617     
   3.1483228298731265       -5.3171674460079474     
   3.1482074617725897       -5.2470124362876502     
   3.1480935964057113       -5.1768650252005033     
   3.1479812347828133       -5.1067251142032308     
   3.1478703779008255       -5.0365926046413216     
   3.1477610267432787       -4.9664673977505061     
   3.1476531822802967       -4.8963493946582402     
   3.1475468454685918       -4.8262384963851739     
   3.1474420172514552       -4.7561346038466432     
   3.1473386985587535       -4.6860376178541445     
   3.1472368903069197       -4.6159474391168160     
   3.1471365933989488       -4.5458639682429256     
   3.1470378087243902       -4.4757871057413556     
   3.1469405371593417       -4.4057167520230784     
   3.1468447795664449       -4.3356528074026581     
   3.1467505367948778       -4.2655951720997232     
   3.1466578096803484       -4.1955437462404648     
   3.1465665990450908       -4.1254984298591193     
   3.1464769056978583       -4.0554591228994612     
   3.1463887304339182       -3.9854257252162970     
   3.1463020740350469       -3.9153981365769472     
   3.1462169372695223       -3.8453762566627496     
   3.1461333208921221       -3.7753599850705464     
   3.1460512256441153       -3.7053492213141803     
   3.1459706522532596       -3.6353438648259888     
   3.1458916014337941       -3.5653438149582999     
   3.1458140738864366       -3.4953489709849297     
   3.1457380702983775       -3.4253592321026782     
   3.1456635913432764       -3.3553744974328281     
   3.1455906376812548       -3.2853946660226443     
   3.1455192099588953       -3.2154196368468710     
   3.1454493088092343       -3.1454493088092343     
   3.1453809348517590       -3.0754835807439420     
   3.1453140886924023       -3.0055223514171843     
   3.1452487709235402       -2.9355655195286379     
   3.1451849821239870       -2.8656129837129658     
   3.1451227228589897       -2.7956646425413241     
   3.1450619936802275       -2.7257203945228641     
   3.1450027951258055       -2.6557801381062358     
   3.1449451277202516       -2.5858437716810956     
   3.1448889919745135       -2.5159111935796110     
   3.1448343883859549       -2.4459823020779652     
   3.1447813174383525       -2.3760569953978661     
   3.1447297796018914       -2.3061351717080538     
   3.1446797753331643       -2.2362167291258062     
   3.1446313050751660       -2.1663015657184479     
   3.1445843692572919       -2.0963895795048613     
   3.1445389682953344       -2.0264806684569932     
   3.1444951025914811       -1.9565747305013661     
   3.1444527725343105       -1.8866716635205862     
   3.1444119784987903       -1.8167713653548569     
   3.1443727208462757       -1.7468737338034865     
   3.1443349999245052       -1.6769786666264028     
   3.1442988160675998       -1.6070860615456621     
   3.1442641695960591       -1.5371958162469623     
   3.1442310608167614       -1.4673078283811554     
   3.1441994900229600       -1.3974219955657599     
   3.1441694574942809       -1.3275382153864743     
   3.1441694574942809        1.3275382153864743     
   3.1441994900229600        1.3974219955657599     
   3.1442310608167614        1.4673078283811554     
   3.1442641695960591        1.5371958162469623     
   3.1442988160675998        1.6070860615456621     
   3.1443349999245052        1.6769786666264028     
   3.1443727208462757        1.7468737338034865     
   3.1444119784987903        1.8167713653548569     
   3.1444527725343105        1.8866716635205862     
   3.1444951025914811        1.9565747305013661     
   3.1445389682953344        2.0264806684569932     
   3.1445843692572919        2.0963895795048613     
   3.1446313050751660        2.1663015657184479     
   3.1446797753331643        2.2362167291258062     
   3.1447297796018914        2.3061351717080538     
   3.1447813174383525        2.3760569953978661     
   3.1448343883859549        2.4459823020779652     
   3.1448889919745135        2.5159111935796110     
   3.1449451277202516        2.5858437716810956     
   3.1450027951258055        2.6557801381062358     
   3.1450619936802275        2.7257203945228641     
   3.1451227228589897        2.7956646425413241     
   3.1451849821239870        2.8656129837129658     
   3.1452487709235402        2.9355655195286379     
   3.1453140886924023        3.0055223514171843     
   3.1453809348517590        3.0754835807439420     
   3.1454493088092343        3.1454493088092343     
   3.1455192099588953        3.2154196368468710     
   3.1455906376812548        3.2853946660226443     
   3.1456635913432764        3.3553744974328281     
   3.1457380702983775        3.4253592321026782     
   3.1458140738864366        3.4953489709849297     
   3.1458916014337941        3.5653438149582999     
   3.1459706522532596        3.6353438648259888     
   3.1460512256441153        3.7053492213141803     
   3.1461333208921221        3.7753599850705464     
   3.1462169372695223        3.8453762566627496     
   3.1463020740350469        3.9153981365769472     
   3.1463887304339182        3.9854257252162970     
   3.1464769056978583        4.0554591228994612     
   3.1465665990450908        4.1254984298591193     
   3.1466578096803484        4.1955437462404648     
   3.1467505367948778        4.2655951720997232     
   3.1468447795664449        4.3356528074026581     
   3.1469405371593417        4.4057167520230784     
   3.1470378087243902        4.4757871057413556     
   3.1471365933989488        4.5458639682429256     
   3.1472368903069197        4.6159474391168160     
   3.1473386985587535        4.6860376178541445     
   3.1474420172514552        4.7561346038466432     
   3.1475468454685918        4.8262384963851739     
   3.1476531822802967        4.8963493946582402     
   3.1477610267432787        4.9664673977505061     
   3.1478703779008255        5.0365926046413216     
   3.1479812347828133        5.1067251142032308     
   3.1480935964057113        5.1768650252005033     
   3.1482074617725897        5.2470124362876502     
   3.1483228298731265        5.3171674460079474     
   3.1484396996836144        5.3873301527919617     
   3.1485580701669673        5.4575006549560765     
   3.1486779402727292        5.5276790507010132     
   3.1487993089370794        5.5978654381103636     
   3.1489221750828427        5.6680599151491169     
   3.1490465376194940        5.7382625796621900     
   3.1491723954431681        5.8084735293729537     
   3.1492997474366655        5.8786928618817758     
   3.1494285924694632        5.9489206746645413     
   3.1495589293977191        6.0191570650711963     
   3.1496907570642834        6.0894021303242818     
   3.1498240742987043        6.1596559675174669     
   3.1499588799172376        6.2299186736140921     
   3.2198910163589458       -6.1597915095562437     
   3.2197547549357264       -6.0895361669436561     
   3.2196200159735739       -6.0192895950810286     
   3.2194868006688733       -5.9490516968881355     
   3.2193551102044142       -5.8788223751558863     
   3.2192249457493833       -5.8086015325478000     
   3.2190963084593536       -5.7383890716014561     
   3.2189691994762777       -5.6681848947299667     
   3.2188436199284811       -5.5979889042234445     
   3.2187195709306509       -5.5278010022504658     
   3.2185970535838320       -5.4576210908595408     
   3.2184760689754150       -5.3874490719805861     
   3.2183566181791337       -5.3172848474263947     
   3.2182387022550523       -5.2471283188941067     
   3.2181223222495614       -5.1769793879666857     
   3.2180074791953706       -5.1068379561143926     
   3.2178941741114993       -5.0367039246962593     
   3.2177824080032709       -4.9665771949615696     
   3.2176721818623064       -4.8964576680513359     
   3.2175634966665156       -4.8263452449997732     
   3.2174563533800935       -4.7562398267357899     
   3.2173507529535090       -4.6861413140844590     
   3.2172466963235027       -4.6160496077685043     
   3.2171441844130784       -4.5459646084097844     
   3.2170432181314963       -4.4758862165307773     
   3.2169437983742677       -4.4058143325560621     
   3.2168459260231490       -4.3357488568138089     
   3.2167496019461335       -4.2656896895372638     
   3.2166548269974489       -4.1956367308662381     
   3.2165616020175487       -4.1255898808485947     
   3.2164699278331064       -4.0555490394417424     
   3.2163798052570121       -3.9855141065141240     
   3.2162912350883648       -3.9154849818467046     
   3.2162042181124675       -3.8454615651344719     
   3.2161187551008221       -3.7754437559879208     
   3.2160348468111235       -3.7054314539345552     
   3.2159524939872552       -3.6354245584203757     
   3.2158716973592845       -3.5654229688113803     
   3.2157924576434556       -3.4954265843950605     
   3.2157147755421867       -3.4254353043818946     
   3.2156386517440643       -3.3554490279068494     
   3.2155640869238389       -3.2854676540308785     
   3.2154910817424196       -3.2154910817424196     
   3.2154196368468710       -3.1455192099588953     
   3.2153497528704076       -3.0755519375282159     
   3.2152814304323898       -3.0055891632302769     
   3.2152146701383195       -2.9356307857784656     
   3.2151494725798373       -2.8656767038211592     
   3.2150858383347161       -2.7957268159432309     
   3.2150237679668598       -2.7257810206675548     
   3.2149632620262971       -2.6558392164565063     
   3.2149043210491803       -2.5859013017134709     
   3.2148469455577784       -2.5159671747843482     
   3.2147911360604766       -2.4460367339590583     
   3.2147368930517723       -2.3761098774730489     
   3.2146842170122696       -2.3061865035088021     
   3.2146331084086790       -2.2362665101973418     
   3.2145835676938117       -2.1663497956197424     
   3.2145355953065784       -2.0964362578086382     
   3.2144891916719862       -2.0265257947497299     
   3.2144443572011334       -1.9566183043832985     
   3.2144010922912107       -1.8867136846057104     
   3.2143593973254942       -1.8168118332709315     
   3.2143192726733472       -1.7469126481920365     
   3.2142807186902136       -1.6770160271427201     
   3.2142437357176186       -1.6071218678588093     
   3.2142083240831640       -1.5372300680397741     
   3.2141744841005289       -1.4673405253502412     
   3.2141422160694639       -1.3974531374215058     
   3.2141115202757926       -1.3275678018530448     
   3.2140823969914076       -1.2576844162140290     
   3.2140548464742693       -1.1878028780448386     
   3.2140288689684042       -1.1179230848585755     
   3.2140044647039030       -1.0480449341425770     
   3.2139816338969189      -0.97816832335993176     
   3.2139603767496672      -0.90829314995099297     
   3.2139406934504233      -0.83841931133489289     
   3.2139225841735199      -0.76854670491105914     
   3.2139060490793496      -0.69867522806072802     
   3.2138910883143592      -0.62880477814846147     
   3.2138777020110525      -0.55893525252366127     
   3.2138658902879875      -0.48906654852208503     
   3.2138556532497766      -0.41919856346736212     
   3.2138469909870842      -0.34933119467250912     
   3.2138399035766279      -0.27946433944144594     
   3.2138343910811780      -0.20959789507051160     
   3.2138304535495554      -0.13973175884998068     
   3.2138280910166328       -6.9865828065578978E-002
   3.2138273035033338        0.0000000000000000     
   3.2138280910166328        6.9865828065578978E-002
   3.2138304535495554       0.13973175884998068     
   3.2138343910811780       0.20959789507051160     
   3.2138399035766279       0.27946433944144594     
   3.2138469909870842       0.34933119467250912     
   3.2138556532497766       0.41919856346736212     
   3.2138658902879875       0.48906654852208503     
   3.2138777020110525       0.55893525252366127     
   3.2138910883143592       0.62880477814846147     
   3.2139060490793496       0.69867522806072802     
   3.2139225841735199       0.76854670491105914     
   3.2139406934504233       0.83841931133489289     
   3.2139603767496672       0.90829314995099297     
   3.2139816338969189       0.97816832335993176     
   3.2140044647039030        1.0480449341425770     
   3.2140288689684042        1.1179230848585755     
   3.2140548464742693        1.1878028780448386     
   3.2140823969914076        1.2576844162140290     
   3.2141115202757926        1.3275678018530448     
   3.2141422160694639        1.3974531374215058     
   3.2141744841005289        1.4673405253502412     
   3.2142083240831640        1.5372300680397741     
   3.2142437357176186        1.6071218678588093     
   3.2142807186902136        1.6770160271427201     
   3.2143192726733472        1.7469126481920365     
   3.2143593973254942        1.8168118332709315     
   3.2144010922912107        1.8867136846057104     
   3.2144443572011334        1.9566183043832985     
   3.2144891916719862        2.0265257947497299     
   3.2145355953065784        2.0964362578086382     
   3.2145835676938117        2.1663497956197424     
   3.2146331084086790        2.2362665101973418     
   3.2146842170122696        2.3061865035088021     
   3.2147368930517723        2.3761098774730489     
   3.2147911360604766        2.4460367339590583     
   3.2148469455577784        2.5159671747843482     
   3.2149043210491803        2.5859013017134709     
   3.2149632620262971        2.6558392164565063     
   3.2150237679668598        2.7257810206675548     
   3.2150858383347161        2.7957268159432309     
   3.2151494725798373        2.8656767038211592     
   3.2152146701383195        2.9356307857784656     
   3.2152814304323898        3.0055891632302769     
   3.2153497528704076        3.0755519375282159     
   3.2154196368468710        3.1455192099588953     
   3.2154910817424196        3.2154910817424196     
   3.2155640869238389        3.2854676540308785     
   3.2156386517440643        3.3554490279068494     
   3.2157147755421867        3.4254353043818946     
   3.2157924576434556        3.4954265843950605     
   3.2158716973592845        3.5654229688113803     
   3.2159524939872552        3.6354245584203757     
   3.2160348468111235        3.7054314539345552     
   3.2161187551008221        3.7754437559879208     
   3.2162042181124675        3.8454615651344719     
   3.2162912350883648        3.9154849818467046     
   3.2163798052570121        3.9855141065141240     
   3.2164699278331064        4.0555490394417424     
   3.2165616020175487        4.1255898808485947     
   3.2166548269974489        4.1956367308662381     
   3.2167496019461335        4.2656896895372638     
   3.2168459260231490        4.3357488568138089     
   3.2169437983742677        4.4058143325560621     
   3.2170432181314963        4.4758862165307773     
   3.2171441844130784        4.5459646084097844     
   3.2172466963235027        4.6160496077685043     
   3.2173507529535090        4.6861413140844590     
   3.2174563533800935        4.7562398267357899     
   3.2175634966665156        4.8263452449997732     
   3.2176721818623064        4.8964576680513359     
   3.2177824080032709        4.9665771949615696     
   3.2178941741114993        5.0367039246962593     
   3.2180074791953706        5.1068379561143926     
   3.2181223222495614        5.1769793879666857     
   3.2182387022550523        5.2471283188941067     
   3.2183566181791337        5.3172848474263947     
   3.2184760689754150        5.3874490719805861     
   3.2185970535838320        5.4576210908595408     
   3.2187195709306509        5.5278010022504658     
   3.2188436199284811        5.5979889042234445     
   3.2189691994762777        5.6681848947299667     
   3.2190963084593536        5.7383890716014561     
   3.2192249457493833        5.8086015325478000     
   3.2193551102044142        5.8788223751558863     
   3.2194868006688733        5.9490516968881355     
   3.2196200159735739        6.0192895950810286     
   3.2197547549357264        6.0895361669436561     
   3.2198910163589458        6.1597915095562437     
   3.2899626198392684       -6.1599300116139490     
   3.2898234154403045       -6.0896731307086487     
   3.2896857663818975       -6.0194250193370884     
   3.2895496738863619       -5.9491855804327827     
   3.2894151391621218       -5.8789547168003882     
   3.2892821634037031       -5.8087323311171772     
   3.2891507477917239       -5.7385183259344972     
   3.2890208934928862       -5.6683126036792295     
   3.2888926016599696       -5.5981150666552670     
   3.2887658734318204       -5.5279256170449749     
   3.2886407099333463       -5.4577441569106595     
   3.2885171122755059       -5.3875705881960414     
   3.2883950815553029       -5.3174048127277240     
   3.2882746188557785       -5.2472467322166674     
   3.2881557252460012       -5.1770962482596614     
   3.2880384017810629       -5.1069532623407996     
   3.2879226495020686       -5.0368176758329559     
   3.2878084694361318       -4.9666893899992628     
   3.2876958625963644       -4.8965683059945855     
   3.2875848299818720       -4.8264543248670035     
   3.2874753725777461       -4.7563473475592923     
   3.2873674913550572       -4.6862472749104009     
   3.2872611872708486       -4.6161540076569363     
   3.2871564612681281       -4.5460674464346447     
   3.2870533142758638       -4.4759874917799003     
   3.2869517472089766       -4.4059140441311815     
   3.2868517609683336       -4.3358470038305672     
   3.2867533564407418       -4.2657862711252177     
   3.2866565344989427       -4.1957317461688630     
   3.2865612960016062       -4.1256833290232926     
   3.2864676417933238       -4.0556409196598464     
   3.2863755727046042       -3.9856044179609031     
   3.2862850895518663       -3.9155737237213724     
   3.2861961931374335       -3.8455487366501884     
   3.2861088842495301       -3.7755293563718002     
   3.2860231636622736       -3.7055154824276704     
   3.2859390321356710       -3.6355070142777639     
   3.2858564904156129       -3.5655038513020476     
   3.2857755392338679       -3.4955058928019871     
   3.2856961793080792       -3.4255130380020402     
   3.2856184113417579       -3.3555251860511572     
   3.2855422360242796       -3.2855422360242796     
   3.2854676540308785       -3.2155640869238389     
   3.2853946660226443       -3.1455906376812548     
   3.2853232726465156       -3.0756217871584401     
   3.2852534745352777       -3.0056574341492963     
   3.2851852723075567       -2.9356974773812210     
   3.2851186665678171       -2.8657418155166066     
   3.2850536579063552       -2.7957903471543446     
   3.2849902468992966       -2.7258429708313314     
   3.2849284341085929       -2.6558995850239686     
   3.2848682200820161       -2.5859600881496720     
   3.2848096053531570       -2.5160243785683756     
   3.2847525904414199       -2.4460923545840361     
   3.2846971758520187       -2.3761639144461411     
   3.2846433620759767       -2.3062389563512178     
   3.2845911495901192       -2.2363173784443369     
   3.2845405388570730       -2.1663990788206227     
   3.2844915303252620       -2.0964839555267627     
   3.2844441244289042       -2.0265719065625154     
   3.2843983215880108       -1.9566628298822191     
   3.2843541222083799       -1.8867566233963031     
   3.2843115266815963       -1.8168531849727978     
   3.2842705353850281       -1.7469524124388447     
   3.2842311486818248       -1.6770542035822085     
   3.2841933669209138       -1.6071584561527876     
   3.2841571904369982       -1.5372650678641266     
   3.2841226195505548       -1.4673739363949287     
   3.2840896545678335       -1.3974849593905674     
   3.2840582957808517       -1.3275980344645997     
   3.2840285434673961       -1.2577130592002794     
   3.2840003978910182       -1.1878299311520704     
   3.2839738593010339       -1.1179485478471605     
   3.2839489279325211       -1.0480688067869748     
   3.2839256040063187      -0.97819060544869063     
   3.2839038877290245      -0.90831384128675152     
   3.2838837792929954      -0.83843841173438172     
   3.2838652788763425      -0.76856421420510146     
   3.2838483866429349      -0.69869114609424143     
   3.2838331027423941      -0.62881910478045844     
   3.2838194273100960      -0.55894798762725051     
   3.2838073604671685      -0.48907769198447187     
   3.2837969023204905      -0.41920811518984985     
   3.2837880529626928      -0.34933915457049919     
   3.2837808124721559      -0.27947070744443880     
   3.2837751809130094      -0.20960267112210698     
   3.2837711583351337      -0.13973494290787805     
   3.2837687447741568       -6.9867420101577815E-002
   3.2837679402514559        0.0000000000000000     
   3.2837687447741568        6.9867420101577815E-002
   3.2837711583351337       0.13973494290787805     
   3.2837751809130094       0.20960267112210698     
   3.2837808124721559       0.27947070744443880     
   3.2837880529626928       0.34933915457049919     
   3.2837969023204905       0.41920811518984985     
   3.2838073604671685       0.48907769198447187     
   3.2838194273100960       0.55894798762725051     
   3.2838331027423941       0.62881910478045844     
   3.2838483866429349       0.69869114609424143     
   3.2838652788763425       0.76856421420510146     
   3.2838837792929954       0.83843841173438172     
   3.2839038877290245       0.90831384128675152     
   3.2839256040063187       0.97819060544869063     
   3.2839489279325211        1.0480688067869748     
   3.2839738593010339        1.1179485478471605     
   3.2840003978910182        1.1878299311520704     
   3.2840285434673961        1.2577130592002794     
   3.2840582957808517        1.3275980344645997     
   3.2840896545678335        1.3974849593905674     
   3.2841226195505548        1.4673739363949287     
   3.2841571904369982        1.5372650678641266     
   3.2841933669209138        1.6071584561527876     
   3.2842311486818248        1.6770542035822085     
   3.2842705353850281        1.7469524124388447     
   3.2843115266815963        1.8168531849727978     
   3.2843541222083799        1.8867566233963031     
   3.2843983215880108        1.9566628298822191     
   3.2844441244289042        2.0265719065625154     
   3.2844915303252620        2.0964839555267627     
   3.2845405388570730        2.1663990788206227     
   3.2845911495901192        2.2363173784443369     
   3.2846433620759767        2.3062389563512178     
   3.2846971758520187        2.3761639144461411     
   3.2847525904414199        2.4460923545840361     
   3.2848096053531570        2.5160243785683756     
   3.2848682200820161        2.5859600881496720     
   3.2849284341085929        2.6558995850239686     
   3.2849902468992966        2.7258429708313314     
   3.2850536579063552        2.7957903471543446     
   3.2851186665678171        2.8657418155166066     
   3.2851852723075567        2.9356974773812210     
   3.2852534745352777        3.0056574341492963     
   3.2853232726465156        3.0756217871584401     
   3.2853946660226443        3.1455906376812548     
   3.2854676540308785        3.2155640869238389     
   3.2855422360242796        3.2855422360242796     
   3.2856184113417579        3.3555251860511572     
   3.2856961793080792        3.4255130380020402     
   3.2857755392338679        3.4955058928019871     
   3.2858564904156129        3.5655038513020476     
   3.2859390321356710        3.6355070142777639     
   3.2860231636622736        3.7055154824276704     
   3.2861088842495301        3.7755293563718002     
   3.2861961931374335        3.8455487366501884     
   3.2862850895518663        3.9155737237213724     
   3.2863755727046042        3.9856044179609031     
   3.2864676417933238        4.0556409196598464     
   3.2865612960016062        4.1256833290232926     
   3.2866565344989427        4.1957317461688630     
   3.2867533564407418        4.2657862711252177     
   3.2868517609683336        4.3358470038305672     
   3.2869517472089766        4.4059140441311815     
   3.2870533142758638        4.4759874917799003     
   3.2871564612681281        4.5460674464346447     
   3.2872611872708486        4.6161540076569363     
   3.2873674913550572        4.6862472749104009     
   3.2874753725777461        4.7563473475592923     
   3.2875848299818720        4.8264543248670035     
   3.2876958625963644        4.8965683059945855     
   3.2878084694361318        4.9666893899992628     
   3.2879226495020686        5.0368176758329559     
   3.2880384017810629        5.1069532623407996     
   3.2881557252460012        5.1770962482596614     
   3.2882746188557785        5.2472467322166674     
   3.2883950815553029        5.3174048127277240     
   3.2885171122755059        5.3875705881960414     
   3.2886407099333463        5.4577441569106595     
   3.2887658734318204        5.5279256170449749     
   3.2888926016599696        5.5981150666552670     
   3.2890208934928862        5.6683126036792295     
   3.2891507477917239        5.7385183259344972     
   3.2892821634037031        5.8087323311171772     
   3.2894151391621218        5.8789547168003882     
   3.2895496738863619        5.9491855804327827     
   3.2896857663818975        6.0194250193370884     
   3.2898234154403045        6.0896731307086487     
   3.2899626198392684        6.1599300116139490     
   3.3598968388413892       -6.0898130204000180     
   3.3597562809120034       -6.0195633366340058     
   3.3596173124368875       -5.9493223241069888     
   3.3594799346500945       -5.8790898856376659     
   3.3593441487714846       -5.8088659239173586     
   3.3592099560067159       -5.7386503415114740     
   3.3590773575472359       -5.6684430408609607     
   3.3589463545702722       -5.5982439242837865     
   3.3588169482388261       -5.5280528939764020     
   3.3586891397016636       -5.4578698520152038     
   3.3585629300933060       -5.3876947003580113     
   3.3584383205340238       -5.3175273408455386     
   3.3583153121298284       -5.2473676752028569     
   3.3581939059724633       -5.1772156050408809     
   3.3580741031393981       -5.1070710318578350     
   3.3579559046938199       -5.0369338570407294     
   3.3578393116846255       -4.9668039818668417     
   3.3577243251464162       -4.8966813075051903     
   3.3576109460994874       -4.8265657350180131     
   3.3574991755498247       -4.7564571653622520     
   3.3573890144890948       -4.6863554993910288     
   3.3572804638946394       -4.6162606378551292     
   3.3571735247294678       -4.5461724814044882     
   3.3570681979422523       -4.4760909305896703     
   3.3569644844673179       -4.4060158858633551     
   3.3568623852246398       -4.3359472475818270     
   3.3567619011198349       -4.2658849160064563     
   3.3566630330441551       -4.1958287913051944     
   3.3565657818744836       -4.1257787735540523     
   3.3564701484733250       -4.0557347627386005     
   3.3563761336888041       -3.9856966587554550     
   3.3562837383546555       -3.9156643614137647     
   3.3561929632902214       -3.8456377704367122     
   3.3561038093004441       -3.7756167854629994     
   3.3560162771758604       -3.7056013060483459     
   3.3559303676925980       -3.6355912316669814     
   3.3558460816123676       -3.5655864617131408     
   3.3557634196824599       -3.4955868955025626     
   3.3556823826357394       -3.4255924322739846     
   3.3556029711906392       -3.3556029711906392     
   3.3555251860511572       -3.2856184113417579     
   3.3554490279068494       -3.2156386517440643     
   3.3553744974328281       -3.1456635913432764     
   3.3553015952897542       -3.0756931290156082     
   3.3552303221238344       -3.0057271635692686     
   3.3551606785668180       -2.9357655937459657     
   3.3550926652359885       -2.8658083182224070     
   3.3550262827341641       -2.7958552356118034     
   3.3549615316496912       -2.7259062444653743     
   3.3548984125564401       -2.6559612432738486     
   3.3548369260138022       -2.5860201304689725     
   3.3547770725666859       -2.5160828044250145     
   3.3547188527455125       -2.4461491634602699     
   3.3546622670662134       -2.3762191058385680     
   3.3546073160302257       -2.3062925297707801     
   3.3545540001244891       -2.2363693334163264     
   3.3545023198214432       -2.1664494148846822     
   3.3544522755790243       -2.0965326722368904     
   3.3544038678406602       -2.0266190034870655     
   3.3543570970352707       -1.9567083066039079     
   3.3543119635772620       -1.8868004795122097     
   3.3542684678665249       -1.8168954200943677     
   3.3542266102884319       -1.7469930261918918     
   3.3541863912138354       -1.6770931956069177     
   3.3541478109990637       -1.6071958261037183     
   3.3541108699859201       -1.5373008154102135     
   3.3540755685016790       -1.4674080612194846     
   3.3540419068590861       -1.3975174611912857     
   3.3540098853563531       -1.3276289129535566     
   3.3539795042771585       -1.2577423141039346     
   3.3539507638906452       -1.1878575622112701     
   3.3539236644514161       -1.1179745548171389     
   3.3538982061995366       -1.0480931894373553     
   3.3538743893605294      -0.97821336356348776     
   3.3538522141453750      -0.90833497466437252     
   3.3538316807505097      -0.83845792018762744     
   3.3538127893578240      -0.76858209756116802     
   3.3537955401346613      -0.69870740419472110     
   3.3537799332338176      -0.62883373748134086     
   3.3537659687935406      -0.55896099479892347     
   3.3537536469375269      -0.48908907351172265     
   3.3537429677749229      -0.41921787097186536     
   3.3537339314003241      -0.34934728452086711     
   3.3537265378937735      -0.27947721149114785     
   3.3537207873207620      -0.20960754920754762     
   3.3537166797322264      -0.13973819498884277     
   3.3537142151645511       -6.9869046149261496E-002
   3.3537133936395671        0.0000000000000000     
   3.3537142151645511        6.9869046149261496E-002
   3.3537166797322264       0.13973819498884277     
   3.3537207873207620       0.20960754920754762     
   3.3537265378937735       0.27947721149114785     
   3.3537339314003241       0.34934728452086711     
   3.3537429677749229       0.41921787097186536     
   3.3537536469375269       0.48908907351172265     
   3.3537659687935406       0.55896099479892347     
   3.3537799332338176       0.62883373748134086     
   3.3537955401346613       0.69870740419472110     
   3.3538127893578240       0.76858209756116802     
   3.3538316807505097       0.83845792018762744     
   3.3538522141453750       0.90833497466437252     
   3.3538743893605294       0.97821336356348776     
   3.3538982061995366        1.0480931894373553     
   3.3539236644514161        1.1179745548171389     
   3.3539507638906452        1.1878575622112701     
   3.3539795042771585        1.2577423141039346     
   3.3540098853563531        1.3276289129535566     
   3.3540419068590861        1.3975174611912857     
   3.3540755685016790        1.4674080612194846     
   3.3541108699859201        1.5373008154102135     
   3.3541478109990637        1.6071958261037183     
   3.3541863912138354        1.6770931956069177     
   3.3542266102884319        1.7469930261918918     
   3.3542684678665249        1.8168954200943677     
   3.3543119635772620        1.8868004795122097     
   3.3543570970352707        1.9567083066039079     
   3.3544038678406602        2.0266190034870655     
   3.3544522755790243        2.0965326722368904     
   3.3545023198214432        2.1664494148846822     
   3.3545540001244891        2.2363693334163264     
   3.3546073160302257        2.3062925297707801     
   3.3546622670662134        2.3762191058385680     
   3.3547188527455125        2.4461491634602699     
   3.3547770725666859        2.5160828044250145     
   3.3548369260138022        2.5860201304689725     
   3.3548984125564401        2.6559612432738486     
   3.3549615316496912        2.7259062444653743     
   3.3550262827341641        2.7958552356118034     
   3.3550926652359885        2.8658083182224070     
   3.3551606785668180        2.9357655937459657     
   3.3552303221238344        3.0057271635692686     
   3.3553015952897542        3.0756931290156082     
   3.3553744974328281        3.1456635913432764     
   3.3554490279068494        3.2156386517440643     
   3.3555251860511572        3.2856184113417579     
   3.3556029711906392        3.3556029711906392     
   3.3556823826357394        3.4255924322739846     
   3.3557634196824599        3.4955868955025626     
   3.3558460816123676        3.5655864617131408     
   3.3559303676925980        3.6355912316669814     
   3.3560162771758604        3.7056013060483459     
   3.3561038093004441        3.7756167854629994     
   3.3561929632902214        3.8456377704367122     
   3.3562837383546555        3.9156643614137647     
   3.3563761336888041        3.9856966587554550     
   3.3564701484733250        4.0557347627386005     
   3.3565657818744836        4.1257787735540523     
   3.3566630330441551        4.1958287913051944     
   3.3567619011198349        4.2658849160064563     
   3.3568623852246398        4.3359472475818270     
   3.3569644844673179        4.4060158858633551     
   3.3570681979422523        4.4760909305896703     
   3.3571735247294678        4.5461724814044882     
   3.3572804638946394        4.6162606378551292     
   3.3573890144890948        4.6863554993910288     
   3.3574991755498247        4.7564571653622520     
   3.3576109460994874        4.8265657350180131     
   3.3577243251464162        4.8966813075051903     
   3.3578393116846255        4.9668039818668417     
   3.3579559046938199        5.0369338570407294     
   3.3580741031393981        5.1070710318578350     
   3.3581939059724633        5.1772156050408809     
   3.3583153121298284        5.2473676752028569     
   3.3584383205340238        5.3175273408455386     
   3.3585629300933060        5.3876947003580113     
   3.3586891397016636        5.4578698520152038     
   3.3588169482388261        5.5280528939764020     
   3.3589463545702722        5.5982439242837865     
   3.3590773575472359        5.6684430408609607     
   3.3592099560067159        5.7386503415114740     
   3.3593441487714846        5.8088659239173586     
   3.3594799346500945        5.8790898856376659     
   3.3596173124368875        5.9493223241069888     
   3.3597562809120034        6.0195633366340058     
   3.3598968388413892        6.0898130204000180     
   3.4296898165646423       -5.9494619266937674     
   3.4295495969378642       -5.8792278804649092     
   3.4294110021473028       -5.8090023097597161     
   3.4292740334236509       -5.7387851171579465     
   3.4291386919830957       -5.6685762051149124     
   3.4290049790273098       -5.5983754759629543     
   3.4288728957434431       -5.5281828319128987     
   3.4287424433041154       -5.4579981750555309     
   3.4286136228674065       -5.3878214073630666     
   3.4284864355768478       -5.3176524306906217     
   3.4283608825614178       -5.2474911467776799     
   3.4282369649355298       -5.1773374572495756     
   3.4281146837990266       -5.1071912636189580     
   3.4279940402371722       -5.0370524672872730     
   3.4278750353206444       -4.9669209695462397     
   3.4277576701055272       -4.8967966715793247     
   3.4276419456333032       -4.8266794744632229     
   3.4275278629308472       -4.7565692791693390     
   3.4274154230104181       -4.6864659865652660     
   3.4273046268696521       -4.6163694974162661     
   3.4271954754915566       -4.5462797123867587     
   3.4270879698445023       -4.4761965320417989     
   3.4269821108822165       -4.4061198568485640     
   3.4268778995437783       -4.3360495871778415     
   3.4267753367536091       -4.2659856233055127     
   3.4266744234214697       -4.1959278654140446     
   3.4265751604424510       -4.1258762135939717     
   3.4264775486969690       -4.0558305678453914     
   3.4263815890507598       -3.9857908280794554     
   3.4262872823548718       -3.9157568941198533     
   3.4261946294456607       -3.8457286657043133     
   3.4261036311447848       -3.7757060424860889     
   3.4260142882591968       -3.7056889240354578     
   3.4259266015811414       -3.6356772098412113     
   3.4258405718881471       -3.5656707993121528     
   3.4257561999430224       -3.4956695917785940     
   3.4256734864938507       -3.4256734864938507     
   3.4255924322739846       -3.3556823826357394     
   3.4255130380020402       -3.2856961793080792     
   3.4254353043818946       -3.2157147755421867     
   3.4253592321026782       -3.1457380702983775     
   3.4252848218387717       -3.0757659624674685     
   3.4252120742498020       -3.0057983508722752     
   3.4251409899806360       -2.9358351342691162     
   3.4250715696613772       -2.8658762113493155     
   3.4250038139073617       -2.7959214807407031     
   3.4249377233191534       -2.7259708410091217     
   3.4248732984825399       -2.6560241906599287     
   3.4248105399685294       -2.5860814281395017     
   3.4247494483333463       -2.5161424518367443     
   3.4246900241184268       -2.4462071600845907     
   3.4246322678504160       -2.3762754511615132     
   3.4245761800411647       -2.3063472232930291     
   3.4245217611877243       -2.2364223746532081     
   3.4244690117723460       -2.1665008033661781     
   3.4244179322624748       -2.0965824075076376     
   3.4243685231107479       -2.0266670851063608     
   3.4243207847549924       -1.9567547341457097     
   3.4242747176182196       -1.8868452525651411     
   3.4242303221086252       -1.8169385382617196     
   3.4241875986195853       -1.7470344890916252     
   3.4241465475296526       -1.6771330028716664     
   3.4241071692025558       -1.6072339773807915     
   3.4240694639871960       -1.5373373103615982     
   3.4240334322176449       -1.4674428995218476     
   3.4239990742131412       -1.3975506425359758     
   3.4239663902780917       -1.3276604370466070     
   3.4239353807020647       -1.2577721806660647     
   3.4239060457597925       -1.1878857709778869     
   3.4238783857111659       -1.1180011055383399     
   3.4238524008012345       -1.0481180818779290     
   3.4238280912602059      -0.97823659750291592     
   3.4238054573034411      -0.90835654989683134     
   3.4237844991314561      -0.83847783652198915     
   3.4237652169299184      -0.76860035482100209     
   3.4237476108696470      -0.69872400221829523     
   3.4237316811066112      -0.62884867612162243     
   3.4237174277819289      -0.55897427392358023     
   3.4237048510218662      -0.48910069300312370     
   3.4236939509378361      -0.41922783072708192     
   3.4236847276263980      -0.34935558445167325     
   3.4236771811692579      -0.27948385152402105     
   3.4236713116332660      -0.20961252928366933     
   3.4236671190704175      -0.13974151506409868     
   3.4236646035178522       -6.9870706194241891E-002
   3.4236637649978547        0.0000000000000000     
   3.4236646035178522        6.9870706194241891E-002
   3.4236671190704175       0.13974151506409868     
   3.4236713116332660       0.20961252928366933     
   3.4236771811692579       0.27948385152402105     
   3.4236847276263980       0.34935558445167325     
   3.4236939509378361       0.41922783072708192     
   3.4237048510218662       0.48910069300312370     
   3.4237174277819289       0.55897427392358023     
   3.4237316811066112       0.62884867612162243     
   3.4237476108696470       0.69872400221829523     
   3.4237652169299184       0.76860035482100209     
   3.4237844991314561       0.83847783652198915     
   3.4238054573034411       0.90835654989683134     
   3.4238280912602059       0.97823659750291592     
   3.4238524008012345        1.0481180818779290     
   3.4238783857111659        1.1180011055383399     
   3.4239060457597925        1.1878857709778869     
   3.4239353807020647        1.2577721806660647     
   3.4239663902780917        1.3276604370466070     
   3.4239990742131412        1.3975506425359758     
   3.4240334322176449        1.4674428995218476     
   3.4240694639871960        1.5373373103615982     
   3.4241071692025558        1.6072339773807915     
   3.4241465475296526        1.6771330028716664     
   3.4241875986195853        1.7470344890916252     
   3.4242303221086252        1.8169385382617196     
   3.4242747176182196        1.8868452525651411     
   3.4243207847549924        1.9567547341457097     
   3.4243685231107479        2.0266670851063608     
   3.4244179322624748        2.0965824075076376     
   3.4244690117723460        2.1665008033661781     
   3.4245217611877243        2.2364223746532081     
   3.4245761800411647        2.3063472232930291     
   3.4246322678504160        2.3762754511615132     
   3.4246900241184268        2.4462071600845907     
   3.4247494483333463        2.5161424518367443     
   3.4248105399685294        2.5860814281395017     
   3.4248732984825399        2.6560241906599287     
   3.4249377233191534        2.7259708410091217     
   3.4250038139073617        2.7959214807407031     
   3.4250715696613772        2.8658762113493155     
   3.4251409899806360        2.9358351342691162     
   3.4252120742498020        3.0057983508722752     
   3.4252848218387717        3.0757659624674685     
   3.4253592321026782        3.1457380702983775     
   3.4254353043818946        3.2157147755421867     
   3.4255130380020402        3.2856961793080792     
   3.4255924322739846        3.3556823826357394     
   3.4256734864938507        3.4256734864938507     
   3.4257561999430224        3.4956695917785940     
   3.4258405718881471        3.5656707993121528     
   3.4259266015811414        3.6356772098412113     
   3.4260142882591968        3.7056889240354578     
   3.4261036311447848        3.7757060424860889     
   3.4261946294456607        3.8457286657043133     
   3.4262872823548718        3.9157568941198533     
   3.4263815890507598        3.9857908280794554     
   3.4264775486969690        4.0558305678453914     
   3.4265751604424510        4.1258762135939717     
   3.4266744234214697        4.1959278654140446     
   3.4267753367536091        4.2659856233055127     
   3.4268778995437783        4.3360495871778415     
   3.4269821108822165        4.4061198568485640     
   3.4270879698445023        4.4761965320417989     
   3.4271954754915566        4.5462797123867587     
   3.4273046268696521        4.6163694974162661     
   3.4274154230104181        4.6864659865652660     
   3.4275278629308472        4.7565692791693390     
   3.4276419456333032        4.8266794744632229     
   3.4277576701055272        4.8967966715793247     
   3.4278750353206444        4.9669209695462397     
   3.4279940402371722        5.0370524672872730     
   3.4281146837990266        5.1071912636189580     
   3.4282369649355298        5.1773374572495756     
   3.4283608825614178        5.2474911467776799     
   3.4284864355768478        5.3176524306906217     
   3.4286136228674065        5.3878214073630666     
   3.4287424433041154        5.4579981750555309     
   3.4288728957434431        5.5281828319128987     
   3.4290049790273098        5.5983754759629543     
   3.4291386919830957        5.6685762051149124     
   3.4292740334236509        5.7387851171579465     
   3.4294110021473028        5.8090023097597161     
   3.4295495969378642        5.8792278804649092     
   3.4296898165646423        5.9494619266937674     
   3.4993430802895622       -5.7389226516748826     
   3.4992049970719403       -5.6687120952565433     
   3.4990685753266999       -5.5985097205227188     
   3.4989338162651351       -5.5283154296989139     
   3.4988007210837146       -5.4581291248905943     
   3.4986692909640706       -5.3879507080846682     
   3.4985395270729933       -5.3177800811509499     
   3.4984114305624212       -5.2476171458436323     
   3.4982850025694336       -5.1774618038027613     
   3.4981602442162418       -5.1073139565557133     
   3.4980371566101822       -5.0371735055186626     
   3.4979157408437089       -4.9670403519980670     
   3.4977959979943853       -4.8969143971921394     
   3.4976779291248756       -4.8267955421923281     
   3.4975615352829399       -4.7566836879847987     
   3.4974468175014257       -4.6865787354519108     
   3.4973337767982589       -4.6164805853737017     
   3.4972224141764405       -4.5463891384293724     
   3.4971127306240368       -4.4763042951987675     
   3.4970047271141729       -4.4062259561638584     
   3.4968984046050275       -4.3361540217102341     
   3.4967937640398241       -4.2660883921285855     
   3.4966908063468267       -4.1960289676161926     
   3.4965895324393315       -4.1259756482784109     
   3.4964899432156620       -4.0559283341301677     
   3.4963920395591614       -3.9858869250974447     
   3.4962958223381890       -3.9158513210187720     
   3.4962012924061114       -3.8458214216467224     
   3.4961084506012976       -3.7757971266494010     
   3.4960172977471142       -3.7057783356119414     
   3.4959278346519196       -3.6357649480379961     
   3.4958400621090560       -3.5657568633512371     
   3.4957539808968479       -3.4957539808968479     
   3.4956695917785940       -3.4257561999430224     
   3.4955868955025626       -3.3557634196824599     
   3.4955058928019871       -3.2857755392338679     
   3.4954265843950605       -3.2157924576434556     
   3.4953489709849297       -3.1458140738864366     
   3.4952730532596923       -3.0758402868685293     
   3.4951988318923921       -3.0058709954274572     
   3.4951263075410122       -2.9359060983344500     
   3.4950554808484720       -2.8659454942957470     
   3.4949863524426235       -2.7959890819540987     
   3.4949189229362467       -2.7260367598902722     
   3.4948531929270432       -2.6560884266245530     
   3.4947891629976362       -2.5861439806182509     
   3.4947268337155633       -2.5162033202752054     
   3.4946662056332731       -2.4462663439432912     
   3.4946072792881235       -2.3763329499159238     
   3.4945500552023754       -2.3064030364335677     
   3.4944945338831914       -2.2364765016852428     
   3.4944407158226305       -2.1665532438100308     
   3.4943886014976466       -2.0966331608985880     
   3.4943381913700833       -2.0267161509946483     
   3.4942894858866724       -1.9568021120965366     
   3.4942424854790310       -1.8868909421586766     
   3.4941971905636562       -1.8169825390931014     
   3.4941536015419254       -1.7470768007709627     
   3.4941117188000921       -1.6771736250240441     
   3.4940715427092828       -1.6072729096462701     
   3.4940330736254954       -1.5373745523952180     
   3.4939963118895965       -1.4674784509936305     
   3.4939612578273187       -1.3975845031309275     
   3.4939279117492599       -1.3276926064647190     
   3.4938962739508792       -1.2578026586223165     
   3.4938663447124960       -1.1879145572022487     
   3.4938381242992884       -1.1180281997757724     
   3.4938116129612906       -1.0481434838883872     
   3.4937868109333912      -0.97826030706134948     
   3.4937637184353330      -0.90837856679318651     
   3.4937423356717097      -0.83849816056121029     
   3.4937226628319662      -0.76861898582303256     
   3.4937047000903956      -0.69874094001807907     
   3.4936884476061398      -0.62886392056910512     
   3.4936739055231869      -0.55898782488371002     
   3.4936610739703720      -0.48911255035585205     
   3.4936499530613734      -0.41923799436736475     
   3.4936405428947150      -0.34936405428947148     
   3.4936328435537649      -0.27949062748430120     
   3.4936268551067324      -0.20961761130640394     
   3.4936225776066712      -0.13974490310426688     
   3.4936200110914766       -6.9872400221829528E-002
   3.4936191555838851        0.0000000000000000     
   3.4936200110914766        6.9872400221829528E-002
   3.4936225776066712       0.13974490310426688     
   3.4936268551067324       0.20961761130640394     
   3.4936328435537649       0.27949062748430120     
   3.4936405428947150       0.34936405428947148     
   3.4936499530613734       0.41923799436736475     
   3.4936610739703720       0.48911255035585205     
   3.4936739055231869       0.55898782488371002     
   3.4936884476061398       0.62886392056910512     
   3.4937047000903956       0.69874094001807907     
   3.4937226628319662       0.76861898582303256     
   3.4937423356717097       0.83849816056121029     
   3.4937637184353330       0.90837856679318651     
   3.4937868109333912       0.97826030706134948     
   3.4938116129612906        1.0481434838883872     
   3.4938381242992884        1.1180281997757724     
   3.4938663447124960        1.1879145572022487     
   3.4938962739508792        1.2578026586223165     
   3.4939279117492599        1.3276926064647190     
   3.4939612578273187        1.3975845031309275     
   3.4939963118895965        1.4674784509936305     
   3.4940330736254954        1.5373745523952180     
   3.4940715427092828        1.6072729096462701     
   3.4941117188000921        1.6771736250240441     
   3.4941536015419254        1.7470768007709627     
   3.4941971905636562        1.8169825390931014     
   3.4942424854790310        1.8868909421586766     
   3.4942894858866724        1.9568021120965366     
   3.4943381913700833        2.0267161509946483     
   3.4943886014976466        2.0966331608985880     
   3.4944407158226305        2.1665532438100308     
   3.4944945338831914        2.2364765016852428     
   3.4945500552023754        2.3064030364335677     
   3.4946072792881235        2.3763329499159238     
   3.4946662056332731        2.4462663439432912     
   3.4947268337155633        2.5162033202752054     
   3.4947891629976362        2.5861439806182509     
   3.4948531929270432        2.6560884266245530     
   3.4949189229362467        2.7260367598902722     
   3.4949863524426235        2.7959890819540987     
   3.4950554808484720        2.8659454942957470     
   3.4951263075410122        2.9359060983344500     
   3.4951988318923921        3.0058709954274572     
   3.4952730532596923        3.0758402868685293     
   3.4953489709849297        3.1458140738864366     
   3.4954265843950605        3.2157924576434556     
   3.4955058928019871        3.2857755392338679     
   3.4955868955025626        3.3557634196824599     
   3.4956695917785940        3.4257561999430224     
   3.4957539808968479        3.4957539808968479     
   3.4958400621090560        3.5657568633512371     
   3.4959278346519196        3.6357649480379961     
   3.4960172977471142        3.7057783356119414     
   3.4961084506012976        3.7757971266494010     
   3.4962012924061114        3.8458214216467224     
   3.4962958223381890        3.9158513210187720     
   3.4963920395591614        3.9858869250974447     
   3.4964899432156620        4.0559283341301677     
   3.4965895324393315        4.1259756482784109     
   3.4966908063468267        4.1960289676161926     
   3.4967937640398241        4.2660883921285855     
   3.4968984046050275        4.3361540217102341     
   3.4970047271141729        4.4062259561638584     
   3.4971127306240368        4.4763042951987675     
   3.4972224141764405        4.5463891384293724     
   3.4973337767982589        4.6164805853737017     
   3.4974468175014257        4.6865787354519108     
   3.4975615352829399        4.7566836879847987     
   3.4976779291248756        4.8267955421923281     
   3.4977959979943853        4.8969143971921394     
   3.4979157408437089        4.9670403519980670     
   3.4980371566101822        5.0371735055186626     
   3.4981602442162418        5.1073139565557133     
   3.4982850025694336        5.1774618038027613     
   3.4984114305624212        5.2476171458436323     
   3.4985395270729933        5.3177800811509499     
   3.4986692909640706        5.3879507080846682     
   3.4988007210837146        5.4581291248905943     
   3.4989338162651351        5.5283154296989139     
   3.4990685753266999        5.5985097205227188     
   3.4992049970719403        5.6687120952565433     
   3.4993430802895622        5.7389226516748826     
   3.5689998100495623       -5.5284506861552050     
   3.5688640733096619       -5.4582627003559532     
   3.5687300346757440       -5.3880826013731822     
   3.5685976953378509       -5.3179102910916995     
   3.5684670564708778       -5.2477456712807031     
   3.5683381192345647       -5.1775886435952501     
   3.5682108847734866       -5.1074391095777365     
   3.5680853542170490       -5.0372969706593631     
   3.5679615286794761       -4.9671621281616236     
   3.5678394092598062       -4.8970344832977739     
   3.5677189970418821       -4.8269139371743108     
   3.5676002930943440       -4.7568003907924590     
   3.5674832984706226       -4.6866937450496424     
   3.5673680142089319       -4.6165939007409715     
   3.5672544413322607       -4.5465007585607244     
   3.5671425808483668       -4.4764142191038330     
   3.5670324337497692       -4.4063341828673623     
   3.5669240010137422       -4.3362605502520006     
   3.5668172836023073       -4.2661932215635439     
   3.5667122824622286       -4.1961320970143872     
   3.5666089985250036       -4.1260770767250046     
   3.5665074327068589       -4.0560280607254473     
   3.5664075859087432       -3.9859849489568306     
   3.5663094590163205       -3.9159476412728225     
   3.5662130528999652       -3.8459160374411390     
   3.5661183684147550       -3.7758900371450346     
   3.5660254064004664       -3.7058695399847985     
   3.5659341676815672       -3.6358544454792456     
   3.5658446530672121       -3.5658446530672121     
   3.5657568633512371       -3.4958400621090560     
   3.5656707993121528       -3.4258405718881471     
   3.5655864617131408       -3.3558460816123676     
   3.5655038513020476       -3.2858564904156129     
   3.5654229688113803       -3.2158716973592845     
   3.5653438149582999       -3.1458916014337941     
   3.5652663904446174       -3.0759161015600625     
   3.5651906959567903       -3.0059450965910193     
   3.5651167321659152       -2.9359784853131066     
   3.5650444997277262       -2.8660161664477801     
   3.5649739992825880       -2.7960580386530101     
   3.5649052314554925       -2.7261040005247885     
   3.5648381968560554       -2.6561539505986298     
   3.5647728960785110       -2.5862077873510767     
   3.5647093297017074       -2.5162654092012056     
   3.5646474982891054       -2.4463267145121312     
   3.5645874023887711       -2.3763916015925139     
   3.5645290425333753       -2.3064599686980665     
   3.5644724192401882       -2.2365317140330596     
   3.5644175330110763       -2.1666067357518308     
   3.5643643843324986       -2.0966849319602936     
   3.5643129736755044       -2.0267662007174434     
   3.5642633014957288       -1.9568504400368707     
   3.5642153682333908       -1.8869375478882657     
   3.5641691743132897       -1.8170274221989322     
   3.5641247201448016       -1.7471199608552950     
   3.5640820061218790       -1.6772150617044137     
   3.5640410326230447       -1.6073126225554908     
   3.5640018000113920       -1.5374125411813848     
   3.5639643086345814       -1.4675147153201218     
   3.5639285588248382       -1.3976190426764070     
   3.5638945508989495       -1.3277254209231382     
   3.5638622851582640       -1.2578337477029169     
   3.5638317618886881       -1.1879439206295628     
   3.5638029813606846       -1.1180558372896268     
   3.5637759438292713       -1.0481693952439035     
   3.5637506495340188      -0.97828449202894641     
   3.5637270986990490      -0.90840102515858123     
   3.5637052915330338      -0.83851889212541975     
   3.5636852282291938      -0.76863799040237524     
   3.5636669089652959      -0.69875821744417566     
   3.5636503339036536      -0.62887947068888006     
   3.5636355031911249      -0.55900164755939219     
   3.5636224169591126      -0.48912464546497625     
   3.5636110753235610      -0.41924836180277192     
   3.5636014783849581      -0.34937269395930964     
   3.5635936262283328      -0.27949753931202614     
   3.5635875189232542      -0.20962279523077965     
   3.5635831565238330      -0.13974835907936603     
   3.5635805390687203       -6.9874128217033746E-002
   3.5635796665811061        0.0000000000000000     
   3.5635805390687203        6.9874128217033746E-002
   3.5635831565238330       0.13974835907936603     
   3.5635875189232542       0.20962279523077965     
   3.5635936262283328       0.27949753931202614     
   3.5636014783849581       0.34937269395930964     
   3.5636110753235610       0.41924836180277192     
   3.5636224169591126       0.48912464546497625     
   3.5636355031911249       0.55900164755939219     
   3.5636503339036536       0.62887947068888006     
   3.5636669089652959       0.69875821744417566     
   3.5636852282291938       0.76863799040237524     
   3.5637052915330338       0.83851889212541975     
   3.5637270986990490       0.90840102515858123     
   3.5637506495340188       0.97828449202894641     
   3.5637759438292713        1.0481693952439035     
   3.5638029813606846        1.1180558372896268     
   3.5638317618886881        1.1879439206295628     
   3.5638622851582640        1.2578337477029169     
   3.5638945508989495        1.3277254209231382     
   3.5639285588248382        1.3976190426764070     
   3.5639643086345814        1.4675147153201218     
   3.5640018000113920        1.5374125411813848     
   3.5640410326230447        1.6073126225554908     
   3.5640820061218790        1.6772150617044137     
   3.5641247201448016        1.7471199608552950     
   3.5641691743132897        1.8170274221989322     
   3.5642153682333908        1.8869375478882657     
   3.5642633014957288        1.9568504400368707     
   3.5643129736755044        2.0267662007174434     
   3.5643643843324986        2.0966849319602936     
   3.5644175330110763        2.1666067357518308     
   3.5644724192401882        2.2365317140330596     
   3.5645290425333753        2.3064599686980665     
   3.5645874023887711        2.3763916015925139     
   3.5646474982891054        2.4463267145121312     
   3.5647093297017074        2.5162654092012056     
   3.5647728960785110        2.5862077873510767     
   3.5648381968560554        2.6561539505986298     
   3.5649052314554925        2.7261040005247885     
   3.5649739992825880        2.7960580386530101     
   3.5650444997277262        2.8660161664477801     
   3.5651167321659152        2.9359784853131066     
   3.5651906959567903        3.0059450965910193     
   3.5652663904446174        3.0759161015600625     
   3.5653438149582999        3.1458916014337941     
   3.5654229688113803        3.2158716973592845     
   3.5655038513020476        3.2858564904156129     
   3.5655864617131408        3.3558460816123676     
   3.5656707993121528        3.4258405718881471     
   3.5657568633512371        3.4958400621090560     
   3.5658446530672121        3.5658446530672121     
   3.5659341676815672        3.6358544454792456     
   3.5660254064004664        3.7058695399847985     
   3.5661183684147550        3.7758900371450346     
   3.5662130528999652        3.8459160374411390     
   3.5663094590163205        3.9159476412728225     
   3.5664075859087432        3.9859849489568306     
   3.5665074327068589        4.0560280607254473     
   3.5666089985250036        4.1260770767250046     
   3.5667122824622286        4.1961320970143872     
   3.5668172836023073        4.2661932215635439     
   3.5669240010137422        4.3362605502520006     
   3.5670324337497692        4.4063341828673623     
   3.5671425808483668        4.4764142191038330     
   3.5672544413322607        4.5465007585607244     
   3.5673680142089319        4.6165939007409715     
   3.5674832984706226        4.6866937450496424     
   3.5676002930943440        4.7568003907924590     
   3.5677189970418821        4.8269139371743108     
   3.5678394092598062        4.8970344832977739     
   3.5679615286794761        4.9671621281616236     
   3.5680853542170490        5.0372969706593631     
   3.5682108847734866        5.1074391095777365     
   3.5683381192345647        5.1775886435952501     
   3.5684670564708778        5.2477456712807031     
   3.5685976953378509        5.3179102910916995     
   3.5687300346757440        5.3880826013731822     
   3.5688640733096619        5.4582627003559532     
   3.5689998100495623        5.5284506861552050     
   3.6386610406114879       -5.3180430593552517     
   3.6385278605494960       -5.2478767219463878     
   3.6383964152159742       -5.1777179754996556     
   3.6382667057778586       -5.1075667215727636     
   3.6381387333866169       -5.0374228616122387     
   3.6380124991782403       -4.9672862969549048     
   3.6378880042732376       -4.8971569288293582     
   3.6377652497766237       -4.8270346583574426     
   3.6376442367779167       -4.7569193865557367     
   3.6375249663511258       -4.6868110143370272     
   3.6374074395547469       -4.6167094425117945     
   3.6372916574317538       -4.5466145717896920     
   3.6371776210095916       -4.4765263027810365     
   3.6370653313001693       -4.4064445359982818     
   3.6369547892998524       -4.3363691718575161     
   3.6368459959894572       -4.2663001106799392     
   3.6367389523342424       -4.1962372526933569     
   3.6366336592839041       -4.1261804980336603     
   3.6365301177725677       -4.0561297467463255     
   3.6364283287187833       -3.9860848987878974     
   3.6363282930255174       -3.9160458540274803     
   3.6362300115801482       -3.8460125122482336     
   3.6361334852544585       -3.7759847731488603     
   3.6360387149046298       -3.7059625363451034     
   3.6359457013712380       -3.6359457013712380     
   3.6358544454792456       -3.5659341676815672     
   3.6357649480379961       -3.4959278346519196     
   3.6356772098412113       -3.4259266015811414     
   3.6355912316669814       -3.3559303676925980     
   3.6355070142777639       -3.2859390321356710     
   3.6354245584203757       -3.2159524939872552     
   3.6353438648259888       -3.1459706522532596     
   3.6352649342101264       -3.0759934058701068     
   3.6351877672726554       -3.0060206537062339     
   3.6351123646977848       -2.9360522945635954     
   3.6350387271540585       -2.8660882271791617     
   3.6349668552943526       -2.7961283502264247     
   3.6348967497558693       -2.7261725623169020     
   3.6348284111601341       -2.6562207620016363     
   3.6347618401129900       -2.5862728477727042     
   3.6346970372045950       -2.5163287180647198     
   3.6346340030094177       -2.4463882712563390     
   3.6345727380862325       -2.3764514056717672     
   3.6345132429781160       -2.3065180195822661     
   3.6344555182124445       -2.2365880112076586     
   3.6343995643008897       -2.1666612787178381     
   3.6343453817394149       -2.0967377202342776     
   3.6342929710082714       -2.0268172338315358     
   3.6342423325719970       -1.9568997175387675     
   3.6341934668794109       -1.8869850693412324     
   3.6341463743636115       -1.8170731871818058     
   3.6341010554419739       -1.7471639689624874     
   3.6340575105161461       -1.6772573125459134     
   3.6340157399720470       -1.6073531157568670     
   3.6339757441798635       -1.5374512763837884     
   3.6339375234940490       -1.4675516921802889     
   3.6339010782533183       -1.3976542608666607     
   3.6338664087806487       -1.3277588801313909     
   3.6338335153832761       -1.2578654476326725     
   3.6338023983526928       -1.1879738609999186     
   3.6337730579646457       -1.1180840178352756     
   3.6337454944791348       -1.0481958157151350     
   3.6337197081404118      -0.97830915219164927     
   3.6336956991769767      -0.90842392479424416     
   3.6336734678015787      -0.83854003103113350     
   3.6336530142112133      -0.76865736839083354     
   3.6336343385871204      -0.69877583434367696     
   3.6336174410947852      -0.62889532634332823     
   3.6336023218839344      -0.55901574182829761     
   3.6335889810885380      -0.48913697822345703     
   3.6335774188268064      -0.41925893294155453     
   3.6335676352011896      -0.34938150338472973     
   3.6335596302983784      -0.27950458694602914     
   3.6335534041893016      -0.20962808101092123     
   3.6335489569291268      -0.13975188295881258     
   3.6335462885572594       -6.9875890164562693E-002
   3.6335453990973434        0.0000000000000000     
   3.6335462885572594        6.9875890164562693E-002
   3.6335489569291268       0.13975188295881258     
   3.6335534041893016       0.20962808101092123     
   3.6335596302983784       0.27950458694602914     
   3.6335676352011896       0.34938150338472973     
   3.6335774188268064       0.41925893294155453     
   3.6335889810885380       0.48913697822345703     
   3.6336023218839344       0.55901574182829761     
   3.6336174410947852       0.62889532634332823     
   3.6336343385871204       0.69877583434367696     
   3.6336530142112133       0.76865736839083354     
   3.6336734678015787       0.83854003103113350     
   3.6336956991769767       0.90842392479424416     
   3.6337197081404118       0.97830915219164927     
   3.6337454944791348        1.0481958157151350     
   3.6337730579646457        1.1180840178352756     
   3.6338023983526928        1.1879738609999186     
   3.6338335153832761        1.2578654476326725     
   3.6338664087806487        1.3277588801313909     
   3.6339010782533183        1.3976542608666607     
   3.6339375234940490        1.4675516921802889     
   3.6339757441798635        1.5374512763837884     
   3.6340157399720470        1.6073531157568670     
   3.6340575105161461        1.6772573125459134     
   3.6341010554419739        1.7471639689624874     
   3.6341463743636115        1.8170731871818058     
   3.6341934668794109        1.8869850693412324     
   3.6342423325719970        1.9568997175387675     
   3.6342929710082714        2.0268172338315358     
   3.6343453817394149        2.0967377202342776     
   3.6343995643008897        2.1666612787178381     
   3.6344555182124445        2.2365880112076586     
   3.6345132429781160        2.3065180195822661     
   3.6345727380862325        2.3764514056717672     
   3.6346340030094177        2.4463882712563390     
   3.6346970372045950        2.5163287180647198     
   3.6347618401129900        2.5862728477727042     
   3.6348284111601341        2.6562207620016363     
   3.6348967497558693        2.7261725623169020     
   3.6349668552943526        2.7961283502264247     
   3.6350387271540585        2.8660882271791617     
   3.6351123646977848        2.9360522945635954     
   3.6351877672726554        3.0060206537062339     
   3.6352649342101264        3.0759934058701068     
   3.6353438648259888        3.1459706522532596     
   3.6354245584203757        3.2159524939872552     
   3.6355070142777639        3.2859390321356710     
   3.6355912316669814        3.3559303676925980     
   3.6356772098412113        3.4259266015811414     
   3.6357649480379961        3.4959278346519196     
   3.6358544454792456        3.5659341676815672     
   3.6359457013712380        3.6359457013712380     
   3.6360387149046298        3.7059625363451034     
   3.6361334852544585        3.7759847731488603     
   3.6362300115801482        3.8460125122482336     
   3.6363282930255174        3.9160458540274803     
   3.6364283287187833        3.9860848987878974     
   3.6365301177725677        4.0561297467463255     
   3.6366336592839041        4.1261804980336603     
   3.6367389523342424        4.1962372526933569     
   3.6368459959894572        4.2663001106799392     
   3.6369547892998524        4.3363691718575161     
   3.6370653313001693        4.4064445359982818     
   3.6371776210095916        4.4765263027810365     
   3.6372916574317538        4.5466145717896920     
   3.6374074395547469        4.6167094425117945     
   3.6375249663511258        4.6868110143370272     
   3.6376442367779167        4.7569193865557367     
   3.6377652497766237        4.8270346583574426     
   3.6378880042732376        4.8971569288293582     
   3.6380124991782403        4.9672862969549048     
   3.6381387333866169        5.0374228616122387     
   3.6382667057778586        5.1075667215727636     
   3.6383964152159742        5.1777179754996556     
   3.6385278605494960        5.2478767219463878     
   3.6386610406114879        5.3180430593552517     
   3.7081973943708815       -5.0375511772585559     
   3.7080687526134399       -4.9674128572746081     
   3.7079418833292612       -4.8972817326990246     
   3.7078167876445303       -4.8271577046692942     
   3.7076934666696362       -4.7570406742176461     
   3.7075719214991634       -4.6869305422725276     
   3.7074521532118854       -4.6168272096600838     
   3.7073341628707563       -4.5467305771056443     
   3.7072179515229049       -4.4766405452352060     
   3.7071035201996243       -4.4065570145769124     
   3.7069908699163689       -4.3364798855625448     
   3.7068800016727441       -4.2664090585290069     
   3.7067709164525011       -4.1963444337198128     
   3.7066636152235293       -4.1262859112865700     
   3.7065580989378502       -4.0562333912904771     
   3.7064543685316100       -3.9861867737038073     
   3.7063524249250754       -3.9161459584114002     
   3.7062522690226234       -3.8461108452121566     
   3.7061539017127387       -3.7760813338205259     
   3.7060573238680057       -3.7060573238680057     
   3.7059625363451034       -3.6360387149046298     
   3.7058695399847985       -3.5660254064004664     
   3.7057783356119414       -3.4960172977471142     
   3.7056889240354578       -3.4260142882591968     
   3.7056013060483459       -3.3560162771758604     
   3.7055154824276704       -3.2860231636622736     
   3.7054314539345552       -3.2160348468111235     
   3.7053492213141803       -3.1460512256441153     
   3.7052687852957771       -3.0760721991134754     
   3.7051901465926211       -3.0060976661034471     
   3.7051133059020289       -2.9361275254317967     
   3.7050382639053532       -2.8661616758513113     
   3.7049650212679772       -2.7962000160513036     
   3.7048935786393118       -2.7262424446591162     
   3.7048239366527889       -2.6562888602416224     
   3.7047560959258590       -2.5863391613067317     
   3.7046900570599872       -2.5163932463048968     
   3.7046258206406470       -2.4464510136306163     
   3.7045633872373185       -2.3765123616239401     
   3.7045027574034828       -2.3065771885719801     
   3.7044439316766202       -2.2366453927104124     
   3.7043869105782052       -2.1667168722249879     
   3.7043316946137024       -2.0967915252530394     
   3.7042782842725654       -2.0268692498849883     
   3.7042266800282309       -1.9569499441658578     
   3.7041768823381171       -1.8870335060967767     
   3.7041288916436201       -1.8171198336364931     
   3.7040827083701116       -1.7472088247028827     
   3.7040383329269342       -1.6773003771744606     
   3.7039957657074005       -1.6073943888918909     
   3.7039550070887906       -1.5374907576594978     
   3.7039160574323469       -1.4675893812467791     
   3.7038789170832760       -1.3976901573899154     
   3.7038435863707417       -1.3277929837932849     
   3.7038100656078665       -1.2578977581309736     
   3.7037783550917269       -1.1880043780482896     
   3.7037484551033533       -1.1181127411632765     
   3.7037203659077274       -1.0482227450682247     
   3.7036940877537794      -0.97833428733118699     
   3.7036696208743880      -0.90844726549749144     
   3.7036469654863784      -0.83856157709125545     
   3.7036261217905193      -0.76867711961690033     
   3.7036070899715243      -0.69879379056066493     
   3.7035898701980488      -0.62891148739212144     
   3.7035744626226879      -0.55903010756568872     
   3.7035608673819778      -0.48914954852214804     
   3.7035490845963945      -0.41926970769015787     
   3.7035391143703507      -0.34939048248776894     
   3.7035309567921981      -0.27951177032393948     
   3.7035246119342240      -0.20963346860005042     
   3.7035200798526531      -0.13975547471142089     
   3.7035173605876466       -6.9877686048823523E-002
   3.7035164541633003        0.0000000000000000     
   3.7035173605876466        6.9877686048823523E-002
   3.7035200798526531       0.13975547471142089     
   3.7035246119342240       0.20963346860005042     
   3.7035309567921981       0.27951177032393948     
   3.7035391143703507       0.34939048248776894     
   3.7035490845963945       0.41926970769015787     
   3.7035608673819778       0.48914954852214804     
   3.7035744626226879       0.55903010756568872     
   3.7035898701980488       0.62891148739212144     
   3.7036070899715243       0.69879379056066493     
   3.7036261217905193       0.76867711961690033     
   3.7036469654863784       0.83856157709125545     
   3.7036696208743880       0.90844726549749144     
   3.7036940877537794       0.97833428733118699     
   3.7037203659077274        1.0482227450682247     
   3.7037484551033533        1.1181127411632765     
   3.7037783550917269        1.1880043780482896     
   3.7038100656078665        1.2578977581309736     
   3.7038435863707417        1.3277929837932849     
   3.7038789170832760        1.3976901573899154     
   3.7039160574323469        1.4675893812467791     
   3.7039550070887906        1.5374907576594978     
   3.7039957657074005        1.6073943888918909     
   3.7040383329269342        1.6773003771744606     
   3.7040827083701116        1.7472088247028827     
   3.7041288916436201        1.8171198336364931     
   3.7041768823381171        1.8870335060967767     
   3.7042266800282309        1.9569499441658578     
   3.7042782842725654        2.0268692498849883     
   3.7043316946137024        2.0967915252530394     
   3.7043869105782052        2.1667168722249879     
   3.7044439316766202        2.2366453927104124     
   3.7045027574034828        2.3065771885719801     
   3.7045633872373185        2.3765123616239401     
   3.7046258206406470        2.4464510136306163     
   3.7046900570599872        2.5163932463048968     
   3.7047560959258590        2.5863391613067317     
   3.7048239366527889        2.6562888602416224     
   3.7048935786393118        2.7262424446591162     
   3.7049650212679772        2.7962000160513036     
   3.7050382639053532        2.8661616758513113     
   3.7051133059020289        2.9361275254317967     
   3.7051901465926211        3.0060976661034471     
   3.7052687852957771        3.0760721991134754     
   3.7053492213141803        3.1460512256441153     
   3.7054314539345552        3.2160348468111235     
   3.7055154824276704        3.2860231636622736     
   3.7056013060483459        3.3560162771758604     
   3.7056889240354578        3.4260142882591968     
   3.7057783356119414        3.4960172977471142     
   3.7058695399847985        3.5660254064004664     
   3.7059625363451034        3.6360387149046298     
   3.7060573238680057        3.7060573238680057     
   3.7061539017127387        3.7760813338205259     
   3.7062522690226234        3.8461108452121566     
   3.7063524249250754        3.9161459584114002     
   3.7064543685316100        3.9861867737038073     
   3.7065580989378502        4.0562333912904771     
   3.7066636152235293        4.1262859112865700     
   3.7067709164525011        4.1963444337198128     
   3.7068800016727441        4.2664090585290069     
   3.7069908699163689        4.3364798855625448     
   3.7071035201996243        4.4065570145769124     
   3.7072179515229049        4.4766405452352060     
   3.7073341628707563        4.5467305771056443     
   3.7074521532118854        4.6168272096600838     
   3.7075719214991634        4.6869305422725276     
   3.7076934666696362        4.7570406742176461     
   3.7078167876445303        4.8271577046692942     
   3.7079418833292612        4.8972817326990246     
   3.7080687526134399        4.9674128572746081     
   3.7081973943708815        5.0375511772585559     
   3.7778737108826670       -4.8272830750167417     
   3.7777480830271095       -4.7571642527008047     
   3.7776242641925859       -4.6870523277945058     
   3.7775022554781432       -4.6169472011399533     
   3.7773820579667121       -4.5468487734784500     
   3.7772636727250983       -4.4767569454519691     
   3.7771471008039779       -4.4066716176046414     
   3.7770323432378876       -4.3365926903842409     
   3.7769194010452187       -4.2665200641436734     
   3.7768082752282108       -4.1964536391424572     
   3.7766989667729427       -4.1263933155482153     
   3.7765914766493274       -4.0563389934381666     
   3.7764858058111050       -3.9862905728006113     
   3.7763819551958364       -3.9162479535364230     
   3.7762799257248951       -3.8462110354605414     
   3.7761797183034638       -3.7761797183034638     
   3.7760813338205259       -3.7061539017127387     
   3.7759847731488603       -3.6361334852544585     
   3.7758900371450346       -3.5661183684147550     
   3.7757971266494010       -3.4961084506012976     
   3.7757060424860889       -3.4261036311447848     
   3.7756167854629994       -3.3561038093004441     
   3.7755293563718002       -3.2861088842495301     
   3.7754437559879208       -3.2161187551008221     
   3.7753599850705464       -3.1461333208921221     
   3.7752780443626124       -3.0761524805917584     
   3.7751979345907998       -3.0061761331000816     
   3.7751196564655314       -2.9362041772509690     
   3.7750432106809639       -2.8662365118133248     
   3.7749685979149867       -2.7962730354925829     
   3.7748958188292154       -2.7263136469322116     
   3.7748248740689876       -2.6563582447152134     
   3.7747557642633573       -2.5864067273656337     
   3.7746884900250937       -2.5164589933500627     
   3.7746230519506745       -2.4465149410791409     
   3.7745594506202820       -2.3765744689090664     
   3.7744976865978002       -2.3066374751431002     
   3.7744377604308106       -2.2367038580330734     
   3.7743796726505883       -2.1667735157808932     
   3.7743234237720986       -2.0968463465400551     
   3.7742690142939930       -2.0269222484171441     
   3.7742164446986068       -1.9570011194733519     
   3.7741657154519554       -1.8870828577259777     
   3.7741168270037306       -1.8171673611499444     
   3.7740697797872977       -1.7472545276793046     
   3.7740245742196943       -1.6773442552087530     
   3.7739812107016242       -1.6074364415951363     
   3.7739396896174582       -1.5375309846589644     
   3.7739000113352290       -1.4676277821859225     
   3.7738621762066300       -1.3977267319283815     
   3.7738261845670125       -1.3278277316069120     
   3.7737920367353834       -1.2579306789117946     
   3.7737597330144030       -1.1880354715045343     
   3.7737292736903840       -1.1181420070193731     
   3.7737006590332869       -1.0482501830648021     
   3.7736738892967221      -0.97835989722507610     
   3.7736489647179443      -0.90847104706172743     
   3.7736258855178542      -0.83858353011507869     
   3.7736046519009938      -0.76869724390575811     
   3.7735852640555483      -0.69881208593621269     
   3.7735677221533424      -0.62892795369222376     
   3.7735520263498401      -0.55904474464442089     
   3.7735381767841440      -0.48916235624979648     
   3.7735261735789933      -0.41928068595322149     
   3.7735160168407638      -0.34939963118895961     
   3.7735077066594673      -0.27951908938218278     
   3.7735012431087500      -0.20963895795048612     
   3.7734966262458940      -0.13975913430540352     
   3.7734938561118141       -6.9879515853922491E-002
   3.7734929327310596        0.0000000000000000     
   3.7734938561118141        6.9879515853922491E-002
   3.7734966262458940       0.13975913430540352     
   3.7735012431087500       0.20963895795048612     
   3.7735077066594673       0.27951908938218278     
   3.7735160168407638       0.34939963118895961     
   3.7735261735789933       0.41928068595322149     
   3.7735381767841440       0.48916235624979648     
   3.7735520263498401       0.55904474464442089     
   3.7735677221533424       0.62892795369222376     
   3.7735852640555483       0.69881208593621269     
   3.7736046519009938       0.76869724390575811     
   3.7736258855178542       0.83858353011507869     
   3.7736489647179443       0.90847104706172743     
   3.7736738892967221       0.97835989722507610     
   3.7737006590332869        1.0482501830648021     
   3.7737292736903840        1.1181420070193731     
   3.7737597330144030        1.1880354715045343     
   3.7737920367353834        1.2579306789117946     
   3.7738261845670125        1.3278277316069120     
   3.7738621762066300        1.3977267319283815     
   3.7739000113352290        1.4676277821859225     
   3.7739396896174582        1.5375309846589644     
   3.7739812107016242        1.6074364415951363     
   3.7740245742196943        1.6773442552087530     
   3.7740697797872977        1.7472545276793046     
   3.7741168270037306        1.8171673611499444     
   3.7741657154519554        1.8870828577259777     
   3.7742164446986068        1.9570011194733519     
   3.7742690142939930        2.0269222484171441     
   3.7743234237720986        2.0968463465400551     
   3.7743796726505883        2.1667735157808932     
   3.7744377604308106        2.2367038580330734     
   3.7744976865978002        2.3066374751431002     
   3.7745594506202820        2.3765744689090664     
   3.7746230519506745        2.4465149410791409     
   3.7746884900250937        2.5164589933500627     
   3.7747557642633573        2.5864067273656337     
   3.7748248740689876        2.6563582447152134     
   3.7748958188292154        2.7263136469322116     
   3.7749685979149867        2.7962730354925829     
   3.7750432106809639        2.8662365118133248     
   3.7751196564655314        2.9362041772509690     
   3.7751979345907998        3.0061761331000816     
   3.7752780443626124        3.0761524805917584     
   3.7753599850705464        3.1461333208921221     
   3.7754437559879208        3.2161187551008221     
   3.7755293563718002        3.2861088842495301     
   3.7756167854629994        3.3561038093004441     
   3.7757060424860889        3.4261036311447848     
   3.7757971266494010        3.4961084506012976     
   3.7758900371450346        3.5661183684147550     
   3.7759847731488603        3.6361334852544585     
   3.7760813338205259        3.7061539017127387     
   3.7761797183034638        3.7761797183034638     
   3.7762799257248951        3.8462110354605414     
   3.7763819551958364        3.9162479535364230     
   3.7764858058111050        3.9862905728006113     
   3.7765914766493274        4.0563389934381666     
   3.7766989667729427        4.1263933155482153     
   3.7768082752282108        4.1964536391424572     
   3.7769194010452187        4.2665200641436734     
   3.7770323432378876        4.3365926903842409     
   3.7771471008039779        4.4066716176046414     
   3.7772636727250983        4.4767569454519691     
   3.7773820579667121        4.5468487734784500     
   3.7775022554781432        4.6169472011399533     
   3.7776242641925859        4.6870523277945058     
   3.7777480830271095        4.7571642527008047     
   3.7778737108826670        4.8272830750167417     
   3.8475578465714357       -4.6170694158857231     
   3.8474354429571753       -4.5469691598584800     
   3.8473148848730698       -4.4768755023977542     
   3.8471961733891709       -4.4067883440639593     
   3.8470793095590952       -4.3367075853211619     
   3.8469642944200158       -4.2666331265385624     
   3.8468511289926552       -4.1965648679919880     
   3.8467398142812788       -4.1265027098653713     
   3.8466303512736864       -4.0564465522522504     
   3.8465227409412077       -3.9863962951572520     
   3.8464169842386946       -3.9163518384975800     
   3.8463130821045142       -3.8463130821045142     
   3.8462110354605414       -3.7762799257248951     
   3.8461108452121566       -3.7062522690226234     
   3.8460125122482336       -3.6362300115801482     
   3.8459160374411390       -3.5662130528999652     
   3.8458214216467224       -3.4962012924061114     
   3.8457286657043133       -3.4261946294456607     
   3.8456377704367122       -3.3561929632902214     
   3.8455487366501884       -3.2861961931374335     
   3.8454615651344719       -3.2162042181124675     
   3.8453762566627496       -3.1462169372695223     
   3.8452928119916598       -3.0762342495933277     
   3.8452112318612852       -3.0062560540006409     
   3.8451315169951505       -2.9362822493417515     
   3.8450536681002165       -2.8663127344019794     
   3.8449776858668741       -2.7963474079031809     
   3.8449035709689410       -2.7263861685052491     
   3.8448313240636569       -2.6564289148076177     
   3.8447609457916787       -2.5864755453507655     
   3.8446924367770765       -2.5165259586177227     
   3.8446257976273288       -2.4465800530355732     
   3.8445610289333190       -2.3766377269769610     
   3.8444981312693312       -2.3066988787615990     
   3.8444371051930464       -2.2367634066577726     
   3.8443779512455372       -2.1668312088838482     
   3.8443206699512675       -2.0969021836097825     
   3.8442652618180864       -2.0269762289586271     
   3.8442117273372243       -1.9570532430080414     
   3.8441600669832914       -1.8871331237917974     
   3.8441102812142738       -1.8172157693012931     
   3.8440623704715304       -1.7473010774870592     
   3.8440163351797891       -1.6773889462602716     
   3.8439721757471457       -1.6074792734942611     
   3.8439298925650593       -1.5375719570260238     
   3.8438894860083512       -1.4676668946577340     
   3.8438509564352010       -1.3977639841582548     
   3.8438143041871449       -1.3278631232646501     
   3.8437795295890735       -1.2579642096836967     
   3.8437466329492302       -1.1880671410933983     
   3.8437156145592071       -1.1181718151444966     
   3.8436864746939454       -1.0482781294619852     
   3.8436592136117316      -0.97838598164662249     
   3.8436338315541971      -0.90849526927644664     
   3.8436103287463164      -0.83860588990828722     
   3.8435887053964048      -0.76871774107928104     
   3.8435689616961182      -0.69883072030838511     
   3.8435510978204501      -0.62894472509789179     
   3.8435351139277318      -0.55905965293494286     
   3.8435210101596318      -0.48917540129304399     
   3.8435087866411526      -0.41929186763358028     
   3.8434984434806330      -0.34940894940733019     
   3.8434899807697436      -0.27952654405598137     
   3.8434833985834906      -0.20964454901364493     
   3.8434786969802111      -0.13976286170837132     
   3.8434758760015755       -6.9881379563665011E-002
   3.8434749356725852        0.0000000000000000     
   3.8434758760015755        6.9881379563665011E-002
   3.8434786969802111       0.13976286170837132     
   3.8434833985834906       0.20964454901364493     
   3.8434899807697436       0.27952654405598137     
   3.8434984434806330       0.34940894940733019     
   3.8435087866411526       0.41929186763358028     
   3.8435210101596318       0.48917540129304399     
   3.8435351139277318       0.55905965293494286     
   3.8435510978204501       0.62894472509789179     
   3.8435689616961182       0.69883072030838511     
   3.8435887053964048       0.76871774107928104     
   3.8436103287463164       0.83860588990828722     
   3.8436338315541971       0.90849526927644664     
   3.8436592136117316       0.97838598164662249     
   3.8436864746939454        1.0482781294619852     
   3.8437156145592071        1.1181718151444966     
   3.8437466329492302        1.1880671410933983     
   3.8437795295890735        1.2579642096836967     
   3.8438143041871449        1.3278631232646501     
   3.8438509564352010        1.3977639841582548     
   3.8438894860083512        1.4676668946577340     
   3.8439298925650593        1.5375719570260238     
   3.8439721757471457        1.6074792734942611     
   3.8440163351797891        1.6773889462602716     
   3.8440623704715304        1.7473010774870592     
   3.8441102812142738        1.8172157693012931     
   3.8441600669832914        1.8871331237917974     
   3.8442117273372243        1.9570532430080414     
   3.8442652618180864        2.0269762289586271     
   3.8443206699512675        2.0969021836097825     
   3.8443779512455372        2.1668312088838482     
   3.8444371051930464        2.2367634066577726     
   3.8444981312693312        2.3066988787615990     
   3.8445610289333190        2.3766377269769610     
   3.8446257976273288        2.4465800530355732     
   3.8446924367770765        2.5165259586177227     
   3.8447609457916787        2.5864755453507655     
   3.8448313240636569        2.6564289148076177     
   3.8449035709689410        2.7263861685052491     
   3.8449776858668741        2.7963474079031809     
   3.8450536681002165        2.8663127344019794     
   3.8451315169951505        2.9362822493417515     
   3.8452112318612852        3.0062560540006409     
   3.8452928119916598        3.0762342495933277     
   3.8453762566627496        3.1462169372695223     
   3.8454615651344719        3.2162042181124675     
   3.8455487366501884        3.2861961931374335     
   3.8456377704367122        3.3561929632902214     
   3.8457286657043133        3.4261946294456607     
   3.8458214216467224        3.4962012924061114     
   3.8459160374411390        3.5662130528999652     
   3.8460125122482336        3.6362300115801482     
   3.8461108452121566        3.7062522690226234     
   3.8462110354605414        3.7762799257248951     
   3.8463130821045142        3.8463130821045142     
   3.8464169842386946        3.9163518384975800     
   3.8465227409412077        3.9863962951572520     
   3.8466303512736864        4.0564465522522504     
   3.8467398142812788        4.1265027098653713     
   3.8468511289926552        4.1965648679919880     
   3.8469642944200158        4.2666331265385624     
   3.8470793095590952        4.3367075853211619     
   3.8471961733891709        4.4067883440639593     
   3.8473148848730698        4.4768755023977542     
   3.8474354429571753        4.5469691598584800     
   3.8475578465714357        4.6170694158857231     
   3.9171318690932750       -4.3368245693532685     
   3.9170147820288586       -4.2667482447100058     
   3.9168995779957001       -4.1966781192811071     
   3.9167862580162462       -4.1266140932671167     
   3.9166748230961814       -4.0565560667781879     
   3.9165652742244204       -3.9865039398355711     
   3.9164576123731010       -3.9164576123731010     
   3.9163518384975800       -3.8464169842386946     
   3.9162479535364230       -3.7763819551958364     
   3.9161459584114002       -3.7063524249250754     
   3.9160458540274803       -3.6363282930255174     
   3.9159476412728225       -3.5663094590163205     
   3.9158513210187720       -3.4962958223381890     
   3.9157568941198533       -3.4262872823548718     
   3.9156643614137647       -3.3562837383546555     
   3.9155737237213724       -3.2862850895518663     
   3.9154849818467046       -3.2162912350883648     
   3.9153981365769472       -3.1463020740350469     
   3.9153131886824362       -3.0763175053933427     
   3.9152301389166544       -3.0063374280967166     
   3.9151489880162265       -2.9363617410121701     
   3.9150697367009117       -2.8663903429417390     
   3.9149923856736013       -2.7964231326240010     
   3.9149169356203126       -2.7264600087355748     
   3.9148433872101851       -2.6565008698926258     
   3.9147717410954743       -2.5865456146523669     
   3.9147019979115498       -2.5165941415145676     
   3.9146341582768884       -2.4466463489230557     
   3.9145682227930720       -2.3767021352672222     
   3.9145041920447823       -2.3067613988835323     
   3.9144420665997965       -2.2368240380570268     
   3.9143818470089853       -2.1668899510228310     
   3.9143235338063072       -2.0969590359676649     
   3.9142671275088059       -2.0270311910313459     
   3.9142126286166063       -1.9571063143083032     
   3.9141600376129118       -1.8871843038490825     
   3.9141093549640007       -1.8172650576618576     
   3.9140605811192226       -1.7473484737139386     
   3.9140137165109956       -1.6774344499332838     
   3.9139687615548042       -1.6075228842100089     
   3.9139257166491954       -1.5376136743978983     
   3.9138845821757764       -1.4677067183159163     
   3.9138453584992123       -1.3978019137497186     
   3.9138080459672233       -1.3278991584531652     
   3.9137726449105825       -1.2579983501498302     
   3.9137391556431136       -1.1880993865345166     
   3.9137075784616884       -1.1182021652747682     
   3.9136779136462265       -1.0483065840123822     
   3.9136501614596906      -0.97841254036492264     
   3.9136243221480878      -0.90851993192723468     
   3.9136003959404646      -0.83862865627295669     
   3.9135783830489093      -0.76873861095603579     
   3.9135582836685470      -0.69884969351224047     
   3.9135400979775397      -0.62896180146067604     
   3.9135238261370864      -0.55907483230529809     
   3.9135094682914193      -0.48918868353642742     
   3.9134970245678056      -0.41930325263226487     
   3.9134864950765444      -0.34941843706040571     
   3.9134778799109671      -0.27953413427935481     
   3.9134711791474368      -0.20965024174004127     
   3.9134663928453479      -0.13976665688733386     
   3.9134635210471247       -6.9883277161555804E-002
   3.9134625637782219        0.0000000000000000     
   3.9134635210471247        6.9883277161555804E-002
   3.9134663928453479       0.13976665688733386     
   3.9134711791474368       0.20965024174004127     
   3.9134778799109671       0.27953413427935481     
   3.9134864950765444       0.34941843706040571     
   3.9134970245678056       0.41930325263226487     
   3.9135094682914193       0.48918868353642742     
   3.9135238261370864       0.55907483230529809     
   3.9135400979775397       0.62896180146067604     
   3.9135582836685470       0.69884969351224047     
   3.9135783830489093       0.76873861095603579     
   3.9136003959404646       0.83862865627295669     
   3.9136243221480878       0.90851993192723468     
   3.9136501614596906       0.97841254036492264     
   3.9136779136462265        1.0483065840123822     
   3.9137075784616884        1.1182021652747682     
   3.9137391556431136        1.1880993865345166     
   3.9137726449105825        1.2579983501498302     
   3.9138080459672233        1.3278991584531652     
   3.9138453584992123        1.3978019137497186     
   3.9138845821757764        1.4677067183159163     
   3.9139257166491954        1.5376136743978983     
   3.9139687615548042        1.6075228842100089     
   3.9140137165109956        1.6774344499332838     
   3.9140605811192226        1.7473484737139386     
   3.9141093549640007        1.8172650576618576     
   3.9141600376129118        1.8871843038490825     
   3.9142126286166063        1.9571063143083032     
   3.9142671275088059        2.0270311910313459     
   3.9143235338063072        2.0969590359676649     
   3.9143818470089853        2.1668899510228310     
   3.9144420665997965        2.2368240380570268     
   3.9145041920447823        2.3067613988835323     
   3.9145682227930720        2.3767021352672222     
   3.9146341582768884        2.4466463489230557     
   3.9147019979115498        2.5165941415145676     
   3.9147717410954743        2.5865456146523669     
   3.9148433872101851        2.6565008698926258     
   3.9149169356203126        2.7264600087355748     
   3.9149923856736013        2.7964231326240010     
   3.9150697367009117        2.8663903429417390     
   3.9151489880162265        2.9363617410121701     
   3.9152301389166544        3.0063374280967166     
   3.9153131886824362        3.0763175053933427     
   3.9153981365769472        3.1463020740350469     
   3.9154849818467046        3.2162912350883648     
   3.9155737237213724        3.2862850895518663     
   3.9156643614137647        3.3562837383546555     
   3.9157568941198533        3.4262872823548718     
   3.9158513210187720        3.4962958223381890     
   3.9159476412728225        3.5663094590163205     
   3.9160458540274803        3.6363282930255174     
   3.9161459584114002        3.7063524249250754     
   3.9162479535364230        3.7763819551958364     
   3.9163518384975800        3.8464169842386946     
   3.9164576123731010        3.9164576123731010     
   3.9165652742244204        3.9865039398355711     
   3.9166748230961814        4.0565560667781879     
   3.9167862580162462        4.1266140932671167     
   3.9168995779957001        4.1966781192811071     
   3.9170147820288586        4.2667482447100058     
   3.9171318690932750        4.3368245693532685     
   3.9868383981626403       -4.1267274647648380     
   3.9867249923191461       -4.0566675360440430     
   3.9866135058803160       -3.9866135058803160     
   3.9865039398355711       -3.9165652742244204     
   3.9863962951572520       -3.8465227409412077     
   3.9862905728006113       -3.7764858058111050     
   3.9861867737038073       -3.7064543685316100     
   3.9860848987878974       -3.6364283287187833     
   3.9859849489568306       -3.5664075859087432     
   3.9858869250974447       -3.4963920395591614     
   3.9857908280794554       -3.4263815890507598     
   3.9856966587554550       -3.3563761336888041     
   3.9856044179609031       -3.2863755727046042     
   3.9855141065141240       -3.2163798052570121     
   3.9854257252162970       -3.1463887304339182     
   3.9853392748514551       -3.0764022472537547     
   3.9852547561864773       -3.0064202546669914     
   3.9851721699710843       -2.9364426515576407     
   3.9850915169378323       -2.8664693367447565     
   3.9850127978021095       -2.7965002089839359     
   3.9849360132621294       -2.7265351669688251     
   3.9848611639989291       -2.6565741093326194     
   3.9847882506763601       -2.5866169346495669     
   3.9847172739410888       -2.5166635414364769     
   3.9846482344225880       -2.4467138281542207     
   3.9845811327331346       -2.3767676932092381     
   3.9845159694678065       -2.3068250349550459     
   3.9844527452044760       -2.2368857516937410     
   3.9843914605038067       -2.1669497416775085     
   3.9843321159092513       -2.0970169031101324     
   3.9842747119470463       -2.0270871341484971     
   3.9842192491262085       -1.9571603329041023     
   3.9841657279385325       -1.8872363974445678     
   3.9841141488585867       -1.8173152257951448     
   3.9840645123437097       -1.7473967159402235     
   3.9840168188340086       -1.6774807658248456     
   3.9839710687523544       -1.6075672733562132     
   3.9839272625043805       -1.5376561364051995     
   3.9838854004784787       -1.4677472528078606     
   3.9838454830457981       -1.3978405203669466     
   3.9838075105602408       -1.3279358368534135     
   3.9837714833584608       -1.2580331000079350     
   3.9837374017598619       -1.1881322075424150     
   3.9837052660665950       -1.1182330571415005     
   3.9836750765635549       -1.0483355464640935     
   3.9836468335183812      -0.97843957314486552     
   3.9836205371814541      -0.90854503479577020     
   3.9835961877858934      -0.83865182900755642     
   3.9835737855475570      -0.76875985335128294     
   3.9835533306650399      -0.69886900537983154     
   3.9835348233196726      -0.62897918262942198     
   3.9835182636755189      -0.55909028262112548     
   3.9835036518793765      -0.48920220286237953     
   3.9834909880607743      -0.41931484084850251     
   3.9834802723319731      -0.34942809406420816     
   3.9834715047879645      -0.27954185998512032     
   3.9834646855064682      -0.20965603607928779     
   3.9834598145479347      -0.13977051980869948     
   3.9834568919555435       -6.9885208630799014E-002
   3.9834559177552009        0.0000000000000000     
   3.9834568919555435        6.9885208630799014E-002
   3.9834598145479347       0.13977051980869948     
   3.9834646855064682       0.20965603607928779     
   3.9834715047879645       0.27954185998512032     
   3.9834802723319731       0.34942809406420816     
   3.9834909880607743       0.41931484084850251     
   3.9835036518793765       0.48920220286237953     
   3.9835182636755189       0.55909028262112548     
   3.9835348233196726       0.62897918262942198     
   3.9835533306650399       0.69886900537983154     
   3.9835737855475570       0.76875985335128294     
   3.9835961877858934       0.83865182900755642     
   3.9836205371814541       0.90854503479577020     
   3.9836468335183812       0.97843957314486552     
   3.9836750765635549        1.0483355464640935     
   3.9837052660665950        1.1182330571415005     
   3.9837374017598619        1.1881322075424150     
   3.9837714833584608        1.2580331000079350     
   3.9838075105602408        1.3279358368534135     
   3.9838454830457981        1.3978405203669466     
   3.9838854004784787        1.4677472528078606     
   3.9839272625043805        1.5376561364051995     
   3.9839710687523544        1.6075672733562132     
   3.9840168188340086        1.6774807658248456     
   3.9840645123437097        1.7473967159402235     
   3.9841141488585867        1.8173152257951448     
   3.9841657279385325        1.8872363974445678     
   3.9842192491262085        1.9571603329041023     
   3.9842747119470463        2.0270871341484971     
   3.9843321159092513        2.0970169031101324     
   3.9843914605038067        2.1669497416775085     
   3.9844527452044760        2.2368857516937410     
   3.9845159694678065        2.3068250349550459     
   3.9845811327331346        2.3767676932092381     
   3.9846482344225880        2.4467138281542207     
   3.9847172739410888        2.5166635414364769     
   3.9847882506763601        2.5866169346495669     
   3.9848611639989291        2.6565741093326194     
   3.9849360132621294        2.7265351669688251     
   3.9850127978021095        2.7965002089839359     
   3.9850915169378323        2.8664693367447565     
   3.9851721699710843        2.9364426515576407     
   3.9852547561864773        3.0064202546669914     
   3.9853392748514551        3.0764022472537547     
   3.9854257252162970        3.1463887304339182     
   3.9855141065141240        3.2163798052570121     
   3.9856044179609031        3.2863755727046042     
   3.9856966587554550        3.3563761336888041     
   3.9857908280794554        3.4263815890507598     
   3.9858869250974447        3.4963920395591614     
   3.9859849489568306        3.5664075859087432     
   3.9860848987878974        3.6364283287187833     
   3.9861867737038073        3.7064543685316100     
   3.9862905728006113        3.7764858058111050     
   3.9863962951572520        3.8465227409412077     
   3.9865039398355711        3.9165652742244204     
   3.9866135058803160        3.9866135058803160     
   3.9867249923191461        4.0566675360440430     
   3.9868383981626403        4.1267274647648380     
   4.0564465522522504       -3.8466303512736864     
   4.0563389934381666       -3.7765914766493274     
   4.0562333912904771       -3.7065580989378502     
   4.0561297467463255       -3.6365301177725677     
   4.0560280607254473       -3.5665074327068589     
   4.0559283341301677       -3.4964899432156620     
   4.0558305678453914       -3.4264775486969690     
   4.0557347627386005       -3.3564701484733250     
   4.0556409196598464       -3.2864676417933238     
   4.0555490394417424       -3.2164699278331064     
   4.0554591228994612       -3.1464769056978583     
   4.0553711708307292       -3.0764884744233121     
   4.0552851840158164       -3.0065045329772437     
   4.0552011632175384       -2.9365249802609767     
   4.0551191091812449       -2.8665497151108807     
   4.0550390226348174       -2.7965786362998744     
   4.0549609042886647       -2.7266116425389297     
   4.0548847548357152       -2.6566486324785727     
   4.0548105749514178       -2.5866895047103871     
   4.0547383652937299       -2.5167341577685223     
   4.0546681265031186       -2.4467824901311928     
   4.0545998592025549       -2.3768344002221875     
   4.0545335639975084       -2.3068897864123756     
   4.0544692414759442       -2.2369485470212109     
   4.0544068922083181       -2.1670105803182391     
   4.0543465167475734       -2.0970757845246073     
   4.0542881156291379       -2.0271440578145690     
   4.0542316893709183       -1.9572152983169950     
   4.0541772384732981       -1.8872894041168800     
   4.0541247634191331       -1.8173662732568530     
   4.0540742646737513       -1.7474458037386860     
   4.0540257426849440       -1.6775278935248046     
   4.0539791978829696       -1.6076124405397987     
   4.0539346306805450       -1.5376993426719310     
   4.0538920414728450       -1.4677884977746509     
   4.0538514306375015       -1.3978798036681039     
   4.0538127985345964       -1.3279731581406440     
   4.0537761455066654       -1.2580684589503444     
   4.0537414718786886       -1.1881656038265123     
   4.0537087779580947       -1.1182644904711987     
   4.0536780640347549       -1.0483650165607128     
   4.0536493303809831      -0.97846707974713387     
   4.0536225772515309      -0.90857057765982607     
   4.0535978048835917      -0.83867540790694994     
   4.0535750134967916      -0.76878146807697778     
   4.0535542032931957      -0.69888865574020609     
   4.0535353744572999      -0.62899686845027070     
   4.0535185271560348      -0.55910600374566000     
   4.0535036615387607      -0.48921595915122973     
   4.0534907777372693      -0.41932663217971755     
   4.0534798758657828      -0.34943792033325716     
   4.0534709560209512      -0.27954972110489323     
   4.0534640182818515      -0.20966193198009575     
   4.0534590627099893      -0.13977445043827552     
   4.0534560893492992       -6.9887173954298276E-002
   4.0534550982261406        0.0000000000000000     
   4.0534560893492992        6.9887173954298276E-002
   4.0534590627099893       0.13977445043827552     
   4.0534640182818515       0.20966193198009575     
   4.0534709560209512       0.27954972110489323     
   4.0534798758657828       0.34943792033325716     
   4.0534907777372693       0.41932663217971755     
   4.0535036615387607       0.48921595915122973     
   4.0535185271560348       0.55910600374566000     
   4.0535353744572999       0.62899686845027070     
   4.0535542032931957       0.69888865574020609     
   4.0535750134967916       0.76878146807697778     
   4.0535978048835917       0.83867540790694994     
   4.0536225772515309       0.90857057765982607     
   4.0536493303809831       0.97846707974713387     
   4.0536780640347549        1.0483650165607128     
   4.0537087779580947        1.1182644904711987     
   4.0537414718786886        1.1881656038265123     
   4.0537761455066654        1.2580684589503444     
   4.0538127985345964        1.3279731581406440     
   4.0538514306375015        1.3978798036681039     
   4.0538920414728450        1.4677884977746509     
   4.0539346306805450        1.5376993426719310     
   4.0539791978829696        1.6076124405397987     
   4.0540257426849440        1.6775278935248046     
   4.0540742646737513        1.7474458037386860     
   4.0541247634191331        1.8173662732568530     
   4.0541772384732981        1.8872894041168800     
   4.0542316893709183        1.9572152983169950     
   4.0542881156291379        2.0271440578145690     
   4.0543465167475734        2.0970757845246073     
   4.0544068922083181        2.1670105803182391     
   4.0544692414759442        2.2369485470212109     
   4.0545335639975084        2.3068897864123756     
   4.0545998592025549        2.3768344002221875     
   4.0546681265031186        2.4467824901311928     
   4.0547383652937299        2.5167341577685223     
   4.0548105749514178        2.5866895047103871     
   4.0548847548357152        2.6566486324785727     
   4.0549609042886647        2.7266116425389297     
   4.0550390226348174        2.7965786362998744     
   4.0551191091812449        2.8665497151108807     
   4.0552011632175384        2.9365249802609767     
   4.0552851840158164        3.0065045329772437     
   4.0553711708307292        3.0764884744233121     
   4.0554591228994612        3.1464769056978583     
   4.0555490394417424        3.2164699278331064     
   4.0556409196598464        3.2864676417933238     
   4.0557347627386005        3.3564701484733250     
   4.0558305678453914        3.4264775486969690     
   4.0559283341301677        3.4964899432156620     
   4.0560280607254473        3.5665074327068589     
   4.0561297467463255        3.6365301177725677     
   4.0562333912904771        3.7065580989378502     
   4.0563389934381666        3.7765914766493274     
   4.0564465522522504        3.8466303512736864     
   4.1260770767250046       -3.5666089985250036     
   4.1259756482784109       -3.4965895324393315     
   4.1258762135939717       -3.4265751604424510     
   4.1257787735540523       -3.3565657818744836     
   4.1256833290232926       -3.2865612960016062     
   4.1255898808485947       -3.2165616020175487     
   4.1254984298591193       -3.1465665990450908     
   4.1254089768662805       -3.0765761861375651     
   4.1253215226637412       -3.0065902622803535     
   4.1252360680274043       -2.9366087263923899     
   4.1251526137154126       -2.8666314773276595     
   4.1250711604681367       -2.7966584138767026     
   4.1249917090081762       -2.7266894347681170     
   4.1249142600403532       -2.6567244386700586     
   4.1248388142517056       -2.5867633241917471     
   4.1247653723114821       -2.5168059898849720     
   4.1246939348711411       -2.4468523342455923     
   4.1246245025643447       -2.3769022557150459     
   4.1245570760069512       -2.3069556526818542     
   4.1244916557970175       -2.2370124234831286     
   4.1244282425147887       -2.1670724664060752     
   4.1243668367226967       -2.0971356796895066     
   4.1243074389653565       -2.0272019615253449     
   4.1242500497695644       -1.9572712100601324     
   4.1241946696442913       -1.8873433233965398     
   4.1241412990806783       -1.8174181995948751     
   4.1240899385520375       -1.7474957366745925     
   4.1240405885138482       -1.6775758326158028     
   4.1239932494037497       -1.6076583853607840     
   4.1239479216415429       -1.5377432928154906     
   4.1239046056291837       -1.4678304528510655     
   4.1238633017507853       -1.3979197633053508     
   4.1238240103726085       -1.3280111219843995     
   4.1237867318430670       -1.2581044266639865     
   4.1237514664927186       -1.1881995750911223     
   4.1237182146342679       -1.1182964649855645     
   4.1236869765625608       -1.0483949940413291     
   4.1236577525545828      -0.97849505992820607     
   4.1236305428694600      -0.90859656029327085     
   4.1236053477484536      -0.83869939276239724     
   4.1235821674149609      -0.76880345494177238     
   4.1235610020745135      -0.69890864441940903     
   4.1235418519147746      -0.62901485876666052     
   4.1235247171055383      -0.55912199553973407     
   4.1235095977987291      -0.48922995228120519     
   4.1234964941284007      -0.41933862652153231     
   4.1234854062107349      -0.34944791578057072     
   4.1234763341440388      -0.27955771756908743     
   4.1234692780087494      -0.20966792939027537     
   4.1234642378674264      -0.13977844874126871     
   4.1234612137647577       -6.9889173114656922E-002
   4.1234602057275556        0.0000000000000000     
   4.1234612137647577        6.9889173114656922E-002
   4.1234642378674264       0.13977844874126871     
   4.1234692780087494       0.20966792939027537     
   4.1234763341440388       0.27955771756908743     
   4.1234854062107349       0.34944791578057072     
   4.1234964941284007       0.41933862652153231     
   4.1235095977987291       0.48922995228120519     
   4.1235247171055383       0.55912199553973407     
   4.1235418519147746       0.62901485876666052     
   4.1235610020745135       0.69890864441940903     
   4.1235821674149609       0.76880345494177238     
   4.1236053477484536       0.83869939276239724     
   4.1236305428694600       0.90859656029327085     
   4.1236577525545828       0.97849505992820607     
   4.1236869765625608        1.0483949940413291     
   4.1237182146342679        1.1182964649855645     
   4.1237514664927186        1.1881995750911223     
   4.1237867318430670        1.2581044266639865     
   4.1238240103726085        1.3280111219843995     
   4.1238633017507853        1.3979197633053508     
   4.1239046056291837        1.4678304528510655     
   4.1239479216415429        1.5377432928154906     
   4.1239932494037497        1.6076583853607840     
   4.1240405885138482        1.6775758326158028     
   4.1240899385520375        1.7474957366745925     
   4.1241412990806783        1.8174181995948751     
   4.1241946696442913        1.8873433233965398     
   4.1242500497695644        1.9572712100601324     
   4.1243074389653565        2.0272019615253449     
   4.1243668367226967        2.0971356796895066     
   4.1244282425147887        2.1670724664060752     
   4.1244916557970175        2.2370124234831286     
   4.1245570760069512        2.3069556526818542     
   4.1246245025643447        2.3769022557150459     
   4.1246939348711411        2.4468523342455923     
   4.1247653723114821        2.5168059898849720     
   4.1248388142517056        2.5867633241917471     
   4.1249142600403532        2.6567244386700586     
   4.1249917090081762        2.7266894347681170     
   4.1250711604681367        2.7966584138767026     
   4.1251526137154126        2.8666314773276595     
   4.1252360680274043        2.9366087263923899     
   4.1253215226637412        3.0065902622803535     
   4.1254089768662805        3.0765761861375651     
   4.1254984298591193        3.1465665990450908     
   4.1255898808485947        3.2165616020175487     
   4.1256833290232926        3.2865612960016062     
   4.1257787735540523        3.3565657818744836     
   4.1258762135939717        3.4265751604424510     
   4.1259756482784109        3.4965895324393315     
   4.1260770767250046        3.5666089985250036     
   4.1957317461688630       -3.2866565344989427     
   4.1956367308662381       -3.2166548269974489     
   4.1955437462404648       -3.1466578096803484     
   4.1954527931166448       -3.0766653816188723     
   4.1953638723018249       -3.0066774418163078     
   4.1952769845849982       -2.9366938892094989     
   4.1951921307370927       -2.8667146226703468     
   4.1951093115109677       -2.7967395410073119     
   4.1950285276414121       -2.7267685429669175     
   4.1949497798451336       -2.6568015272352516     
   4.1948730688207601       -2.5868383924394682     
   4.1947983952488288       -2.5168790371492968     
   4.1947257597917860       -2.4469233598785416     
   4.1946551630939810       -2.3769712590865888     
   4.1945866057816614       -2.3070226331799137     
   4.1945200884629710       -2.2370773805135844     
   4.1944556117279417       -2.1671353993927696     
   4.1943931761484921       -2.0971965880742460     
   4.1943327822784253       -2.0272608447679055     
   4.1942744306534214       -1.9573280676382632     
   4.1942181217910353       -1.8873981548059657     
   4.1941638561906949       -1.8174710043493012     
   4.1941116343336953       -1.7475465143057063     
   4.1940614566831975       -1.6776245826732790     
   4.1940133236842234       -1.6077051074122857     
   4.1939672357636546       -1.5377879864466732     
   4.1939231933302272       -1.4678731176655795     
   4.1938811967745329       -1.3979603989248441     
   4.1938412464690122       -1.3280497280485204     
   4.1938033427679535       -1.2581410028303861     
   4.1937674860074923       -1.1882341210354559     
   4.1937336765056061       -1.1183289804014951     
   4.1937019145621148       -1.0484254786405287     
   4.1936722004586757      -0.97852351344035771     
   4.1936445344587865      -0.90862298246607043     
   4.1936189168077780      -0.83872378336155562     
   4.1935953477328161      -0.76882581375101622     
   4.1935738274428971      -0.69892897124048281     
   4.1935543561288515      -0.62903315341932764     
   4.1935369339633368      -0.55913825786177818     
   4.1935215611008401      -0.48924418212843129     
   4.1935082376776762      -0.41935082376776761     
   4.1934969638119863      -0.34945808031766551     
   4.1934877396037376      -0.27956584930691586     
   4.1934805651347222      -0.20967402825673609     
   4.1934754404685552      -0.13978251468228520     
   4.1934723656506794       -6.9891206094177996E-002
   4.1934713407083581        0.0000000000000000     
   4.1934723656506794        6.9891206094177996E-002
   4.1934754404685552       0.13978251468228520     
   4.1934805651347222       0.20967402825673609     
   4.1934877396037376       0.27956584930691586     
   4.1934969638119863       0.34945808031766551     
   4.1935082376776762       0.41935082376776761     
   4.1935215611008401       0.48924418212843129     
   4.1935369339633368       0.55913825786177818     
   4.1935543561288515       0.62903315341932764     
   4.1935738274428971       0.69892897124048281     
   4.1935953477328161       0.76882581375101622     
   4.1936189168077780       0.83872378336155562     
   4.1936445344587865       0.90862298246607043     
   4.1936722004586757       0.97852351344035771     
   4.1937019145621148        1.0484254786405287     
   4.1937336765056061        1.1183289804014951     
   4.1937674860074923        1.1882341210354559     
   4.1938033427679535        1.2581410028303861     
   4.1938412464690122        1.3280497280485204     
   4.1938811967745329        1.3979603989248441     
   4.1939231933302272        1.4678731176655795     
   4.1939672357636546        1.5377879864466732     
   4.1940133236842234        1.6077051074122857     
   4.1940614566831975        1.6776245826732790     
   4.1941116343336953        1.7475465143057063     
   4.1941638561906949        1.8174710043493012     
   4.1942181217910353        1.8873981548059657     
   4.1942744306534214        1.9573280676382632     
   4.1943327822784253        2.0272608447679055     
   4.1943931761484921        2.0971965880742460     
   4.1944556117279417        2.1671353993927696     
   4.1945200884629710        2.2370773805135844     
   4.1945866057816614        2.3070226331799137     
   4.1946551630939810        2.3769712590865888     
   4.1947257597917860        2.4469233598785416     
   4.1947983952488288        2.5168790371492968     
   4.1948730688207601        2.5868383924394682     
   4.1949497798451336        2.6568015272352516     
   4.1950285276414121        2.7267685429669175     
   4.1951093115109677        2.7967395410073119     
   4.1951921307370927        2.8667146226703468     
   4.1952769845849982        2.9366938892094989     
   4.1953638723018249        3.0066774418163078     
   4.1954527931166448        3.0766653816188723     
   4.1955437462404648        3.1466578096803484     
   4.1956367308662381        3.2166548269974489     
   4.1957317461688630        3.2866565344989427     
   4.2653240129856496       -2.9367804679573326     
   4.2652377603540526       -2.8667991504019046     
   4.2651535758832173       -2.7968220169726012     
   4.2650714603201152       -2.7268489664341722     
   4.2649914143933412       -2.6568798974909340     
   4.2649134388131067       -2.5869147087882780     
   4.2648375342712361       -2.5169532989141725     
   4.2647637014411615       -2.4469955664006666     
   4.2646919409779169       -2.3770414097253965     
   4.2646222535181355       -2.3070907273130898     
   4.2645546396800453       -2.2371434175370735     
   4.2644891000634635       -2.1671993787207766     
   4.2644256352497942       -2.0972585091392433     
   4.2643642458020228       -2.0273207070206336     
   4.2643049322647126       -1.9573858705477372     
   4.2642476951640038       -1.8874538978594770     
   4.2641925350076040       -1.8175246870524218     
   4.2641394522847920       -1.7475981361822921     
   4.2640884474664080       -1.6776741432654723     
   4.2640395210048547       -1.6077526062805194     
   4.2639926733340934       -1.5378334231696731     
   4.2639479048696378       -1.4679164918403673     
   4.2639052160085580       -1.3980017101667404     
   4.2638646071294692       -1.3280889759911463     
   4.2638260785925368       -1.2581781871256668     
   4.2637896307394705       -1.1882692413536229     
   4.2637552638935201       -1.1183620364310876     
   4.2637229783594783       -1.0484564700883965     
   4.2636927744236752      -0.97855244003166320     
   4.2636646523539747      -0.90864984394428983     
   4.2636386123997783      -0.83874857948848114     
   4.2636146547920184      -0.76884854430675753     
   4.2635927797431590      -0.69894963602346871     
   4.2635729874471933      -0.62905175224630716     
   4.2635552780796422      -0.55915479056782202     
   4.2635396517975561      -0.48925864856693274     
   4.2635261087395104      -0.41936322381044366     
   4.2635146490256046      -0.34946841385455774     
   4.2635052727574632      -0.27957411624639111     
   4.2634979800182355      -0.20968022852548701     
   4.2634927708725927      -0.13978664822533093     
   4.2634896453667297       -6.9893272874864423E-002
   4.2634886035283621        0.0000000000000000     
   4.2634896453667297        6.9893272874864423E-002
   4.2634927708725927       0.13978664822533093     
   4.2634979800182355       0.20968022852548701     
   4.2635052727574632       0.27957411624639111     
   4.2635146490256046       0.34946841385455774     
   4.2635261087395104       0.41936322381044366     
   4.2635396517975561       0.48925864856693274     
   4.2635552780796422       0.55915479056782202     
   4.2635729874471933       0.62905175224630716     
   4.2635927797431590       0.69894963602346871     
   4.2636146547920184       0.76884854430675753     
   4.2636386123997783       0.83874857948848114     
   4.2636646523539747       0.90864984394428983     
   4.2636927744236752       0.97855244003166320     
   4.2637229783594783        1.0484564700883965     
   4.2637552638935201        1.1183620364310876     
   4.2637896307394705        1.1882692413536229     
   4.2638260785925368        1.2581781871256668     
   4.2638646071294692        1.3280889759911463     
   4.2639052160085580        1.3980017101667404     
   4.2639479048696378        1.4679164918403673     
   4.2639926733340934        1.5378334231696731     
   4.2640395210048547        1.6077526062805194     
   4.2640884474664080        1.6776741432654723     
   4.2641394522847920        1.7475981361822921     
   4.2641925350076040        1.8175246870524218     
   4.2642476951640038        1.8874538978594770     
   4.2643049322647126        1.9573858705477372     
   4.2643642458020228        2.0273207070206336     
   4.2644256352497942        2.0972585091392433     
   4.2644891000634635        2.1671993787207766     
   4.2645546396800453        2.2371434175370735     
   4.2646222535181355        2.3070907273130898     
   4.2646919409779169        2.3770414097253965     
   4.2647637014411615        2.4469955664006666     
   4.2648375342712361        2.5169532989141725     
   4.2649134388131067        2.5869147087882780     
   4.2649914143933412        2.6568798974909340     
   4.2650714603201152        2.7268489664341722     
   4.2651535758832173        2.7968220169726012     
   4.2652377603540526        2.8667991504019046     
   4.2653240129856496        2.9367804679573326     
   4.3349600242927702       -2.5869922725618144     
   4.3348828894536675       -2.5170287745214841     
   4.3348078599048687       -2.4470689531721033     
   4.3347349363120911       -2.3771127070098563     
   4.3346641193223521       -2.3071599344780260     
   4.3345954095639598       -2.2372105339684958     
   4.3345288076465156       -2.1672644038232578     
   4.3344643141609041       -2.0973214423359217     
   4.3344019296792933       -2.0273815477532175     
   4.3343416547551286       -1.9574446182765095     
   4.3342834899231280       -1.8875105520632978     
   4.3342274356992831       -1.8175792472287318     
   4.3341734925808488       -1.7476506018471167     
   4.3341216610463471       -1.6777245139534247     
   4.3340719415555577       -1.6078008815448037     
   4.3340243345495182       -1.5378796025820871     
   4.3339788404505217       -1.4679605749913056     
   4.3339354596621105       -1.3980436966651970     
   4.3338941925690788       -1.3281288654647179     
   4.3338550395374638       -1.2582159792205541     
   4.3338180009145475       -1.1883049357346338     
   4.3337830770288530       -1.1183956327816398     
   4.3337502681901441       -1.0484879681105188     
   4.3337195746894182      -0.97858183944599775     
   4.3336909967989117      -0.90867714449009451     
   4.3336645347720912      -0.83877378092363053     
   4.3336401888436553      -0.76887164640774530     
   4.3336179592295334      -0.69897063858540864     
   4.3335978461268834      -0.62907065508293469     
   4.3335798497140887      -0.55917159351149548     
   4.3335639701507613      -0.48927335146863432     
   4.3335502075777343      -0.41937582653978078     
   4.3335385621170692      -0.34947891629976363     
   4.3335290338720460      -0.27958251831432557     
   4.3335216229271705      -0.20968653014163730     
   4.3335163293481687      -0.13979084933381192     
   4.3335131531819888       -6.9895373438419187E-002
   4.3335120944567986        0.0000000000000000     
   4.3335131531819888        6.9895373438419187E-002
   4.3335163293481687       0.13979084933381192     
   4.3335216229271705       0.20968653014163730     
   4.3335290338720460       0.27958251831432557     
   4.3335385621170692       0.34947891629976363     
   4.3335502075777343       0.41937582653978078     
   4.3335639701507613       0.48927335146863432     
   4.3335798497140887       0.55917159351149548     
   4.3335978461268834       0.62907065508293469     
   4.3336179592295334       0.69897063858540864     
   4.3336401888436553       0.76887164640774530     
   4.3336645347720912       0.83877378092363053     
   4.3336909967989117       0.90867714449009451     
   4.3337195746894182       0.97858183944599775     
   4.3337502681901441        1.0484879681105188     
   4.3337830770288530        1.1183956327816398     
   4.3338180009145475        1.1883049357346338     
   4.3338550395374638        1.2582159792205541     
   4.3338941925690788        1.3281288654647179     
   4.3339354596621105        1.3980436966651970     
   4.3339788404505217        1.4679605749913056     
   4.3340243345495182        1.5378796025820871     
   4.3340719415555577        1.6078008815448037     
   4.3341216610463471        1.6777245139534247     
   4.3341734925808488        1.7476506018471167     
   4.3342274356992831        1.8175792472287318     
   4.3342834899231280        1.8875105520632978     
   4.3343416547551286        1.9574446182765095     
   4.3344019296792933        2.0273815477532175     
   4.3344643141609041        2.0973214423359217     
   4.3345288076465156        2.1672644038232578     
   4.3345954095639598        2.2372105339684958     
   4.3346641193223521        2.3071599344780260     
   4.3347349363120911        2.3771127070098563     
   4.3348078599048687        2.4470689531721033     
   4.3348828894536675        2.5170287745214841     
   4.3349600242927702        2.5869922725618144     
   4.4046424981384158       -2.2372787292131640     
   4.4045748345102353       -2.1673304741240842     
   4.4045093129240991       -2.0973853871067138     
   4.4044459339613535       -2.0274433664266547     
   4.4043846981843231       -1.9575043103041434     
   4.4043256061363047       -1.8875681169155591     
   4.4042686583415671       -1.8176346843949327     
   4.4042138553053451       -1.7477039108354544     
   4.4041611975138348       -1.6777756942909845     
   4.4041106854341940       -1.6078499327775628     
   4.4040623195145354       -1.5379265242749172     
   4.4040161001839273       -1.4680053667279758     
   4.4039720278523866       -1.3980863580483767     
   4.4039301029108797       -1.3281693961159797     
   4.4038903257313171       -1.2582543787803764     
   4.4038526966665525       -1.1883412038624031     
   4.4038172160503803       -1.1184297691556522     
   4.4037838841975319       -1.0485199724279837     
   4.4037527014036746      -0.97861171142303882     
   4.4037236679454121      -0.90870488386175174     
   4.4036967840802772      -0.83879938744386229     
   4.4036720500467350      -0.76889511984942993     
   4.4036494660641790      -0.69899197874034580     
   4.4036290323329279      -0.62908986176184689     
   4.4036107490342307      -0.55918866654402932     
   4.4035946163302562      -0.48928829070336177     
   4.4035806343641006      -0.41938863184420000     
   4.4035688032597804      -0.34948958756030002     
   4.4035591231222355      -0.27959105543633239     
   4.4035515940373253      -0.20969293304939643     
   4.4035462160718319      -0.13979511797053434     
   4.4035429892734550       -6.9897507766245329E-002
   4.4035419136708160        0.0000000000000000     
   4.4035429892734550        6.9897507766245329E-002
   4.4035462160718319       0.13979511797053434     
   4.4035515940373253       0.20969293304939643     
   4.4035591231222355       0.27959105543633239     
   4.4035688032597804       0.34948958756030002     
   4.4035806343641006       0.41938863184420000     
   4.4035946163302562       0.48928829070336177     
   4.4036107490342307       0.55918866654402932     
   4.4036290323329279       0.62908986176184689     
   4.4036494660641790       0.69899197874034580     
   4.4036720500467350       0.76889511984942993     
   4.4036967840802772       0.83879938744386229     
   4.4037236679454121       0.90870488386175174     
   4.4037527014036746       0.97861171142303882     
   4.4037838841975319        1.0485199724279837     
   4.4038172160503803        1.1184297691556522     
   4.4038526966665525        1.1883412038624031     
   4.4038903257313171        1.2582543787803764     
   4.4039301029108797        1.3281693961159797     
   4.4039720278523866        1.3980863580483767     
   4.4040161001839273        1.4680053667279758     
   4.4040623195145354        1.5379265242749172     
   4.4041106854341940        1.6078499327775628     
   4.4041611975138348        1.6777756942909845     
   4.4042138553053451        1.7477039108354544     
   4.4042686583415671        1.8176346843949327     
   4.4043256061363047        1.8875681169155591     
   4.4043846981843231        1.9575043103041434     
   4.4044459339613535        2.0274433664266547     
   4.4045093129240991        2.0973853871067138     
   4.4045748345102353        2.1673304741240842     
   4.4046424981384158        2.2372787292131640     
   4.4742606404482270       -1.7477580626750886     
   4.4742071568661572       -1.6778276838248090     
   4.4741558526450902       -1.6078997595443292     
   4.4741067282402120       -1.5379741878325728     
   4.4740597840873635       -1.4680508666536660     
   4.4740150206030354       -1.3981296939384484     
   4.4739724381843642       -1.3282105675859832     
   4.4739320372091331       -1.2582933854650686     
   4.4738938180357648       -1.1883780454157498     
   4.4738577810033231       -1.1184644452508308     
   4.4738239264315078       -1.0485524827573844     
   4.4737922546206548      -0.97864205569826801     
   4.4737627658517320      -0.90873306181363300     
   4.4737354603863393      -0.83882539882243856     
   4.4737103384667058      -0.76891896442396501     
   4.4736874003156872      -0.69901365629932610     
   4.4736666461367678      -0.62910937211298290     
   4.4736480761140536      -0.55920600951425670     
   4.4736316904122768      -0.48930346613884274     
   4.4736174891767906      -0.41940163961032401     
   4.4736054725335697      -0.34950042754168509     
   4.4735956405892106      -0.27959972753682566     
   4.4735879934309279      -0.20969943719207473     
   4.4735825311265591      -0.13979945409770497     
   4.4735792537245551       -6.9899675839446174E-002
   4.4735781612539904        0.0000000000000000     
   4.4735792537245551        6.9899675839446174E-002
   4.4735825311265591       0.13979945409770497     
   4.4735879934309279       0.20969943719207473     
   4.4735956405892106       0.27959972753682566     
   4.4736054725335697       0.34950042754168509     
   4.4736174891767906       0.41940163961032401     
   4.4736316904122768       0.48930346613884274     
   4.4736480761140536       0.55920600951425670     
   4.4736666461367678       0.62910937211298290     
   4.4736874003156872       0.69901365629932610     
   4.4737103384667058       0.76891896442396501     
   4.4737354603863393       0.83882539882243856     
   4.4737627658517320       0.90873306181363300     
   4.4737922546206548       0.97864205569826801     
   4.4738239264315078        1.0485524827573844     
   4.4738577810033231        1.1184644452508308     
   4.4738938180357648        1.1883780454157498     
   4.4739320372091331        1.2582933854650686     
   4.4739724381843642        1.3282105675859832     
   4.4740150206030354        1.3981296939384484     
   4.4740597840873635        1.4680508666536660     
   4.4741067282402120        1.5379741878325728     
   4.4741558526450902        1.6078997595443292     
   4.4742071568661572        1.6778276838248090     
   4.4742606404482270        1.7477580626750886     
   4.5439048718378565       -1.1184996607600879     
   4.5438704948468898       -1.0485854988108207     
   4.5438383342995179      -0.97867287200297304     
   4.5438083904810744      -0.90876167809621500     
   4.5437806636572242      -0.83885181482902604     
   4.5437551540739589      -0.76894317992020855     
   4.5437318619575979      -0.69903567107039966     
   4.5437107875147849      -0.62912918596358558     
   4.5436919309324884      -0.55922362226861400     
   4.5436752923779977      -0.48931887764070753     
   4.5436608719989264      -0.41941484972297788     
   4.5436486699232068      -0.34951143614793895     
   4.5436386862590892      -0.27960853453902090     
   4.5436309210951462      -0.20970604251208366     
   4.5436253745002650      -0.13980385767693126     
   4.5436220465236543       -6.9901877638825452E-002
   4.5436209371948362        0.0000000000000000     
   4.5436220465236543        6.9901877638825452E-002
   4.5436253745002650       0.13980385767693126     
   4.5436309210951462       0.20970604251208366     
   4.5436386862590892       0.27960853453902090     
   4.5436486699232068       0.34951143614793895     
   4.5436608719989264       0.41941484972297788     
   4.5436752923779977       0.48931887764070753     
   4.5436919309324884       0.55922362226861400     
   4.5437107875147849       0.62912918596358558     
   4.5437318619575979       0.69903567107039966     
   4.5437551540739589       0.76894317992020855     
   4.5437806636572242       0.83885181482902604     
   4.5438083904810744       0.90876167809621500     
   4.5438383342995179       0.97867287200297304     
   4.5438704948468898        1.0485854988108207     
   4.5439048718378565        1.1184996607600879     
   4.7599459180653243       -5.1099419414524805     
   4.7599459180653243        5.1099419414524805     
   4.8299357815514474       -5.0399329894449885     
   4.8297687890306715       -4.9697620872634447     
   4.8296040973398737       -4.8995983596201622     
   4.8296040973398737        4.8995983596201622     
   4.8297687890306715        4.9697620872634447     
   4.8299357815514474        5.0399329894449885     
   4.8999301125216190       -4.9699291141290702     
   4.8997630684834848       -4.8997630684834848     
   4.8995983596201622       -4.8296040973398737     
   4.8994359873960827       -4.7594521020419078     
   4.8992759532548353       -4.6893069838296286     
   4.8992759532548353        4.6893069838296286     
   4.8994359873960827        4.7594521020419078     
   4.8995983596201622        4.8296040973398737     
   4.8997630684834848        4.8997630684834848     
   4.8999301125216190        4.9699291141290702     
   4.9699291141290702       -4.8999301125216190     
   4.9697620872634447       -4.8297687890306715     
   4.9695974299175605       -4.7596144399210436     
   4.9694351435554855       -4.6894669664537689     
   4.9692752296201439       -4.6193262697877397     
   4.9691176895332987       -4.5491922509811893     
   4.9689625246955487       -4.4790648109931706     
   4.9688097364863131       -4.4089438506850387     
   4.9688097364863131        4.4089438506850387     
   4.9689625246955487        4.4790648109931706     
   4.9691176895332987        4.5491922509811893     
   4.9692752296201439        4.6193262697877397     
   4.9694351435554855        4.6894669664537689     
   4.9695974299175605        4.7596144399210436     
   4.9697620872634447        4.8297687890306715     
   4.9699291141290702        4.8999301125216190     
   5.0399329894449885       -4.8299357815514474     
   5.0397660484411340       -4.7597790457499594     
   5.0396015113008339       -4.6896291841271651     
   5.0394393794871881       -4.6194860978632555     
   5.0392796544418426       -4.5493496880377746     
   5.0391223375849821       -4.4792198556310954     
   5.0389674303153162       -4.4090965015259025     
   5.0388149340100741       -4.3389795265086750     
   5.0386648500249906       -4.2688688312711722     
   5.0385171796943009       -4.1987643164119177     
   5.0385171796943009        4.1987643164119177     
   5.0386648500249906        4.2688688312711722     
   5.0388149340100741        4.3389795265086750     
   5.0389674303153162        4.4090965015259025     
   5.0391223375849821        4.4792198556310954     
   5.0392796544418426        4.5493496880377746     
   5.0394393794871881        4.6194860978632555     
   5.0396015113008339        4.6896291841271651     
   5.0397660484411340        4.7597790457499594     
   5.0399329894449885        4.8299357815514474     
   5.1099419414524805       -4.7599459180653243     
   5.1097751549966333       -4.6897936354078693     
   5.1096108067458266       -4.6196481266469123     
   5.1094488981615838       -4.5495092928836014     
   5.1092894306836678       -4.4793770351199278     
   5.1091324057300733       -4.4092512542601998     
   5.1089778246970168       -4.3391318511125343     
   5.1088256889589267       -4.2690187263903354     
   5.1086759998684315       -4.1989117807137788     
   5.1085287587563535       -4.1288109146112992     
   5.1083839669316982       -4.0587160285210739     
   5.1082416256816439       -3.9886270227925165     
   5.1081017362715366       -3.9185437976877542     
   5.1081017362715366        3.9185437976877542     
   5.1082416256816439        3.9886270227925165     
   5.1083839669316982        4.0587160285210739     
   5.1085287587563535        4.1288109146112992     
   5.1086759998684315        4.1989117807137788     
   5.1088256889589267        4.2690187263903354     
   5.1089778246970168        4.3391318511125343     
   5.1091324057300733        4.4092512542601998     
   5.1092894306836678        4.4793770351199278     
   5.1094488981615838        4.5495092928836014     
   5.1096108067458266        4.6196481266469123     
   5.1097751549966333        4.6897936354078693     
   5.1099419414524805        4.7599459180653243     
   5.1799561730405461       -4.6899603188340082     
   5.1797896098134935       -4.6198123546985217     
   5.1796255191294298       -4.5496710641001750     
   5.1794639024476936       -4.4795363480628714     
   5.1793047612055574       -4.4094081075128404     
   5.1791480968182197       -4.3392862432801307     
   5.1789939106787948       -4.2691706561000871     
   5.1788422041583004       -4.1990612466148383     
   5.1786929786056533       -4.1289579153747775     
   5.1785462353476550       -4.0588605628400538     
   5.1784019756889856       -3.9887690893820569     
   5.1782602009121925       -3.9186833952849027     
   5.1781209122776852       -3.8486033807469284     
   5.1779841110237195       -3.7785289458821740     
   5.1778497983663980       -3.7084599907218800     
   5.1777179754996556       -3.6383964152159742     
   5.1777179754996556        3.6383964152159742     
   5.1778497983663980        3.7084599907218800     
   5.1779841110237195        3.7785289458821740     
   5.1781209122776852        3.8486033807469284     
   5.1782602009121925        3.9186833952849027     
   5.1784019756889856        3.9887690893820569     
   5.1785462353476550        4.0588605628400538     
   5.1786929786056533        4.1289579153747775     
   5.1788422041583004        4.1990612466148383     
   5.1789939106787948        4.2691706561000871     
   5.1791480968182197        4.3392862432801307     
   5.1793047612055574        4.4094081075128404     
   5.1794639024476936        4.4795363480628714     
   5.1796255191294298        4.5496710641001750     
   5.1797896098134935        4.6198123546985217     
   5.1799561730405461        4.6899603188340082     
   5.2499758869980448       -4.6199787805582799     
   5.2498096156727057       -4.5498350002496784     
   5.2496458512235549       -4.4796977930441013     
   5.2494845951071394       -4.4095670598899970     
   5.2493258487576320       -4.3394427016396424     
   5.2491696135868278       -4.2693246190506189     
   5.2490158909841291       -4.1992127127873031     
   5.2488646823165395       -4.1291068834223443     
   5.2487159889286534       -4.0590070314381581     
   5.2485698121426445       -3.9889130572284102     
   5.2484261532582588       -3.9188248610995000     
   5.2482850135528061       -3.8487423432720580     
   5.2481463942811484       -3.7786654038824268     
   5.2480102966756945       -3.7085939429841570     
   5.2478767219463878       -3.6385278605494960     
   5.2477456712807031       -3.5684670564708778     
   5.2476171458436323       -3.4984114305624212     
   5.2474911467776799       -3.4283608825614178     
   5.2473676752028569       -3.3583153121298284     
   5.2473676752028569        3.3583153121298284     
   5.2474911467776799        3.4283608825614178     
   5.2476171458436323        3.4984114305624212     
   5.2477456712807031        3.5684670564708778     
   5.2478767219463878        3.6385278605494960     
   5.2480102966756945        3.7085939429841570     
   5.2481463942811484        3.7786654038824268     
   5.2482850135528061        3.8487423432720580     
   5.2484261532582588        3.9188248610995000     
   5.2485698121426445        3.9889130572284102     
   5.2487159889286534        4.0590070314381581     
   5.2488646823165395        4.1291068834223443     
   5.2490158909841291        4.1992127127873031     
   5.2491696135868278        4.2693246190506189     
   5.2493258487576320        4.3394427016396424     
   5.2494845951071394        4.4095670598899970     
   5.2496458512235549        4.4796977930441013     
   5.2498096156727057        4.5498350002496784     
   5.2499758869980448        4.6199787805582799     
   5.3198353752466705       -4.4798613686287752     
   5.3196720056891014       -4.4097281099791239     
   5.3195111787881064       -4.3396012248008233     
   5.3193528959741538       -4.2694806138739905     
   5.3191971586550242       -4.1993661778855449     
   5.3190439682158033       -4.1292578174306893     
   5.3188933260188715       -4.0591554330144008     
   5.3187452334038907       -3.9890589250529178     
   5.3185996916878011       -3.9189681938752217     
   5.3184567021648066       -3.8488831397245313     
   5.3183162661063710       -3.7788036627597892     
   5.3181783847612021       -3.7087296630571540     
   5.3180430593552517       -3.6386610406114879     
   5.3179102910916995       -3.5685976953378509     
   5.3177800811509499       -3.4985395270729933     
   5.3176524306906217       -3.4284864355768478     
   5.3175273408455386       -3.3584383205340238     
   5.3174048127277240       -3.2883950815553029     
   5.3172848474263947       -3.2183566181791337     
   5.3171674460079474       -3.1483228298731265     
   5.3170526095159580       -3.0782936160355545     
   5.3170526095159580        3.0782936160355545     
   5.3171674460079474        3.1483228298731265     
   5.3172848474263947        3.2183566181791337     
   5.3174048127277240        3.2883950815553029     
   5.3175273408455386        3.3584383205340238     
   5.3176524306906217        3.4284864355768478     
   5.3177800811509499        3.4985395270729933     
   5.3179102910916995        3.5685976953378509     
   5.3180430593552517        3.6386610406114879     
   5.3181783847612021        3.7087296630571540     
   5.3183162661063710        3.7788036627597892     
   5.3184567021648066        3.8488831397245313     
   5.3185996916878011        3.9189681938752217     
   5.3187452334038907        3.9890589250529178     
   5.3188933260188715        4.0591554330144008     
   5.3190439682158033        4.1292578174306893     
   5.3191971586550242        4.1993661778855449     
   5.3193528959741538        4.2694806138739905     
   5.3195111787881064        4.3396012248008233     
   5.3196720056891014        4.4097281099791239     
   5.3198353752466705        4.4798613686287752     
   5.3898670910931719       -4.4098912563489598     
   5.3897041850699310       -4.3397618113550092     
   5.3895438560193245       -4.2696386391841399     
   5.3893861053675067       -4.1995216405461093     
   5.3892309345176397       -4.1294107160589704     
   5.3890783448498816       -4.0593057662505601     
   5.3889283377213806       -3.9892066915599833     
   5.3887809144662624       -3.9191133923390997     
   5.3886360763956223       -3.8490257688540161     
   5.3884938247975169       -3.7789437212865700     
   5.3883541609369523       -3.7088671497358248     
   5.3882170860558798       -3.6387959542195554     
   5.3880826013731822       -3.5687300346757440     
   5.3879507080846682       -3.4986692909640706     
   5.3878214073630666       -3.4286136228674065     
   5.3876947003580113       -3.3585629300933060     
   5.3875705881960414       -3.2885171122755059     
   5.3874490719805861       -3.2184760689754150     
   5.3873301527919617       -3.1484396996836144     
   5.3872138316873652       -3.0784079038213519     
   5.3871001097008611       -3.0083805807420392     
   5.3869889878433801       -2.9383576297327529     
   5.3868804671027091       -2.8683389500157288     
   5.3867745484434870       -2.7983244407498633     
   5.3866712328071937       -2.7283140010322153     
   5.3866712328071937        2.7283140010322153     
   5.3867745484434870        2.7983244407498633     
   5.3868804671027091        2.8683389500157288     
   5.3869889878433801        2.9383576297327529     
   5.3871001097008611        3.0083805807420392     
   5.3872138316873652        3.0784079038213519     
   5.3873301527919617        3.1484396996836144     
   5.3874490719805861        3.2184760689754150     
   5.3875705881960414        3.2885171122755059     
   5.3876947003580113        3.3585629300933060     
   5.3878214073630666        3.4286136228674065     
   5.3879507080846682        3.4986692909640706     
   5.3880826013731822        3.5687300346757440     
   5.3882170860558798        3.6387959542195554     
   5.3883541609369523        3.7088671497358248     
   5.3884938247975169        3.7789437212865700     
   5.3886360763956223        3.8490257688540161     
   5.3887809144662624        3.9191133923390997     
   5.3889283377213806        3.9892066915599833     
   5.3890783448498816        4.0593057662505601     
   5.3892309345176397        4.1294107160589704     
   5.3893861053675067        4.1995216405461093     
   5.3895438560193245        4.2696386391841399     
   5.3897041850699310        4.3397618113550092     
   5.3898670910931719        4.4098912563489598     
   5.4599049656493559       -4.3399244598751290     
   5.4597425917868465       -4.2697986935768926     
   5.4595828292040425       -4.1996790993877253     
   5.4594256793221776       -4.1295655779488261     
   5.4592711435391834       -4.0594580298111866     
   5.4591192232296857       -3.9893563554370783     
   5.4589699197449928       -3.9192604552015329     
   5.4588232344130843       -3.8491702293938417     
   5.4586791685386054       -3.7790855782190347     
   5.4585377234028547       -3.7090064017993756     
   5.4583989002637772       -3.6389326001758513     
   5.4582627003559532       -3.5688640733096619     
   5.4581291248905943       -3.4988007210837146     
   5.4579981750555309       -3.4287424433041154     
   5.4578698520152038       -3.3586891397016636     
   5.4577441569106595       -3.2886407099333463     
   5.4576210908595408       -3.2185970535838320     
   5.4575006549560765       -3.1485580701669673     
   5.4573828502710793       -3.0785236591272755     
   5.4572676778519318       -3.0084937198414492     
   5.4571551387225847       -2.9384681516198534     
   5.4570452338835489       -2.8684468537080194     
   5.4569379643118845       -2.7984297252881456     
   5.4568333309611994       -2.7284166654805997     
   5.4567313347616393       -2.6584075733454142     
   5.4566319766198834       -2.5884023478837905     
   5.4565352574191355       -2.5184008880396012     
   5.4564411780191229       -2.4484030927008886     
   5.4563497392560834       -2.3784088607013696     
   5.4562609419427659       -2.3084180908219398     
   5.4562609419427659        2.3084180908219398     
   5.4563497392560834        2.3784088607013696     
   5.4564411780191229        2.4484030927008886     
   5.4565352574191355        2.5184008880396012     
   5.4566319766198834        2.5884023478837905     
   5.4567313347616393        2.6584075733454142     
   5.4568333309611994        2.7284166654805997     
   5.4569379643118845        2.7984297252881456     
   5.4570452338835489        2.8684468537080194     
   5.4571551387225847        2.9384681516198534     
   5.4572676778519318        3.0084937198414492     
   5.4573828502710793        3.0785236591272755     
   5.4575006549560765        3.1485580701669673     
   5.4576210908595408        3.2185970535838320     
   5.4577441569106595        3.2886407099333463     
   5.4578698520152038        3.3586891397016636     
   5.4579981750555309        3.4287424433041154     
   5.4581291248905943        3.4988007210837146     
   5.4582627003559532        3.5688640733096619     
   5.4583989002637772        3.6389326001758513     
   5.4585377234028547        3.7090064017993756     
   5.4586791685386054        3.7790855782190347     
   5.4588232344130843        3.8491702293938417     
   5.4589699197449928        3.9192604552015329     
   5.4591192232296857        3.9893563554370783     
   5.4592711435391834        4.0594580298111866     
   5.4594256793221776        4.1295655779488261     
   5.4595828292040425        4.1996790993877253     
   5.4597425917868465        4.2697986935768926     
   5.4599049656493559        4.3399244598751290     
   5.5299492012257012       -4.2699607756299711     
   5.5297874281315638       -4.1998385530113138     
   5.5296283006140028       -4.1297224017243819     
   5.5294718200887214       -4.0596122223436177     
   5.5293179879478158       -3.9895079153547535     
   5.5291668055597709       -3.9194093811562931     
   5.5290182742694460       -3.8493165200610062     
   5.5288723953980679       -3.7792292322974128     
   5.5287291702432215       -3.7091474180112751     
   5.5285886000788427       -3.6390709772670866     
   5.5284506861552050       -3.5689998100495623     
   5.5283154296989139       -3.4989338162651351     
   5.5281828319128987       -3.4288728957434431     
   5.5280528939764020       -3.3588169482388261     
   5.5279256170449749       -3.2887658734318204     
   5.5278010022504658       -3.2187195709306509     
   5.5276790507010132       -3.1486779402727292     
   5.5275597634810412       -3.0786408809261494     
   5.5274431416512453       -3.0086082922911839     
   5.5273291862485943       -2.9385800737017838     
   5.5272178982863132       -2.8685561244270743     
   5.5271092787538860       -2.7985363436728536     
   5.5270033286170408       -2.7285206305830960     
   5.5269000488177467       -2.6585088842414479     
   5.5267994402742087       -2.5885010036727305     
   5.5267015038808589       -2.5184968878444418     
   5.5266062405083503       -2.4484964356682566     
   5.5265136510035537       -2.3784995460015295     
   5.5264237361895487       -2.3085061176487991     
   5.5263364968656203       -2.2385160493632892     
   5.5262519338072504       -2.1685292398484144     
   5.5261700477661160       -2.0985455877592845     
   5.5260908394700845       -2.0285649917042079     
   5.5260143096232026       -1.9585873502461983     
   5.5259404589056995       -1.8886125619044796     
   5.5259404589056995        1.8886125619044796     
   5.5260143096232026        1.9585873502461983     
   5.5260908394700845        2.0285649917042079     
   5.5261700477661160        2.0985455877592845     
   5.5262519338072504        2.1685292398484144     
   5.5263364968656203        2.2385160493632892     
   5.5264237361895487        2.3085061176487991     
   5.5265136510035537        2.3784995460015295     
   5.5266062405083503        2.4484964356682566     
   5.5267015038808589        2.5184968878444418     
   5.5267994402742087        2.5885010036727305     
   5.5269000488177467        2.6585088842414479     
   5.5270033286170408        2.7285206305830960     
   5.5271092787538860        2.7985363436728536     
   5.5272178982863132        2.8685561244270743     
   5.5273291862485943        2.9385800737017838     
   5.5274431416512453        3.0086082922911839     
   5.5275597634810412        3.0786408809261494     
   5.5276790507010132        3.1486779402727292     
   5.5278010022504658        3.2187195709306509     
   5.5279256170449749        3.2887658734318204     
   5.5280528939764020        3.3588169482388261     
   5.5281828319128987        3.4288728957434431     
   5.5283154296989139        3.4989338162651351     
   5.5284506861552050        3.5689998100495623     
   5.5285886000788427        3.6390709772670866     
   5.5287291702432215        3.7091474180112751     
   5.5288723953980679        3.7792292322974128     
   5.5290182742694460        3.8493165200610062     
   5.5291668055597709        3.9194093811562931     
   5.5293179879478158        3.9895079153547535     
   5.5294718200887214        4.0596122223436177     
   5.5296283006140028        4.1297224017243819     
   5.5297874281315638        4.1998385530113138     
   5.5299492012257012        4.2699607756299711     
   5.5999999999999996       -4.2000000000000002     
   5.5998388962606924       -4.1298811859922608     
   5.5996804723834215       -4.0597683424779811     
   5.5995247297777517       -3.9896613699666488     
   5.5993716698293365       -3.9195601688805355     
   5.5992212938999089       -3.8494646395561878     
   5.5990736033272741       -3.7793746822459102     
   5.5989285994252986       -3.7092901971192607     
   5.5987862834839008       -3.6392110842645362     
   5.5986466567690423       -3.5691372436902644     
   5.5985097205227188       -3.4990685753266999     
   5.5983754759629543       -3.4290049790273098     
   5.5982439242837865       -3.3589463545702722     
   5.5981150666552670       -3.2888926016599696     
   5.5979889042234445       -3.2188436199284811     
   5.5978654381103636       -3.1487993089370794     
   5.5977446694140536       -3.0787595681777296     
   5.5976265992085210       -3.0087242970745800     
   5.5975112285437447       -2.9386933949854659     
   5.5973985584456658       -2.8686667612034040     
   5.5972885899161806       -2.7986442949580903     
   5.5971813239331381       -2.7286258954174047     
   5.5970767614503263       -2.6586114616889054     
   5.5969749033974709       -2.5886008928213307     
   5.5968757506802289       -2.5185940878061031     
   5.5967793041801777       -2.4485909455788279     
   5.5966855647548144       -2.3785913650207959     
   5.5965945332375462       -2.3085952449604883     
   5.5965062104376884       -2.2386024841750758     
   5.5964205971404546       -2.1686129813919264     
   5.5963376941069543       -2.0986266352901080     
   5.5962575020741863       -2.0286433445018925     
   5.5961800217550337       -1.9586630076142619     
   5.5961052538382612       -1.8886855231704132     
   5.5960331989885068       -1.8187107896712651     
   5.5959638578462805       -1.7487387055769628     
   5.5958972310279576       -1.6787691693083873     
   5.5958333191257745       -1.6088020792486604     
   5.5957721227078290       -1.5388373337446530     
   5.5957136423180689       -1.4688748311084932     
   5.5956578784762945       -1.3989144696190736     
   5.5956048316781537       -1.3289561475235616     
   5.5955545023951361       -1.2589997630389058     
   5.5955545023951361        1.2589997630389058     
   5.5956048316781537        1.3289561475235616     
   5.5956578784762945        1.3989144696190736     
   5.5957136423180689        1.4688748311084932     
   5.5957721227078290        1.5388373337446530     
   5.5958333191257745        1.6088020792486604     
   5.5958972310279576        1.6787691693083873     
   5.5959638578462805        1.7487387055769628     
   5.5960331989885068        1.8187107896712651     
   5.5961052538382612        1.8886855231704132     
   5.5961800217550337        1.9586630076142619     
   5.5962575020741863        2.0286433445018925     
   5.5963376941069543        2.0986266352901080     
   5.5964205971404546        2.1686129813919264     
   5.5965062104376884        2.2386024841750758     
   5.5965945332375462        2.3085952449604883     
   5.5966855647548144        2.3785913650207959     
   5.5967793041801777        2.4485909455788279     
   5.5968757506802289        2.5185940878061031     
   5.5969749033974709        2.5886008928213307     
   5.5970767614503263        2.6586114616889054     
   5.5971813239331381        2.7286258954174047     
   5.5972885899161806        2.7986442949580903     
   5.5973985584456658        2.8686667612034040     
   5.5975112285437447        2.9386933949854659     
   5.5976265992085210        3.0087242970745800     
   5.5977446694140536        3.0787595681777296     
   5.5978654381103636        3.1487993089370794     
   5.5979889042234445        3.2188436199284811     
   5.5981150666552670        3.2888926016599696     
   5.5982439242837865        3.3589463545702722     
   5.5983754759629543        3.4290049790273098     
   5.5985097205227188        3.4990685753266999     
   5.5986466567690423        3.5691372436902644     
   5.5987862834839008        3.6392110842645362     
   5.5989285994252986        3.7092901971192607     
   5.5990736033272741        3.7793746822459102     
   5.5992212938999089        3.8494646395561878     
   5.5993716698293365        3.9195601688805355     
   5.5995247297777517        3.9896613699666488     
   5.5996804723834215        4.0597683424779811     
   5.5998388962606924        4.1298811859922608     
   5.5999999999999996        4.2000000000000002     
   5.6698971981897204       -4.0599263888272068     
   5.6697395465029743       -3.9898167179095005     
   5.6695846103539198       -3.9197128170348092     
   5.6694323911211608       -3.8496145865637512     
   5.6692828901590726       -3.7795219267727149     
   5.6691361087977974       -3.7094347378553487     
   5.6689920483432310       -3.6393529199240500     
   5.6688507100770194       -3.5692763730114567     
   5.6687120952565433       -3.4992049970719403     
   5.6685762051149124       -3.4291386919830957     
   5.6684430408609607       -3.3590773575472359     
   5.6683126036792295       -3.2890208934928862     
   5.6681848947299667       -3.2189691994762777     
   5.6680599151491169       -3.1489221750828427     
   5.6679376660483118       -3.0788797198287123     
   5.6678181485148622       -3.0088417331622104     
   5.6677013636117533       -2.9388081144653535     
   5.6675873123776368       -2.8687787630553472     
   5.6674759958268224       -2.7987535781860848     
   5.6673674149492692       -2.7287324590496480     
   5.6672615707105836       -2.6587153047778047     
   5.6671584640520081       -2.5887020144435100     
   5.6670580958904191       -2.5186924870624088     
   5.6669604671183169       -2.4486866215943346     
   5.6668655786038205       -2.3786843169448133     
   5.6667734311906619       -2.3086854719665659     
   5.6666840256981823       -2.2386899854610105     
   5.6665973629213235       -2.1686977561797658     
   5.6665134436306239       -2.0987086828261572     
   5.6664322685722128       -2.0287226640567182     
   5.6663538384678054       -1.9587395984826983     
   5.6662781540146989       -1.8887593846715665     
   5.6662052158857659       -1.8187819211485177     
   5.6661350247294511       -1.7488071063979787     
   5.6660675811697647       -1.6788348388651155     
   5.6660028858062832       -1.6088650169573400     
   5.6659409392141402       -1.5388975390458159     
   5.6658817419440233       -1.4689323034669690     
   5.6658252945221728       -1.3989692085239933     
   5.6657715974503775       -1.3290081524883601     
   5.6657206512059668       -1.2590490336013260     
   5.6656724562418157       -1.1890917500754428     
   5.6656270129863326       -1.1191362000960658     
   5.6655843218434647       -1.0491822818228640     
   5.6655443831926897      -0.97922989339132915     
   5.6655071973890152      -0.90927893291428641     
   5.6654727647629741      -0.83932929848340354     
   5.6654410856206283      -0.76938088817070260     
   5.6654121602435588      -0.69943360003006894     
   5.6653859888888691      -0.62948733209876329     
   5.6653625717891831      -0.55954198239893171     
   5.6653419091526400      -0.48959744893911705     
   5.6653240011628974      -0.41965362971577014     
   5.6653088479791256      -0.34971042271476083     
   5.6652964497360108      -0.27976772591288945     
   5.6652868065437509      -0.20982543727939817     
   5.6652799184880580      -0.13988345477748293     
   5.6652757856301523       -6.9941676365804367E-002
   5.6652744080067690        0.0000000000000000     
   5.6652757856301523        6.9941676365804367E-002
   5.6652799184880580       0.13988345477748293     
   5.6652868065437509       0.20982543727939817     
   5.6652964497360108       0.27976772591288945     
   5.6653088479791256       0.34971042271476083     
   5.6653240011628974       0.41965362971577014     
   5.6653419091526400       0.48959744893911705     
   5.6653625717891831       0.55954198239893171     
   5.6653859888888691       0.62948733209876329     
   5.6654121602435588       0.69943360003006894     
   5.6654410856206283       0.76938088817070260     
   5.6654727647629741       0.83932929848340354     
   5.6655071973890152       0.90927893291428641     
   5.6655443831926897       0.97922989339132915     
   5.6655843218434647        1.0491822818228640     
   5.6656270129863326        1.1191362000960658     
   5.6656724562418157        1.1890917500754428     
   5.6657206512059668        1.2590490336013260     
   5.6657715974503775        1.3290081524883601     
   5.6658252945221728        1.3989692085239933     
   5.6658817419440233        1.4689323034669690     
   5.6659409392141402        1.5388975390458159     
   5.6660028858062832        1.6088650169573400     
   5.6660675811697647        1.6788348388651155     
   5.6661350247294511        1.7488071063979787     
   5.6662052158857659        1.8187819211485177     
   5.6662781540146989        1.8887593846715665     
   5.6663538384678054        1.9587395984826983     
   5.6664322685722128        2.0287226640567182     
   5.6665134436306239        2.0987086828261572     
   5.6665973629213235        2.1686977561797658     
   5.6666840256981823        2.2386899854610105     
   5.6667734311906619        2.3086854719665659     
   5.6668655786038205        2.3786843169448133     
   5.6669604671183169        2.4486866215943346     
   5.6670580958904191        2.5186924870624088     
   5.6671584640520081        2.5887020144435100     
   5.6672615707105836        2.6587153047778047     
   5.6673674149492692        2.7287324590496480     
   5.6674759958268224        2.7987535781860848     
   5.6675873123776368        2.8687787630553472     
   5.6677013636117533        2.9388081144653535     
   5.6678181485148622        3.0088417331622104     
   5.6679376660483118        3.0788797198287123     
   5.6680599151491169        3.1489221750828427     
   5.6681848947299667        3.2189691994762777     
   5.6683126036792295        3.2890208934928862     
   5.6684430408609607        3.3590773575472359     
   5.6685762051149124        3.4291386919830957     
   5.6687120952565433        3.4992049970719403     
   5.6688507100770194        3.5692763730114567     
   5.6689920483432310        3.6393529199240500     
   5.6691361087977974        3.7094347378553487     
   5.6692828901590726        3.7795219267727149     
   5.6694323911211608        3.8496145865637512     
   5.6695846103539198        3.9197128170348092     
   5.6697395465029743        3.9898167179095005     
   5.6698971981897204        4.0599263888272068     
   5.7399625357869919       -3.9899739578031532     
   5.7398057248137730       -3.9198673242630639     
   5.7396516636298971       -3.8497663597517602     
   5.7395003536063083       -3.7796709645700077     
   5.7393517960894176       -3.7095810389358430     
   5.7392059924010956       -3.6394964829860608     
   5.7390629438386638       -3.5694171967777049     
   5.7389226516748826       -3.4993430802895622     
   5.7387851171579465       -3.4292740334236509     
   5.7386503415114740       -3.3592099560067159     
   5.7385183259344972       -3.2891507477917239     
   5.7383890716014561       -3.2190963084593536     
   5.7382625796621900       -3.1490465376194940     
   5.7381388512419269       -3.0790013348127414     
   5.7380178874412806       -3.0089605995118909     
   5.7378996893362393       -2.9389242311234391     
   5.7377842579781566       -2.8688921289890783     
   5.7376715943937517       -2.7988641923871955     
   5.7375616995850933       -2.7288403205343736     
   5.7374545745295995       -2.6588204125868877     
   5.7373502201800273       -2.5888043676422070     
   5.7372486374644680       -2.5187920847404981     
   5.7371498272863386       -2.4487834628661203     
   5.7370537905243797       -2.3787784009491326     
   5.7369605280326432       -2.3087767978667957     
   5.7368700406404942       -2.2387785524450710     
   5.7367823291525983       -2.1687835634601282     
   5.7366973943489192       -2.0987917296398484     
   5.7366152369847141       -2.0288029496653253     
   5.7365358577905274       -1.9588171221723749     
   5.7364592574721849       -1.8888341457530364     
   5.7363854367107923       -1.8188539189570805     
   5.7363143961627250       -1.7488763402935137     
   5.7362461364596289       -1.6789013082320863     
   5.7361806582084141       -1.6089287212047989     
   5.7361179619912486       -1.5389584776074081     
   5.7360580483655585       -1.4689904758009358     
   5.7360009178640219       -1.3990246141131759     
   5.7359465709945638       -1.3290607908402039     
   5.7358950082403561       -1.2590989042478831     
   5.7358462300598116       -1.1891388525733755     
   5.7358002368865817       -1.1191805340266501     
   5.7357570291295525       -1.0492238467919914     
   5.7357166071728454      -0.97926868902951025     
   5.7356789713758110      -0.90931495887665292     
   5.7356441220730261      -0.83936255444971108     
   5.7356120595742963      -0.76941137384533242     
   5.7355827841646470      -0.69946131514203003     
   5.7355562961043285      -0.62951227640169449     
   5.7355325956288077      -0.55956415567110318     
   5.7355116829487729      -0.48961685098343177     
   5.7354935582501261      -0.41967026035976529     
   5.7354782216939864      -0.34972428181060894     
   5.7354656734166882      -0.27977881333739946     
   5.7354559135297762      -0.20983375293401618     
   5.7354489421200112      -0.13988899858829296     
   5.7354447592493631       -6.9944448283528818E-002
   5.7354433649550156        0.0000000000000000     
   5.7354447592493631        6.9944448283528818E-002
   5.7354489421200112       0.13988899858829296     
   5.7354559135297762       0.20983375293401618     
   5.7354656734166882       0.27977881333739946     
   5.7354782216939864       0.34972428181060894     
   5.7354935582501261       0.41967026035976529     
   5.7355116829487729       0.48961685098343177     
   5.7355325956288077       0.55956415567110318     
   5.7355562961043285       0.62951227640169449     
   5.7355827841646470       0.69946131514203003     
   5.7356120595742963       0.76941137384533242     
   5.7356441220730261       0.83936255444971108     
   5.7356789713758110       0.90931495887665292     
   5.7357166071728454       0.97926868902951025     
   5.7357570291295525        1.0492238467919914     
   5.7358002368865817        1.1191805340266501     
   5.7358462300598116        1.1891388525733755     
   5.7358950082403561        1.2590989042478831     
   5.7359465709945638        1.3290607908402039     
   5.7360009178640219        1.3990246141131759     
   5.7360580483655585        1.4689904758009358     
   5.7361179619912486        1.5389584776074081     
   5.7361806582084141        1.6089287212047989     
   5.7362461364596289        1.6789013082320863     
   5.7363143961627250        1.7488763402935137     
   5.7363854367107923        1.8188539189570805     
   5.7364592574721849        1.8888341457530364     
   5.7365358577905274        1.9588171221723749     
   5.7366152369847141        2.0288029496653253     
   5.7366973943489192        2.0987917296398484     
   5.7367823291525983        2.1687835634601282     
   5.7368700406404942        2.2387785524450710     
   5.7369605280326432        2.3087767978667957     
   5.7370537905243797        2.3787784009491326     
   5.7371498272863386        2.4487834628661203     
   5.7372486374644680        2.5187920847404981     
   5.7373502201800273        2.5888043676422070     
   5.7374545745295995        2.6588204125868877     
   5.7375616995850933        2.7288403205343736     
   5.7376715943937517        2.7988641923871955     
   5.7377842579781566        2.8688921289890783     
   5.7378996893362393        2.9389242311234391     
   5.7380178874412806        3.0089605995118909     
   5.7381388512419269        3.0790013348127414     
   5.7382625796621900        3.1490465376194940     
   5.7383890716014561        3.2190963084593536     
   5.7385183259344972        3.2891507477917239     
   5.7386503415114740        3.3592099560067159     
   5.7387851171579465        3.4292740334236509     
   5.7389226516748826        3.4993430802895622     
   5.7390629438386638        3.5694171967777049     
   5.7392059924010956        3.6394964829860608     
   5.7393517960894176        3.7095810389358430     
   5.7395003536063083        3.7796709645700077     
   5.7396516636298971        3.8497663597517602     
   5.7398057248137730        3.9198673242630639     
   5.7399625357869919        3.9899739578031532     
   5.8098792090013571       -3.8499199577719838     
   5.8097260912603623       -3.7798217943139707     
   5.8095757589073882       -3.7097290990613443     
   5.8094282132802730       -3.6396417721755929     
   5.8092834556920092       -3.5695597137384634     
   5.8091414874307326       -3.4994828237534534     
   5.8090023097597161       -3.4294110021473028     
   5.8088659239173586       -3.3593441487714846     
   5.8087323311171772       -3.2892821634037031     
   5.8086015325478000       -3.2192249457493833     
   5.8084735293729537       -3.1491723954431681     
   5.8083483227314625       -3.0791244120504144     
   5.8082259137372345       -3.0090808950686876     
   5.8081063034792546       -2.9390417439292618     
   5.8079894930215810       -2.8690068579986128     
   5.8078754834033326       -2.7989761365799191     
   5.8077642756386849       -2.7289494789145632     
   5.8076558707168644       -2.6589267841836248     
   5.8075502696021370       -2.5889079515093862     
   5.8074474732338057       -2.5188928799568315     
   5.8073474825262030       -2.4488814685351463     
   5.8072502983686833       -2.3788736161992197     
   5.8071559216256183       -2.3088692218511495     
   5.8070643531363899       -2.2388681843417411     
   5.8069755937153866       -2.1688704024720118     
   5.8068896441519948       -2.0988757749946974     
   5.8068065052105959       -2.0288842006157504     
   5.8067261776305585       -1.9588955779958512     
   5.8066486621262374       -1.8889098057519087     
   5.8065739593869656       -1.8189267824585678     
   5.8065020700770491       -1.7489464066497138     
   5.8064329948357640       -1.6789685768199800     
   5.8063667342773533       -1.6089931914262545     
   5.8063032889910176       -1.5390201488891855     
   5.8062426595409180       -1.4690493475946902     
   5.8061848464661674       -1.3990806858954621     
   5.8061298502808274       -1.3291140621124788     
   5.8060776714739077       -1.2591493745365103     
   5.8060283105093591       -1.1891865214296278     
   5.8059817678260712       -1.1192254010267126     
   5.8059380438378714       -1.0492659115369649     
   5.8058971389335214      -0.97930795114541336     
   5.8058590534767127      -0.90935141801442498     
   5.8058237878060650      -0.83939621028521427     
   5.8057913422351266      -0.76944222607935420     
   5.8057617170523663      -0.69948936350028501     
   5.8057349125211779      -0.62953752063482649     
   5.8057109288798747      -0.55958659555468682     
   5.8056897663416889      -0.48963648631797380     
   5.8056714250947694      -0.41968709097070622     
   5.8056559053021823      -0.34973830754832425     
   5.8056432071019071      -0.27979003407720038     
   5.8056333306068382      -0.20984216857615079     
   5.8056262759047836      -0.13989460905794662     
   5.8056220430584631       -6.9947253530824857E-002
   5.8056206321055077        0.0000000000000000     
   5.8056220430584631        6.9947253530824857E-002
   5.8056262759047836       0.13989460905794662     
   5.8056333306068382       0.20984216857615079     
   5.8056432071019071       0.27979003407720038     
   5.8056559053021823       0.34973830754832425     
   5.8056714250947694       0.41968709097070622     
   5.8056897663416889       0.48963648631797380     
   5.8057109288798747       0.55958659555468682     
   5.8057349125211779       0.62953752063482649     
   5.8057617170523663       0.69948936350028501     
   5.8057913422351266       0.76944222607935420     
   5.8058237878060650       0.83939621028521427     
   5.8058590534767127       0.90935141801442498     
   5.8058971389335214       0.97930795114541336     
   5.8059380438378714        1.0492659115369649     
   5.8059817678260712        1.1192254010267126     
   5.8060283105093591        1.1891865214296278     
   5.8060776714739077        1.2591493745365103     
   5.8061298502808274        1.3291140621124788     
   5.8061848464661674        1.3990806858954621     
   5.8062426595409180        1.4690493475946902     
   5.8063032889910176        1.5390201488891855     
   5.8063667342773533        1.6089931914262545     
   5.8064329948357640        1.6789685768199800     
   5.8065020700770491        1.7489464066497138     
   5.8065739593869656        1.8189267824585678     
   5.8066486621262374        1.8889098057519087     
   5.8067261776305585        1.9588955779958512     
   5.8068065052105959        2.0288842006157504     
   5.8068896441519948        2.0988757749946974     
   5.8069755937153866        2.1688704024720118     
   5.8070643531363899        2.2388681843417411     
   5.8071559216256183        2.3088692218511495     
   5.8072502983686833        2.3788736161992197     
   5.8073474825262030        2.4488814685351463     
   5.8074474732338057        2.5188928799568315     
   5.8075502696021370        2.5889079515093862     
   5.8076558707168644        2.6589267841836248     
   5.8077642756386849        2.7289494789145632     
   5.8078754834033326        2.7989761365799191     
   5.8079894930215810        2.8690068579986128     
   5.8081063034792546        2.9390417439292618     
   5.8082259137372345        3.0090808950686876     
   5.8083483227314625        3.0791244120504144     
   5.8084735293729537        3.1491723954431681     
   5.8086015325478000        3.2192249457493833     
   5.8087323311171772        3.2892821634037031     
   5.8088659239173586        3.3593441487714846     
   5.8090023097597161        3.4294110021473028     
   5.8091414874307326        3.4994828237534534     
   5.8092834556920092        3.5695597137384634     
   5.8094282132802730        3.6396417721755929     
   5.8095757589073882        3.7097290990613443     
   5.8097260912603623        3.7798217943139707     
   5.8098792090013571        3.8499199577719838     
   5.8799602005896840       -3.7799744146647964     
   5.8798080947359948       -3.7098789169167588     
   5.8796588084805919       -3.6397887862022711     
   5.8795123431521326       -3.5697039226280807     
   5.8793687000541235       -3.4996242262226929     
   5.8792278804649092       -3.4295495969378642     
   5.8790898856376659       -3.3594799346500945     
   5.8789547168003882       -3.2894151391621218     
   5.8788223751558863       -3.2193551102044142     
   5.8786928618817758       -3.1492997474366655     
   5.8785661781304661       -3.0792489504492919     
   5.8784423250291562       -3.0092026187649248     
   5.8783213036798259       -2.9391606518399129     
   5.8782031151592289       -2.8691229490658143     
   5.8780877605188842       -2.7990894097708972     
   5.8779752407850685       -2.7290599332216390     
   5.8778655569588096       -2.6590344186242239     
   5.8777587100158817       -2.5890127651260433     
   5.8776547009067954       -2.5189948718171982     
   5.8775535305567930       -2.4489806377319971     
   5.8774551998658406       -2.3789699618504589     
   5.8773597097086236       -2.3089627430998165     
   5.8772670609345417       -2.2389588803560163     
   5.8771772543676999       -2.1689582724452223     
   5.8770902908069029       -2.0989608181453225     
   5.8770061710256547       -2.0289664161874281     
   5.8769248957721469       -1.9589749652573822     
   5.8768464657692574       -1.8889863639972613     
   5.8767708817145445       -1.8190005110068828     
   5.8766981442802413       -1.7490173048453099     
   5.8766282541132533       -1.6790366440323581     
   5.8765612118351518       -1.6090584270501014     
   5.8764970180421701       -1.5390825523443781     
   5.8764356733051999       -1.4691089183263000     
   5.8763771781697871       -1.3991374233737588     
   5.8763215331561289       -1.3291679658329341     
   5.8762687387590695       -1.2592004440198006     
   5.8762187954480947       -1.1892347562216383     
   5.8761717036673335       -1.1192708006985399     
   5.8761274638355516       -1.0493084756849200     
   5.8760860763461480      -0.97934767939102463     
   5.8760475415671554      -0.90938831000444065     
   5.8760118598412339      -0.83943026569160473     
   5.8759790314856719      -0.76947344459931422     
   5.8759490567923836      -0.69951774485623608     
   5.8759219360279040      -0.62956306457441835     
   5.8758976694333915      -0.55960930185079927     
   5.8758762572246210      -0.48965635476871844     
   5.8758576995919878      -0.41970412139942770     
   5.8758419967005038      -0.34975249980360140     
   5.8758291486897951      -0.27980138803284743     
   5.8758191556741028      -0.20985068413121796     
   5.8758120177422830      -0.13990028613672104     
   5.8758077349578040       -6.9950092082830997E-002
   5.8758063073587463        0.0000000000000000     
   5.8758077349578040        6.9950092082830997E-002
   5.8758120177422830       0.13990028613672104     
   5.8758191556741028       0.20985068413121796     
   5.8758291486897951       0.27980138803284743     
   5.8758419967005038       0.34975249980360140     
   5.8758576995919878       0.41970412139942770     
   5.8758762572246210       0.48965635476871844     
   5.8758976694333915       0.55960930185079927     
   5.8759219360279040       0.62956306457441835     
   5.8759490567923836       0.69951774485623608     
   5.8759790314856719       0.76947344459931422     
   5.8760118598412339       0.83943026569160473     
   5.8760475415671554       0.90938831000444065     
   5.8760860763461480       0.97934767939102463     
   5.8761274638355516        1.0493084756849200     
   5.8761717036673335        1.1192708006985399     
   5.8762187954480947        1.1892347562216383     
   5.8762687387590695        1.2592004440198006     
   5.8763215331561289        1.3291679658329341     
   5.8763771781697871        1.3991374233737588     
   5.8764356733051999        1.4691089183263000     
   5.8764970180421701        1.5390825523443781     
   5.8765612118351518        1.6090584270501014     
   5.8766282541132533        1.6790366440323581     
   5.8766981442802413        1.7490173048453099     
   5.8767708817145445        1.8190005110068828     
   5.8768464657692574        1.8889863639972613     
   5.8769248957721469        1.9589749652573822     
   5.8770061710256547        2.0289664161874281     
   5.8770902908069029        2.0989608181453225     
   5.8771772543676999        2.1689582724452223     
   5.8772670609345417        2.2389588803560163     
   5.8773597097086236        2.3089627430998165     
   5.8774551998658406        2.3789699618504589     
   5.8775535305567930        2.4489806377319971     
   5.8776547009067954        2.5189948718171982     
   5.8777587100158817        2.5890127651260433     
   5.8778655569588096        2.6590344186242239     
   5.8779752407850685        2.7290599332216390     
   5.8780877605188842        2.7990894097708972     
   5.8782031151592289        2.8691229490658143     
   5.8783213036798259        2.9391606518399129     
   5.8784423250291562        3.0092026187649248     
   5.8785661781304661        3.0792489504492919     
   5.8786928618817758        3.1492997474366655     
   5.8788223751558863        3.2193551102044142     
   5.8789547168003882        3.2894151391621218     
   5.8790898856376659        3.3594799346500945     
   5.8792278804649092        3.4295495969378642     
   5.8793687000541235        3.4996242262226929     
   5.8795123431521326        3.5697039226280807     
   5.8796588084805919        3.6397887862022711     
   5.8798080947359948        3.7098789169167588     
   5.8799602005896840        3.7799744146647964     
   5.9498978753774630       -3.6399375237603304     
   5.9497497036096840       -3.5698498221658101     
   5.9496043869506474       -3.4997672864415574     
   5.9494619266937674       -3.4296898165646423     
   5.9493223241069888       -3.3596173124368875     
   5.9491855804327827       -3.2895496738863619     
   5.9490516968881355       -3.2194868006688733     
   5.9489206746645413       -3.1494285924694632     
   5.9487925149279963       -3.0793749489039040     
   5.9486672188189837       -3.0093257695201916     
   5.9485447874524739       -2.9392809538000457     
   5.9484252219179119       -2.8692404011604045     
   5.9483085232792092       -2.7992040109549219     
   5.9481946925747424       -2.7291716824754699     
   5.9480837308173378       -2.6591433149536332     
   5.9479756389942704       -2.5891188075622114     
   5.9478704180672555       -2.5190980594167200     
   5.9477680689724410       -2.4490809695768876     
   5.9476685926204036       -2.3790674370481613     
   5.9475719898961374       -2.3090573607832061     
   5.9474782616590538       -2.2390506396834087     
   5.9473874087429728       -2.1690471726003784     
   5.9472994319561163       -2.0990468583374531     
   5.9472143320811046       -2.0290495956512000     
   5.9471321098749490       -1.9590552832529244     
   5.9470527660690493       -1.8890638198101686     
   5.9469763013691859       -1.8190751039482216     
   5.9469027164555168       -1.7490890342516225     
   5.9468320119825728       -1.6791055092656675     
   5.9467641885792517       -1.6091244274979153     
   5.9466992468488158       -1.5391456874196934     
   5.9466371873688857       -1.4691691874676069     
   5.9465780106914394       -1.3991948260450444     
   5.9465217173428053       -1.3292225015236858     
   5.9464683078236602       -1.2592521122450104     
   5.9464177826090268       -1.1892835565218052     
   5.9463701421482673       -1.1193167326396740     
   5.9463253868650847       -1.0493515388585444     
   5.9462835171575152      -0.97938787341417899     
   5.9462445333979304      -0.90942563451968339     
   5.9462084359330287      -0.83946472036701580     
   5.9461752250838407      -0.76950502912849705     
   5.9461449011457201      -0.69954645895831991     
   5.9461174643883448      -0.62958890799405998     
   5.9460929150557140      -0.55963227435818486     
   5.9460712533661493      -0.48967645615956523     
   5.9460524795122884      -0.41972135149498507     
   5.9460365936610895      -0.34976685845065225     
   5.9460235959538235      -0.27981287510370934     
   5.9460134865060796      -0.20985929952374396     
   5.9460062654077595      -0.13990602977430022     
   5.9460019327230809       -6.9952963914389196E-002
   5.9460004884905739        0.0000000000000000     
   5.9460019327230809        6.9952963914389196E-002
   5.9460062654077595       0.13990602977430022     
   5.9460134865060796       0.20985929952374396     
   5.9460235959538235       0.27981287510370934     
   5.9460365936610895       0.34976685845065225     
   5.9460524795122884       0.41972135149498507     
   5.9460712533661493       0.48967645615956523     
   5.9460929150557140       0.55963227435818486     
   5.9461174643883448       0.62958890799405998     
   5.9461449011457201       0.69954645895831991     
   5.9461752250838407       0.76950502912849705     
   5.9462084359330287       0.83946472036701580     
   5.9462445333979304       0.90942563451968339     
   5.9462835171575152       0.97938787341417899     
   5.9463253868650847        1.0493515388585444     
   5.9463701421482673        1.1193167326396740     
   5.9464177826090268        1.1892835565218052     
   5.9464683078236602        1.2592521122450104     
   5.9465217173428053        1.3292225015236858     
   5.9465780106914394        1.3991948260450444     
   5.9466371873688857        1.4691691874676069     
   5.9466992468488158        1.5391456874196934     
   5.9467641885792517        1.6091244274979153     
   5.9468320119825728        1.6791055092656675     
   5.9469027164555168        1.7490890342516225     
   5.9469763013691859        1.8190751039482216     
   5.9470527660690493        1.8890638198101686     
   5.9471321098749490        1.9590552832529244     
   5.9472143320811046        2.0290495956512000     
   5.9472994319561163        2.0990468583374531     
   5.9473874087429728        2.1690471726003784     
   5.9474782616590538        2.2390506396834087     
   5.9475719898961374        2.3090573607832061     
   5.9476685926204036        2.3790674370481613     
   5.9477680689724410        2.4490809695768876     
   5.9478704180672555        2.5190980594167200     
   5.9479756389942704        2.5891188075622114     
   5.9480837308173378        2.6591433149536332     
   5.9481946925747424        2.7291716824754699     
   5.9483085232792092        2.7992040109549219     
   5.9484252219179119        2.8692404011604045     
   5.9485447874524739        2.9392809538000457     
   5.9486672188189837        3.0093257695201916     
   5.9487925149279963        3.0793749489039040     
   5.9489206746645413        3.1494285924694632     
   5.9490516968881355        3.2194868006688733     
   5.9491855804327827        3.2895496738863619     
   5.9493223241069888        3.3596173124368875     
   5.9494619266937674        3.4296898165646423     
   5.9496043869506474        3.4997672864415574     
   5.9497497036096840        3.5698498221658101     
   5.9498978753774630        3.6399375237603304     
   6.0199956343294199       -3.5699974110558190     
   6.0198486453999971       -3.4999120031395337     
   6.0197045457406224       -3.4298316597824479     
   6.0195633366340058       -3.3597562809120034     
   6.0194250193370884       -3.2896857663818975     
   6.0192895950810286       -3.2196200159735739     
   6.0191570650711963       -3.1495589293977191     
   6.0190274304871645       -3.0795024062957590     
   6.0189006924827000       -3.0094503462413500     
   6.0187768521857565       -2.9394026487418814     
   6.0186559106984658       -2.8693592132399668     
   6.0185378690971314       -2.7993199391149450     
   6.0184227284322205       -2.7292847256843791     
   6.0183104897283561       -2.6592534722055530     
   6.0182011539843101       -2.5892260778769707     
   6.0180947221729975       -2.5192024418398598     
   6.0179911952414695       -2.4491824631796684     
   6.0178905741109068       -2.3791660409275677     
   6.0177928596766099       -2.3091530740619555     
   6.0176980528080009       -2.2391434615099541     
   6.0176061543486075       -2.1691371021489170     
   6.0175171651160664       -2.0991338948079306     
   6.0174310859021123       -2.0291337382693166     
   6.0173479174725726       -1.9591365312701399     
   6.0172676605673647       -1.8891421725037074     
   6.0171903159004891       -1.8191505606210783     
   6.0171158841600256       -1.7491615942325658     
   6.0170443660081272       -1.6791751719092449     
   6.0169757620810174       -1.6091911921844584     
   6.0169100729889831       -1.5392095535553212     
   6.0168472993163729       -1.4692301544842306     
   6.0167874416215925       -1.3992528934003705     
   6.0167305004371014       -1.3292776687012204     
   6.0166764762694083       -1.2593043787540623     
   6.0166253695990655       -1.1893329218974897     
   6.0165771808806712       -1.1193631964429158     
   6.0165319105428621       -1.0493951006760807     
   6.0164895589883098      -0.97942853285856213     
   6.0164501265937238      -0.90946339122928388     
   6.0164136137098403      -0.83949957400602426     
   6.0163800206614289      -0.76953697938692700     
   6.0163493477472825      -0.69957550555200954     
   6.0163215952402194      -0.62961505066467416     
   6.0162967633870830      -0.55965551287321713     
   6.0162748524087357      -0.48969679031233898     
   6.0162558625000599      -0.41973878110465535     
   6.0162397938299561      -0.34978138336220677     
   6.0162266465413436      -0.27982449518796948     
   6.0162164207511557      -0.20986801467736588     
   6.0162091165503417      -0.13991183991977543     
   6.0162047340038685       -6.9955869000044996E-002
   6.0162032731507127        0.0000000000000000     
   6.0162047340038685        6.9955869000044996E-002
   6.0162091165503417       0.13991183991977543     
   6.0162164207511557       0.20986801467736588     
   6.0162266465413436       0.27982449518796948     
   6.0162397938299561       0.34978138336220677     
   6.0162558625000599       0.41973878110465535     
   6.0162748524087357       0.48969679031233898     
   6.0162967633870830       0.55965551287321713     
   6.0163215952402194       0.62961505066467416     
   6.0163493477472825       0.69957550555200954     
   6.0163800206614289       0.76953697938692700     
   6.0164136137098403       0.83949957400602426     
   6.0164501265937238       0.90946339122928388     
   6.0164895589883098       0.97942853285856213     
   6.0165319105428621        1.0493951006760807     
   6.0165771808806712        1.1193631964429158     
   6.0166253695990655        1.1893329218974897     
   6.0166764762694083        1.2593043787540623     
   6.0167305004371014        1.3292776687012204     
   6.0167874416215925        1.3992528934003705     
   6.0168472993163729        1.4692301544842306     
   6.0169100729889831        1.5392095535553212     
   6.0169757620810174        1.6091911921844584     
   6.0170443660081272        1.6791751719092449     
   6.0171158841600256        1.7491615942325658     
   6.0171903159004891        1.8191505606210783     
   6.0172676605673647        1.8891421725037074     
   6.0173479174725726        1.9591365312701399     
   6.0174310859021123        2.0291337382693166     
   6.0175171651160664        2.0991338948079306     
   6.0176061543486075        2.1691371021489170     
   6.0176980528080009        2.2391434615099541     
   6.0177928596766099        2.3091530740619555     
   6.0178905741109068        2.3791660409275677     
   6.0179911952414695        2.4491824631796684     
   6.0180947221729975        2.5192024418398598     
   6.0182011539843101        2.5892260778769707     
   6.0183104897283561        2.6592534722055530     
   6.0184227284322205        2.7292847256843791     
   6.0185378690971314        2.7993199391149450     
   6.0186559106984658        2.8693592132399668     
   6.0187768521857565        2.9394026487418814     
   6.0189006924827000        3.0094503462413500     
   6.0190274304871645        3.0795024062957590     
   6.0191570650711963        3.1495589293977191     
   6.0192895950810286        3.2196200159735739     
   6.0194250193370884        3.2896857663818975     
   6.0195633366340058        3.3597562809120034     
   6.0197045457406224        3.4298316597824479     
   6.0198486453999971        3.4999120031395337     
   6.0199956343294199        3.5699974110558190     
   6.0899558347724376       -3.4299751253316031     
   6.0898130204000180       -3.3598968388413892     
   6.0896731307086487       -3.2898234154403045     
   6.0895361669436561       -3.2197547549357264     
   6.0894021303242818       -3.1496907570642834     
   6.0892710220436701       -3.0796313214933506     
   6.0891428432688661       -3.0095763478225428     
   6.0890175951408034       -2.9395257355852151     
   6.0888952787742952       -2.8694793842499555     
   6.0887758952580322       -2.7994371932220834     
   6.0886594456545673       -2.7293990618451511     
   6.0885459310003167       -2.6593648894024375     
   6.0884353523055461       -2.5893345751184502     
   6.0883277105543652       -2.5193080181604270     
   6.0882230067047232       -2.4492851176398314     
   6.0881212416884019       -2.3792657726138584     
   6.0880224164110066       -2.3092498820869336     
   6.0879265317519611       -2.2392373450122158     
   6.0878335885645045       -2.1692280602930993     
   6.0877435876756794       -2.0992219267847174     
   6.0876565298863330       -2.0292188432954443     
   6.0875724159711062       -1.9592187085884021     
   6.0874912466784314       -1.8892214213829612     
   6.0874130227305256       -1.8192268803562490     
   6.0873377448233867       -1.7492349841446515     
   6.0872654136267892       -1.6792456313453210     
   6.0871960297842760       -1.6092587205176823     
   6.0871295939131596       -1.5392741501849370     
   6.0870661066045137       -1.4692918188355721     
   6.0870055684231685       -1.3993116249248663     
   6.0869479799077126       -1.3293334668763972     
   6.0868933415704820       -1.2593572430835480     
   6.0868416538975616       -1.1893828519110179     
   6.0867929173487809       -1.1194101916963277     
   6.0867471323577078       -1.0494391607513289     
   6.0867042993316502      -0.97946965736371383     
   6.0866644186516510      -0.90950157979852264     
   6.0866274906724849      -0.83953482629965315     
   6.0865935157226572      -0.76956929509137051     
   6.0865624941044008      -0.69960488437981616     
   6.0865344260936736      -0.62964149235451794     
   6.0865093119401594      -0.55967901718989976     
   6.0864871518672619      -0.48971735704679115     
   6.0864679460721067      -0.41975641007393838     
   6.0864516947255387      -0.34979607440951371     
   6.0864383979721222      -0.27983624818262631     
   6.0864280559301349      -0.20987682951483222     
   6.0864206686915745      -0.13991771652164542     
   6.0864162363221537       -6.9958807314047744E-002
   6.0864147588612987        0.0000000000000000     
   6.0864162363221537        6.9958807314047744E-002
   6.0864206686915745       0.13991771652164542     
   6.0864280559301349       0.20987682951483222     
   6.0864383979721222       0.27983624818262631     
   6.0864516947255387       0.34979607440951371     
   6.0864679460721067       0.41975641007393838     
   6.0864871518672619       0.48971735704679115     
   6.0865093119401594       0.55967901718989976     
   6.0865344260936736       0.62964149235451794     
   6.0865624941044008       0.69960488437981616     
   6.0865935157226572       0.76956929509137051     
   6.0866274906724849       0.83953482629965315     
   6.0866644186516510       0.90950157979852264     
   6.0867042993316502       0.97946965736371383     
   6.0867471323577078        1.0494391607513289     
   6.0867929173487809        1.1194101916963277     
   6.0868416538975616        1.1893828519110179     
   6.0868933415704820        1.2593572430835480     
   6.0869479799077126        1.3293334668763972     
   6.0870055684231685        1.3993116249248663     
   6.0870661066045137        1.4692918188355721     
   6.0871295939131596        1.5392741501849370     
   6.0871960297842760        1.6092587205176823     
   6.0872654136267892        1.6792456313453210     
   6.0873377448233867        1.7492349841446515     
   6.0874130227305256        1.8192268803562490     
   6.0874912466784314        1.8892214213829612     
   6.0875724159711062        1.9592187085884021     
   6.0876565298863330        2.0292188432954443     
   6.0877435876756794        2.0992219267847174     
   6.0878335885645045        2.1692280602930993     
   6.0879265317519611        2.2392373450122158     
   6.0880224164110066        2.3092498820869336     
   6.0881212416884019        2.3792657726138584     
   6.0882230067047232        2.4492851176398314     
   6.0883277105543652        2.5193080181604270     
   6.0884353523055461        2.5893345751184502     
   6.0885459310003167        2.6593648894024375     
   6.0886594456545673        2.7293990618451511     
   6.0887758952580322        2.7994371932220834     
   6.0888952787742952        2.8694793842499555     
   6.0890175951408034        2.9395257355852151     
   6.0891428432688661        3.0095763478225428     
   6.0892710220436701        3.0796313214933506     
   6.0894021303242818        3.1496907570642834     
   6.0895361669436561        3.2197547549357264     
   6.0896731307086487        3.2898234154403045     
   6.0898130204000180        3.3598968388413892     
   6.0899558347724376        3.4299751253316031     
   6.1595233867043326       -3.0797616933521663     
   6.1593937682971571       -3.0097037731452017     
   6.1592671134498485       -2.9396502132374276     
   6.1591434232899003       -2.8696009131237035     
   6.1590226989183812       -2.7995557722356277     
   6.1589049414099311       -2.7295146899430374     
   6.1587901518127488       -2.6594775655555054     
   6.1586783311485922       -2.5894442983238397     
   6.1585694804127620       -2.5194147874415842     
   6.1584636005741027       -2.4493889320465181     
   6.1583606925749912       -2.3793666312221555     
   6.1582607573313330       -2.3093477839992502     
   6.1581637957325546       -2.2393322893572929     
   6.1580698086415957       -2.1693200462260167     
   6.1579787968949082       -2.0993109534869006     
   6.1578907613024443       -2.0293049099746692     
   6.1578057026476571       -1.9593018144787999     
   6.1577236216874898       -1.8893015657450252     
   6.1576445191523730       -1.8193040624768375     
   6.1575683957462219       -1.7493092033369948     
   6.1574952521464255       -1.6793168869490249     
   6.1574250890038487       -1.6093270118987333     
   6.1573579069428224       -1.5393394767357056     
   6.1572937065611439       -1.4693541799748184     
   6.1572324884300684       -1.3993710200977427     
   6.1571742530943077       -1.3293898955544530     
   6.1571190010720267       -1.2594107047647327     
   6.1570667328548376       -1.1894333461196844     
   6.1570174489077996       -1.1194577179832363     
   6.1569711496694124       -1.0494837186936499     
   6.1569278355516168      -0.97951124656502986     
   6.1568875069397881      -0.90954019988883228     
   6.1568501641927362      -0.83957047693537312     
   6.1568158076427038      -0.76960197595533797     
   6.1567844375953591      -0.69963459518129079     
   6.1567560543298017      -0.62966823282918427     
   6.1567306580985521      -0.55970278709986843     
   6.1567082491275569      -0.48973815618060107     
   6.1566888276161835      -0.41977423824655791     
   6.1566723937372192      -0.34981093146234193     
   6.1566589476368714      -0.27984813398349417     
   6.1566484894347662      -0.20988574395800336     
   6.1566410192239447      -0.13992365952781693     
   6.1566365370708684       -6.9961778830350790E-002
   6.1566350430154122        0.0000000000000000     
   6.1566365370708684        6.9961778830350790E-002
   6.1566410192239447       0.13992365952781693     
   6.1566484894347662       0.20988574395800336     
   6.1566589476368714       0.27984813398349417     
   6.1566723937372192       0.34981093146234193     
   6.1566888276161835       0.41977423824655791     
   6.1567082491275569       0.48973815618060107     
   6.1567306580985521       0.55970278709986843     
   6.1567560543298017       0.62966823282918427     
   6.1567844375953591       0.69963459518129079     
   6.1568158076427038       0.76960197595533797     
   6.1568501641927362       0.83957047693537312     
   6.1568875069397881       0.90954019988883228     
   6.1569278355516168       0.97951124656502986     
   6.1569711496694124        1.0494837186936499     
   6.1570174489077996        1.1194577179832363     
   6.1570667328548376        1.1894333461196844     
   6.1571190010720267        1.2594107047647327     
   6.1571742530943077        1.3293898955544530     
   6.1572324884300684        1.3993710200977427     
   6.1572937065611439        1.4693541799748184     
   6.1573579069428224        1.5393394767357056     
   6.1574250890038487        1.6093270118987333     
   6.1574952521464255        1.6793168869490249     
   6.1575683957462219        1.7493092033369948     
   6.1576445191523730        1.8193040624768375     
   6.1577236216874898        1.8893015657450252     
   6.1578057026476571        1.9593018144787999     
   6.1578907613024443        2.0293049099746692     
   6.1579787968949082        2.0993109534869006     
   6.1580698086415957        2.1693200462260167     
   6.1581637957325546        2.2393322893572929     
   6.1582607573313330        2.3093477839992502     
   6.1583606925749912        2.3793666312221555     
   6.1584636005741027        2.4493889320465181     
   6.1585694804127620        2.5194147874415842     
   6.1586783311485922        2.5894442983238397     
   6.1587901518127488        2.6594775655555054     
   6.1589049414099311        2.7295146899430374     
   6.1590226989183812        2.7995557722356277     
   6.1591434232899003        2.8696009131237035     
   6.1592671134498485        2.9396502132374276     
   6.1593937682971571        3.0097037731452017     
   6.1595233867043326        3.0797616933521663     
   6.2291593127360807       -2.7296316089517654     
   6.2290432492147971       -2.6595914996647450     
   6.2289301875736722       -2.5895552465193914     
   6.2288201288191969       -2.5195227487358549     
   6.2287130739311056       -2.4494939054785245     
   6.2286090238623668       -2.3794686158575331     
   6.2285079795391818       -2.3094467789302584     
   6.2284099418609751       -2.2394282937028227     
   6.2283149117003873       -2.1694130591315952     
   6.2282228899032708       -2.0994009741246979     
   6.2281338772886849       -2.0293919375435037     
   6.2280478746488868       -1.9593858482041442     
   6.2279648827493306       -1.8893826048790101     
   6.2278849023286567       -1.8193821062982591     
   6.2278079340986912       -1.7493842511513178     
   6.2277339787444417       -1.6793889380883886     
   6.2276630369240857       -1.6093960657219548     
   6.2275951092689752       -1.5394055326282861     
   6.2275301963836256       -1.4694172373489451     
   6.2274682988457135       -1.3994310783922950     
   6.2274094172060748       -1.3294469542350047     
   6.2273535519886991       -1.2594647633235569     
   6.2273007036907249       -1.1894844040757562     
   6.2272508727824381       -1.1195057748822361     
   6.2272040597072698       -1.0495287741079669     
   6.2271602648817899      -0.97955330009376462     
   6.2271194886957071      -0.90957925115779992     
   6.2270817315118645      -0.83960652559710525     
   6.2270469936662378      -0.76963502168908560     
   6.2270152754679344      -0.69966463769302623     
   6.2269865771991890      -0.62969527185160334     
   6.2269608991153618      -0.55972682239239202     
   6.2269382414449392      -0.48975918752937719     
   6.2269186043895290      -0.41979226546446258     
   6.2269019881238625      -0.34982595438898101     
   6.2268883927957903      -0.27986015248520407     
   6.2268778185262814      -0.20989475792785217     
   6.2268702654094259      -0.13992966888560507     
   6.2268657335124296       -6.9964783522611568E-002
   6.2268642228756166        0.0000000000000000     
   6.2268657335124296        6.9964783522611568E-002
   6.2268702654094259       0.13992966888560507     
   6.2268778185262814       0.20989475792785217     
   6.2268883927957903       0.27986015248520407     
   6.2269019881238625       0.34982595438898101     
   6.2269186043895290       0.41979226546446258     
   6.2269382414449392       0.48975918752937719     
   6.2269608991153618       0.55972682239239202     
   6.2269865771991890       0.62969527185160334     
   6.2270152754679344       0.69966463769302623     
   6.2270469936662378       0.76963502168908560     
   6.2270817315118645       0.83960652559710525     
   6.2271194886957071       0.90957925115779992     
   6.2271602648817899       0.97955330009376462     
   6.2272040597072698        1.0495287741079669     
   6.2272508727824381        1.1195057748822361     
   6.2273007036907249        1.1894844040757562     
   6.2273535519886991        1.2594647633235569     
   6.2274094172060748        1.3294469542350047     
   6.2274682988457135        1.3994310783922950     
   6.2275301963836256        1.4694172373489451     
   6.2275951092689752        1.5394055326282861     
   6.2276630369240857        1.6093960657219548     
   6.2277339787444417        1.6793889380883886     
   6.2278079340986912        1.7493842511513178     
   6.2278849023286567        1.8193821062982591     
   6.2279648827493306        1.8893826048790101     
   6.2280478746488868        1.9593858482041442     
   6.2281338772886849        2.0293919375435037     
   6.2282228899032708        2.0994009741246979     
   6.2283149117003873        2.1694130591315952     
   6.2284099418609751        2.2394282937028227     
   6.2285079795391818        2.3094467789302584     
   6.2286090238623668        2.3794686158575331     
   6.2287130739311056        2.4494939054785245     
   6.2288201288191969        2.5195227487358549     
   6.2289301875736722        2.5895552465193914     
   6.2290432492147971        2.6595914996647450     
   6.2291593127360807        2.7296316089517654     
   6.2988663325103467       -2.3795717256150200     
   6.2987641800042642       -2.3095468660015639     
   6.2986650671165334       -2.2395253571969902     
   6.2985689947294921       -2.1695070981846030     
   6.2984759636983911       -2.0994919878994640     
   6.2983859748513895       -2.0294799252298921     
   6.2982990289895504       -1.9594708090189712     
   6.2982151268868307       -1.8894645380660493     
   6.2981342692900810       -1.8194610111282459     
   6.2980564569190367       -1.7494601269219547     
   6.2979816904663153       -1.6794617841243507     
   6.2979099705974093       -1.6094658813748937     
   6.2978412979506864       -1.5394723172768345     
   6.2977756731373775       -1.4694809903987216     
   6.2977130967415818       -1.3994917992759071     
   6.2976535693202536       -1.3295046424120538     
   6.2975970914032056       -1.2595194182806411     
   6.2975436634931006       -1.1895360253264746     
   6.2974932860654516       -1.1195543619671915     
   6.2974459595686145       -1.0495743265947692     
   6.2974016844237912      -0.97959581757703418     
   6.2973604610250185      -0.90961873325916931     
   6.2973222897391725      -0.83964297196522297     
   6.2972871709059630      -0.76966843199961776     
   6.2972551048379311      -0.69969501164865899     
   6.2972260918204483      -0.62972260918204481     
   6.2972001321117128      -0.55975112285437456     
   6.2971772259427494      -0.48978045090665834     
   6.2971573735174076      -0.41981049156782718     
   6.2971405750123584      -0.34984114305624214     
   6.2971268305770955      -0.27987230358120430     
   6.2971161403339346      -0.20990387134446448     
   6.2971085043780084      -0.13993574454173355     
   6.2971039227772714       -6.9967821364191912E-002
   6.2971023955724954        0.0000000000000000     
   6.2971039227772714        6.9967821364191912E-002
   6.2971085043780084       0.13993574454173355     
   6.2971161403339346       0.20990387134446448     
   6.2971268305770955       0.27987230358120430     
   6.2971405750123584       0.34984114305624214     
   6.2971573735174076       0.41981049156782718     
   6.2971772259427494       0.48978045090665834     
   6.2972001321117128       0.55975112285437456     
   6.2972260918204483       0.62972260918204481     
   6.2972551048379311       0.69969501164865899     
   6.2972871709059630       0.76966843199961776     
   6.2973222897391725       0.83964297196522297     
   6.2973604610250185       0.90961873325916931     
   6.2974016844237912       0.97959581757703418     
   6.2974459595686145        1.0495743265947692     
   6.2974932860654516        1.1195543619671915     
   6.2975436634931006        1.1895360253264746     
   6.2975970914032056        1.2595194182806411     
   6.2976535693202536        1.3295046424120538     
   6.2977130967415818        1.3994917992759071     
   6.2977756731373775        1.4694809903987216     
   6.2978412979506864        1.5394723172768345     
   6.2979099705974093        1.6094658813748937     
   6.2979816904663153        1.6794617841243507     
   6.2980564569190367        1.7494601269219547     
   6.2981342692900810        1.8194610111282459     
   6.2982151268868307        1.8894645380660493     
   6.2982990289895504        1.9594708090189712     
   6.2983859748513895        2.0294799252298921     
   6.2984759636983911        2.0994919878994640     
   6.2985689947294921        2.1695070981846030     
   6.2986650671165334        2.2395253571969902     
   6.2987641800042642        2.3095468660015639     
   6.2988663325103467        2.3795717256150200     
   6.3684744509895008       -1.8895473645793022     
   6.3683927169339798       -1.8195407762668512     
   6.3683140611121170       -1.7495368299758562     
   6.3682384842241397       -1.6795354244107619     
   6.3681659869428513       -1.6095364582383032     
   6.3680965699136305       -1.5395398300890095     
   6.3680302337544266       -1.4695454385587137     
   6.3679669790557512       -1.3995531822100551     
   6.3679068063806801       -1.3295629595739882     
   6.3678497162648453       -1.2595746691512881     
   6.3677957092164323       -1.1895882094140589     
   6.3677447857161775       -1.1196034788072402     
   6.3676969462173645       -1.0496203757501150     
   6.3676521911458179      -0.97963879863781811     
   6.3676105208999081      -0.90965864584284395     
   6.3675719358505392      -0.83967981571655459     
   6.3675364363411537      -0.76970220659068889     
   6.3675040226877258      -0.69972571677887097     
   6.3674746951787622      -0.62975024457811934     
   6.3674484540752987      -0.55977568827035595     
   6.3674252996108969      -0.48980194612391514     
   6.3674052319916461      -0.41982891639505360     
   6.3673882513961590      -0.34985649732945923     
   6.3673743579755708      -0.27988458716376136     
   6.3673635518535407      -0.20991308412703980     
   6.3673558331262470      -0.13994188644233510     
   6.3673512018623910       -6.9970892328158146E-002
   6.3673496581031923        0.0000000000000000     
   6.3673512018623910        6.9970892328158146E-002
   6.3673558331262470       0.13994188644233510     
   6.3673635518535407       0.20991308412703980     
   6.3673743579755708       0.27988458716376136     
   6.3673882513961590       0.34985649732945923     
   6.3674052319916461       0.41982891639505360     
   6.3674252996108969       0.48980194612391514     
   6.3674484540752987       0.55977568827035595     
   6.3674746951787622       0.62975024457811934     
   6.3675040226877258       0.69972571677887097     
   6.3675364363411537       0.76970220659068889     
   6.3675719358505392       0.83967981571655459     
   6.3676105208999081       0.90965864584284395     
   6.3676521911458179       0.97963879863781811     
   6.3676969462173645        1.0496203757501150     
   6.3677447857161775        1.1196034788072402     
   6.3677957092164323        1.1895882094140589     
   6.3678497162648453        1.2595746691512881     
   6.3679068063806801        1.3295629595739882     
   6.3679669790557512        1.3995531822100551     
   6.3680302337544266        1.4695454385587137     
   6.3680965699136305        1.5395398300890095     
   6.3681659869428513        1.6095364582383032     
   6.3682384842241397        1.6795354244107619     
   6.3683140611121170        1.7495368299758562     
   6.3683927169339798        1.8195407762668512     
   6.3684744509895008        1.8895473645793022     
   6.4381692251963214       -1.3296219052035880     
   6.4381115233880450       -1.2596305154454870     
   6.4380569376803116       -1.1896409558757097     
   6.4380054685590791       -1.1196531249667963     
   6.4379571164825533       -1.0496669211656335     
   6.4379118818811865      -0.97968224289496308     
   6.4378697651576751      -0.90969898855488884     
   6.4378307666869530      -0.83971705652438511     
   6.4377948868161923      -0.76973634516280554     
   6.4377621258648006      -0.69975675281139127     
   6.4377324841244175      -0.62977817779477996     
   6.4377059618589145      -0.55980051842251433     
   6.4376825593043909      -0.48982367299055141     
   6.4376622766691733      -0.41984753978277212     
   6.4376451141338151      -0.34987201707248988     
   6.4376310718510945      -0.27989700312396065     
   6.4376201499460119      -0.20992239619389166     
   6.4376123485157928      -0.13994809453295201     
   6.4376076676298819       -6.9973996387281329E-002
   6.4376061073299491        0.0000000000000000     
   6.4376076676298819        6.9973996387281329E-002
   6.4376123485157928       0.13994809453295201     
   6.4376201499460119       0.20992239619389166     
   6.4376310718510945       0.27989700312396065     
   6.4376451141338151       0.34987201707248988     
   6.4376622766691733       0.41984753978277212     
   6.4376825593043909       0.48982367299055141     
   6.4377059618589145       0.55980051842251433     
   6.4377324841244175       0.62977817779477996     
   6.4377621258648006       0.69975675281139127     
   6.4377948868161923       0.76973634516280554     
   6.4378307666869530       0.83971705652438511     
   6.4378697651576751       0.90969898855488884     
   6.4379118818811865       0.97968224289496308     
   6.4379571164825533        1.0496669211656335     
   6.4380054685590791        1.1196531249667963     
   6.4380569376803116        1.1896409558757097     
   6.4381115233880450        1.2596305154454870     
   6.4381692251963214        1.3296219052035880     
