 -0.45823212210121289       -3.5000000000000000     
 -0.44909410878745115       -3.4299858988760161     
 -0.44911925793580121       -3.4299725816161066     
 -0.44914144788979016       -3.4299608314704271     
 -0.44916067882607269       -3.4299506482973019     
 -0.44917695089772813       -3.4299420319739533     
 -0.44919026423428932       -3.4299349823964986     
 -0.44920061894172392       -3.4299294994799467     
 -0.44920801510245179       -3.4299255831581954     
 -0.44921245277534005       -3.4299232333840299     
 -0.44921393199571336       -3.4299224501291223     
 -0.44921245277534005       -3.4299232333840299     
 -0.44920801510245179       -3.4299255831581954     
 -0.44920061894172392       -3.4299294994799467     
 -0.44919026423428932       -3.4299349823964986     
 -0.44917695089772813       -3.4299420319739533     
 -0.44916067882607269       -3.4299506482973019     
 -0.44914144788979016       -3.4299608314704271     
 -0.44911925793580121       -3.4299725816161066     
 -0.44909410878745115       -3.4299858988760161     
 -0.41245510278658415       -3.1499755392597648     
 -0.41251080321293543       -3.1499460447072924     
 -0.41256378373392444       -3.1499179911682877     
 -0.41261404477155317       -3.1498913783043170     
 -0.41266158672609832       -3.1498662057943552     
 -0.41270640997614105       -3.1498424733347794     
 -0.41274851487857278       -3.1498201806393613     
 -0.41278790176859692       -3.1497993274392564     
 -0.41282457095974356       -3.1497799134829996     
 -0.41285852274388812       -3.1497619385364986     
 -0.41288975739124467       -3.1497454023830249     
 -0.41291827515038326       -3.1497303048232106     
 -0.41294407624823615       -3.1497166456750416     
 -0.41296716089009911       -3.1497044247738542     
 -0.41298752925964788       -3.1496936419723283     
 -0.41300518151892973       -3.1496842971404861     
 -0.41302011780837988       -3.1496763901656859     
 -0.41303233824682239       -3.1496699209526220     
 -0.41304184293146928       -3.1496648894233199     
 -0.41304863193792629       -3.1496612955171344     
 -0.41305270532019955       -3.1496591391907494     
 -0.41305406311069115       -3.1496584204181750     
 -0.41305270532019955       -3.1496591391907494     
 -0.41304863193792629       -3.1496612955171344     
 -0.41304184293146928       -3.1496648894233199     
 -0.41303233824682239       -3.1496699209526220     
 -0.41302011780837988       -3.1496763901656859     
 -0.41300518151892973       -3.1496842971404861     
 -0.41298752925964788       -3.1496936419723283     
 -0.41296716089009911       -3.1497044247738542     
 -0.41294407624823615       -3.1497166456750416     
 -0.41291827515038326       -3.1497303048232106     
 -0.41288975739124467       -3.1497454023830249     
 -0.41285852274388812       -3.1497619385364986     
 -0.41282457095974356       -3.1497799134829996     
 -0.41278790176859692       -3.1497993274392564     
 -0.41274851487857278       -3.1498201806393613     
 -0.41270640997614105       -3.1498424733347794     
 -0.41266158672609832       -3.1498662057943552     
 -0.41261404477155317       -3.1498913783043170     
 -0.41256378373392444       -3.1499179911682877     
 -0.41251080321293543       -3.1499460447072924     
 -0.41245510278658415       -3.1499755392597648     
 -0.40329076222806748       -3.0799753794103815     
 -0.40335053805747512       -3.0799437269107219     
 -0.40340765384945820       -3.0799134838626991     
 -0.40346211005902122       -3.0798846499014130     
 -0.40351390711991364       -3.0798572246790004     
 -0.40356304544465127       -3.0798312078646264     
 -0.40360952542452022       -3.0798065991444763     
 -0.40365334742958758       -3.0797833982217449     
 -0.40369451180872096       -3.0797616048166305     
 -0.40373301888959290       -3.0797412186663271     
 -0.40376886897868935       -3.0797222395250161     
 -0.40380206236131677       -3.0797046671638619     
 -0.40383259930162430       -3.0796885013710025     
 -0.40386048004258956       -3.0796737419515479     
 -0.40388570480604447       -3.0796603887275711     
 -0.40390827379267380       -3.0796484415381049     
 -0.40392818718202061       -3.0796379002391392     
 -0.40394544513249420       -3.0796287647036134     
 -0.40396004778137096       -3.0796210348214168     
 -0.40397199524480198       -3.0796147104993827     
 -0.40398128761781660       -3.0796097916612877     
 -0.40398792497432412       -3.0796062782478493     
 -0.40399190736711299       -3.0796041702167232     
 -0.40399323482785610       -3.0796034675425039     
 -0.40399190736711299       -3.0796041702167232     
 -0.40398792497432412       -3.0796062782478493     
 -0.40398128761781660       -3.0796097916612877     
 -0.40397199524480198       -3.0796147104993827     
 -0.40396004778137096       -3.0796210348214168     
 -0.40394544513249420       -3.0796287647036134     
 -0.40392818718202061       -3.0796379002391392     
 -0.40390827379267380       -3.0796484415381049     
 -0.40388570480604447       -3.0796603887275711     
 -0.40386048004258956       -3.0796737419515479     
 -0.40383259930162430       -3.0796885013710025     
 -0.40380206236131677       -3.0797046671638619     
 -0.40376886897868935       -3.0797222395250161     
 -0.40373301888959290       -3.0797412186663271     
 -0.40369451180872096       -3.0797616048166305     
 -0.40365334742958758       -3.0797833982217449     
 -0.40360952542452022       -3.0798065991444763     
 -0.40356304544465127       -3.0798312078646264     
 -0.40351390711991364       -3.0798572246790004     
 -0.40346211005902122       -3.0798846499014130     
 -0.40340765384945820       -3.0799134838626991     
 -0.40335053805747512       -3.0799437269107219     
 -0.40329076222806748       -3.0799753794103815     
 -0.39411337921045497       -3.0099821259298145     
 -0.39417698973680526       -3.0099484427203014     
 -0.39423800003013065       -3.0099161374515453     
 -0.39429641057654852       -3.0098852097337008     
 -0.39435222184138707       -3.0098556591935868     
 -0.39440543426919250       -3.0098274854746800     
 -0.39445604828375336       -3.0098006882371031     
 -0.39450406428810370       -3.0097752671576159     
 -0.39454948266453860       -3.0097512219296063     
 -0.39459230377462706       -3.0097285522630837     
 -0.39463252795921999       -3.0097072578846693     
 -0.39467015553845552       -3.0096873385375895     
 -0.39470518681178435       -3.0096687939816693     
 -0.39473762205795770       -3.0096516239933253     
 -0.39476746153505093       -3.0096358283655604     
 -0.39479470548046214       -3.0096214069079572     
 -0.39481935411092772       -3.0096083594466729     
 -0.39484140762251796       -3.0095966858244370     
 -0.39486086619065253       -3.0095863859005436     
 -0.39487772997009918       -3.0095774595508500     
 -0.39489199909498485       -3.0095699066677724     
 -0.39490367367878987       -3.0095637271602831     
 -0.39491275381435997       -3.0095589209539084     
 -0.39491923957390407       -3.0095554879907267     
 -0.39492313100900089       -3.0095534282293661     
 -0.39492442815059414       -3.0095527416450039     
 -0.39492313100900089       -3.0095534282293661     
 -0.39491923957390407       -3.0095554879907267     
 -0.39491275381435997       -3.0095589209539084     
 -0.39490367367878987       -3.0095637271602831     
 -0.39489199909498485       -3.0095699066677724     
 -0.39487772997009918       -3.0095774595508500     
 -0.39486086619065253       -3.0095863859005436     
 -0.39484140762251796       -3.0095966858244370     
 -0.39481935411092772       -3.0096083594466729     
 -0.39479470548046214       -3.0096214069079572     
 -0.39476746153505093       -3.0096358283655604     
 -0.39473762205795770       -3.0096516239933253     
 -0.39470518681178435       -3.0096687939816693     
 -0.39467015553845552       -3.0096873385375895     
 -0.39463252795921999       -3.0097072578846693     
 -0.39459230377462706       -3.0097285522630837     
 -0.39454948266453860       -3.0097512219296063     
 -0.39450406428810370       -3.0097752671576159     
 -0.39445604828375336       -3.0098006882371031     
 -0.39440543426919250       -3.0098274854746800     
 -0.39435222184138707       -3.0098556591935868     
 -0.39429641057654852       -3.0098852097337008     
 -0.39423800003013065       -3.0099161374515453     
 -0.39417698973680526       -3.0099484427203014     
 -0.39411337921045497       -3.0099821259298145     
 -0.36658569768097182       -2.7999999999999998     
 -0.36665694828590567       -2.7999622706555174     
 -0.36672577831985587       -2.7999258245195722     
 -0.36679218833153060       -2.7998906611521392     
 -0.36685617885024424       -2.7998567801287408     
 -0.36691775038592800       -2.7998241810404330     
 -0.36697690342914102       -2.7997928634937947     
 -0.36703363845109704       -2.7997628271109196     
 -0.36708795590366750       -2.7997340715294019     
 -0.36713985621939793       -2.7997065964023307     
 -0.36718933981152313       -2.7996804013982772     
 -0.36723640707397420       -2.7996554862012877     
 -0.36728105838139324       -2.7996318505108753     
 -0.36732329408914888       -2.7996094940420106     
 -0.36736311453333581       -2.7995884165251153     
 -0.36740052003079260       -2.7995686177060528     
 -0.36743551087911008       -2.7995500973461245     
 -0.36746808735664160       -2.7995328552220609     
 -0.36749824972250034       -2.7995168911260171     
 -0.36752599821658283       -2.7995022048655653     
 -0.36755133305956633       -2.7994887962636925     
 -0.36757425445291547       -2.7994766651587928     
 -0.36759476257889023       -2.7994658114046649     
 -0.36761285760055262       -2.7994562348705077     
 -0.36762853966176845       -2.7994479354409170     
 -0.36764180888721620       -2.7994409130158808     
 -0.36765266538238128       -2.7994351675107803     
 -0.36766110923356887       -2.7994306988563826     
 -0.36766714050790172       -2.7994275069988439     
 -0.36767075925332415       -2.7994255918997042     
 -0.36767196549860293       -2.7994249535358882     
 -0.36767075925332415       -2.7994255918997042     
 -0.36766714050790172       -2.7994275069988439     
 -0.36766110923356887       -2.7994306988563826     
 -0.36765266538238128       -2.7994351675107803     
 -0.36764180888721620       -2.7994409130158808     
 -0.36762853966176845       -2.7994479354409170     
 -0.36761285760055262       -2.7994562348705077     
 -0.36759476257889023       -2.7994658114046649     
 -0.36757425445291547       -2.7994766651587928     
 -0.36755133305956633       -2.7994887962636925     
 -0.36752599821658283       -2.7995022048655653     
 -0.36749824972250034       -2.7995168911260171     
 -0.36746808735664160       -2.7995328552220609     
 -0.36743551087911008       -2.7995500973461245     
 -0.36740052003079260       -2.7995686177060528     
 -0.36736311453333581       -2.7995884165251153     
 -0.36732329408914888       -2.7996094940420106     
 -0.36728105838139324       -2.7996318505108753     
 -0.36723640707397420       -2.7996554862012877     
 -0.36718933981152313       -2.7996804013982772     
 -0.36713985621939793       -2.7997065964023307     
 -0.36708795590366750       -2.7997340715294019     
 -0.36703363845109704       -2.7997628271109196     
 -0.36697690342914102       -2.7997928634937947     
 -0.36691775038592800       -2.7998241810404330     
 -0.36685617885024424       -2.7998567801287408     
 -0.36679218833153060       -2.7998906611521392     
 -0.36672577831985587       -2.7999258245195722     
 -0.36665694828590567       -2.7999622706555174     
 -0.36658569768097182       -2.7999999999999998     
 -0.35744224985123685       -2.7299887766564206     
 -0.35751407227351484       -2.7299507450107248     
 -0.35758353433326429       -2.7299139647386461     
 -0.35765063658427954       -2.7298784353960865     
 -0.35771537956142962       -2.7298441565541132     
 -0.35777776378067250       -2.7298111277989476     
 -0.35783778973907898       -2.7297793487319546     
 -0.35789545791483368       -2.7297488189696311     
 -0.35795076876726251       -2.7297195381435948     
 -0.35800372273684067       -2.7296915059005764     
 -0.35805432024519890       -2.7296647219024086     
 -0.35810256169514965       -2.7296391858260174     
 -0.35814844747068841       -2.7296148973634140     
 -0.35819197793700575       -2.7295918562216852     
 -0.35823315344050677       -2.7295700621229866     
 -0.35827197430880675       -2.7295495148045341     
 -0.35830844085075331       -2.7295302140185989     
 -0.35834255335642995       -2.7295121595324980     
 -0.35837431209716586       -2.7294953511285902     
 -0.35840371732554166       -2.7294797886042694     
 -0.35843076927540141       -2.7294654717719591     
 -0.35845546816185569       -2.7294524004591074     
 -0.35847781418128610       -2.7294405745081822     
 -0.35849780751135718       -2.7294299937766677     
 -0.35851544831101867       -2.7294206581370601     
 -0.35853073672050284       -2.7294125674768632     
 -0.35854367286134359       -2.7294057216985874     
 -0.35855425683636888       -2.7294001207197454     
 -0.35856248872970475       -2.7293957644728510     
 -0.35856836860678243       -2.7293926529054162     
 -0.35857189651433741       -2.7293907859799509     
 -0.35857307248040415       -2.7293901636739619     
 -0.35857189651433741       -2.7293907859799509     
 -0.35856836860678243       -2.7293926529054162     
 -0.35856248872970475       -2.7293957644728510     
 -0.35855425683636888       -2.7294001207197454     
 -0.35854367286134359       -2.7294057216985874     
 -0.35853073672050284       -2.7294125674768632     
 -0.35851544831101867       -2.7294206581370601     
 -0.35849780751135718       -2.7294299937766677     
 -0.35847781418128610       -2.7294405745081822     
 -0.35845546816185569       -2.7294524004591074     
 -0.35843076927540141       -2.7294654717719591     
 -0.35840371732554166       -2.7294797886042694     
 -0.35837431209716586       -2.7294953511285902     
 -0.35834255335642995       -2.7295121595324980     
 -0.35830844085075331       -2.7295302140185989     
 -0.35827197430880675       -2.7295495148045341     
 -0.35823315344050677       -2.7295700621229866     
 -0.35819197793700575       -2.7295918562216852     
 -0.35814844747068841       -2.7296148973634140     
 -0.35810256169514965       -2.7296391858260174     
 -0.35805432024519890       -2.7296647219024086     
 -0.35800372273684067       -2.7296915059005764     
 -0.35795076876726251       -2.7297195381435948     
 -0.35789545791483368       -2.7297488189696311     
 -0.35783778973907898       -2.7297793487319546     
 -0.35777776378067250       -2.7298111277989476     
 -0.35771537956142962       -2.7298441565541132     
 -0.35765063658427954       -2.7298784353960865     
 -0.35758353433326429       -2.7299139647386461     
 -0.35751407227351484       -2.7299507450107248     
 -0.35744224985123685       -2.7299887766564206     
 -0.34829312563054193       -2.6599805592680443     
 -0.34836539946720713       -2.6599422889798250     
 -0.34843537314110939       -2.6599052382372737     
 -0.34850304721016911       -2.6598694065929838     
 -0.34856842221385609       -2.6598347936143329     
 -0.34863149867320775       -2.6598013988834746     
 -0.34869227709084027       -2.6597692219973230     
 -0.34875075795096810       -2.6597382625675445     
 -0.34880694171941329       -2.6597085202205464     
 -0.34886082884361835       -2.6596799945974672     
 -0.34891241975266940       -2.6596526853541667     
 -0.34896171485729743       -2.6596265921612168     
 -0.34900871454989346       -2.6596017147038924     
 -0.34905341920452493       -2.6595780526821642     
 -0.34909582917693793       -2.6595556058106884     
 -0.34913594480457677       -2.6595343738188002     
 -0.34917376640658748       -2.6595143564505084     
 -0.34920929428382985       -2.6594955534644842     
 -0.34924252871888761       -2.6594779646340587     
 -0.34927346997606845       -2.6594615897472154     
 -0.34930211830142710       -2.6594464286065831     
 -0.34932847392275601       -2.6594324810294330     
 -0.34935253704960445       -2.6594197468476728     
 -0.34937430787327495       -2.6594082259078413     
 -0.34939378656683928       -2.6593979180711056     
 -0.34941097328513360       -2.6593888232132570     
 -0.34942586816476728       -2.6593809412247063     
 -0.34943847132413097       -2.6593742720104832     
 -0.34944878286338898       -2.6593688154902324     
 -0.34945680286449710       -2.6593645715982110     
 -0.34946253139119143       -2.6593615402832884     
 -0.34946596848899691       -2.6593597215089431     
 -0.34946711418523124       -2.6593591152532627     
 -0.34946596848899691       -2.6593597215089431     
 -0.34946253139119143       -2.6593615402832884     
 -0.34945680286449710       -2.6593645715982110     
 -0.34944878286338898       -2.6593688154902324     
 -0.34943847132413097       -2.6593742720104832     
 -0.34942586816476728       -2.6593809412247063     
 -0.34941097328513360       -2.6593888232132570     
 -0.34939378656683928       -2.6593979180711056     
 -0.34937430787327495       -2.6594082259078413     
 -0.34935253704960445       -2.6594197468476728     
 -0.34932847392275601       -2.6594324810294330     
 -0.34930211830142710       -2.6594464286065831     
 -0.34927346997606845       -2.6594615897472154     
 -0.34924252871888761       -2.6594779646340587     
 -0.34920929428382985       -2.6594955534644842     
 -0.34917376640658748       -2.6595143564505084     
 -0.34913594480457677       -2.6595343738188002     
 -0.34909582917693793       -2.6595556058106884     
 -0.34905341920452493       -2.6595780526821642     
 -0.34900871454989346       -2.6596017147038924     
 -0.34896171485729743       -2.6596265921612168     
 -0.34891241975266940       -2.6596526853541667     
 -0.34886082884361835       -2.6596799945974672     
 -0.34880694171941329       -2.6597085202205464     
 -0.34875075795096810       -2.6597382625675445     
 -0.34869227709084027       -2.6597692219973230     
 -0.34863149867320775       -2.6598013988834746     
 -0.34856842221385609       -2.6598347936143329     
 -0.34850304721016911       -2.6598694065929838     
 -0.34843537314110939       -2.6599052382372737     
 -0.34836539946720713       -2.6599422889798250     
 -0.34829312563054193       -2.6599805592680443     
 -0.31164711499310815       -2.3799739089107321     
 -0.31171999068769907       -2.3799353204548876     
 -0.31179080696992978       -2.3798978242718909     
 -0.31185956440470131       -2.3798614199087553     
 -0.31192626354035768       -2.3798261069257567     
 -0.31199090490870551       -2.3797918848964237     
 -0.31205348902502239       -2.3797587534075255     
 -0.31211401638808089       -2.3797267120590608     
 -0.31217248748015969       -2.3796957604642470     
 -0.31222890276705551       -2.3796658982495096     
 -0.31228326269810047       -2.3796371250544723     
 -0.31233556770617321       -2.3796094405319481     
 -0.31238581820770905       -2.3795828443479281     
 -0.31243401460271913       -2.3795573361815743     
 -0.31248015727479350       -2.3795329157252101     
 -0.31252424659112199       -2.3795095826843120     
 -0.31256628290249466       -2.3794873367775020     
 -0.31260626654332091       -2.3794661777365400     
 -0.31264419783163477       -2.3794461053063158     
 -0.31268007706910250       -2.3794271192448435     
 -0.31271390454103898       -2.3794092193232550     
 -0.31274568051640506       -2.3793924053257918     
 -0.31277540524782665       -2.3793766770498013     
 -0.31280307897159210       -2.3793620343057311     
 -0.31282870190766898       -2.3793484769171234     
 -0.31285227425969975       -2.3793360047206096     
 -0.31287379621501854       -2.3793246175659077     
 -0.31289326794464767       -2.3793143153158165     
 -0.31291068960330914       -2.3793050978462134     
 -0.31292606132942291       -2.3792969650460494     
 -0.31293938324511883       -2.3792899168173478     
 -0.31295065545623357       -2.3792839530752006     
 -0.31295987805231418       -2.3792790737477660     
 -0.31296705110662693       -2.3792752787762672     
 -0.31297217467615068       -2.3792725681149913     
 -0.31297524880158578       -2.3792709417312863     
 -0.31297627350735135       -2.3792703996055611     
 -0.31297524880158578       -2.3792709417312863     
 -0.31297217467615068       -2.3792725681149913     
 -0.31296705110662693       -2.3792752787762672     
 -0.31295987805231418       -2.3792790737477660     
 -0.31295065545623357       -2.3792839530752006     
 -0.31293938324511883       -2.3792899168173478     
 -0.31292606132942291       -2.3792969650460494     
 -0.31291068960330914       -2.3793050978462134     
 -0.31289326794464767       -2.3793143153158165     
 -0.31287379621501854       -2.3793246175659077     
 -0.31285227425969975       -2.3793360047206096     
 -0.31282870190766898       -2.3793484769171234     
 -0.31280307897159210       -2.3793620343057311     
 -0.31277540524782665       -2.3793766770498013     
 -0.31274568051640506       -2.3793924053257918     
 -0.31271390454103898       -2.3794092193232550     
 -0.31268007706910250       -2.3794271192448435     
 -0.31264419783163477       -2.3794461053063158     
 -0.31260626654332091       -2.3794661777365400     
 -0.31256628290249466       -2.3794873367775020     
 -0.31252424659112199       -2.3795095826843120     
 -0.31248015727479350       -2.3795329157252101     
 -0.31243401460271913       -2.3795573361815743     
 -0.31238581820770905       -2.3795828443479281     
 -0.31233556770617321       -2.3796094405319481     
 -0.31228326269810047       -2.3796371250544723     
 -0.31222890276705551       -2.3796658982495096     
 -0.31217248748015969       -2.3796957604642470     
 -0.31211401638808089       -2.3797267120590608     
 -0.31205348902502239       -2.3797587534075255     
 -0.31199090490870551       -2.3797918848964237     
 -0.31192626354035768       -2.3798261069257567     
 -0.31185956440470131       -2.3798614199087553     
 -0.31179080696992978       -2.3798978242718909     
 -0.31171999068769907       -2.3799353204548876     
 -0.31164711499310815       -2.3799739089107321     
 -0.30247504569359629       -2.3099778416251771     
 -0.30254777092670704       -2.3099393327088324     
 -0.30261849693247145       -2.3099018842491938     
 -0.30268722427515193       -2.3098654957937921     
 -0.30275395350292245       -2.3098301669030423     
 -0.30281868514790133       -2.3097958971502304     
 -0.30288141972614513       -2.3097626861215033     
 -0.30294215773768407       -2.3097305334158560     
 -0.30300089966652477       -2.3096994386451213     
 -0.30305764598066798       -2.3096694014339612     
 -0.30311239713212412       -2.3096404214198536     
 -0.30316515355692042       -2.3096124982530846     
 -0.30321591567512352       -2.3095856315967387     
 -0.30326468389084349       -2.3095598211266894     
 -0.30331145859224584       -2.3095350665315921     
 -0.30335624015157192       -2.3095113675128718     
 -0.30339902892513404       -2.3094887237847201     
 -0.30343982525334656       -2.3094671350740832     
 -0.30347862946071436       -2.3094466011206571     
 -0.30351544185585855       -2.3094271216768805     
 -0.30355026273151520       -2.3094086965079264     
 -0.30358309236455261       -2.3093913253916978     
 -0.30361393101597267       -2.3093750081188196     
 -0.30364277893091973       -2.3093597444926357     
 -0.30366963633868949       -2.3093455343292018     
 -0.30369450345273696       -2.3093323774572796     
 -0.30371738047067920       -2.3093202737183356     
 -0.30373826757430011       -2.3093092229665335     
 -0.30375716492956473       -2.3092992250687310     
 -0.30377407268661027       -2.3092902799044777     
 -0.30378899097976264       -2.3092823873660109     
 -0.30380191992753414       -2.3092755473582520     
 -0.30381285963262972       -2.3092697597988057     
 -0.30382181018194654       -2.3092650246179551     
 -0.30382877164657929       -2.3092613417586634     
 -0.30383374408182329       -2.3092587111765690     
 -0.30383672752717228       -2.3092571328399867     
 -0.30383772200632242       -2.3092566067299045     
 -0.30383672752717228       -2.3092571328399867     
 -0.30383374408182329       -2.3092587111765690     
 -0.30382877164657929       -2.3092613417586634     
 -0.30382181018194654       -2.3092650246179551     
 -0.30381285963262972       -2.3092697597988057     
 -0.30380191992753414       -2.3092755473582520     
 -0.30378899097976264       -2.3092823873660109     
 -0.30377407268661027       -2.3092902799044777     
 -0.30375716492956473       -2.3092992250687310     
 -0.30373826757430011       -2.3093092229665335     
 -0.30371738047067920       -2.3093202737183356     
 -0.30369450345273696       -2.3093323774572796     
 -0.30366963633868949       -2.3093455343292018     
 -0.30364277893091973       -2.3093597444926357     
 -0.30361393101597267       -2.3093750081188196     
 -0.30358309236455261       -2.3093913253916978     
 -0.30355026273151520       -2.3094086965079264     
 -0.30351544185585855       -2.3094271216768805     
 -0.30347862946071436       -2.3094466011206571     
 -0.30343982525334656       -2.3094671350740832     
 -0.30339902892513404       -2.3094887237847201     
 -0.30335624015157192       -2.3095113675128718     
 -0.30331145859224584       -2.3095350665315921     
 -0.30326468389084349       -2.3095598211266894     
 -0.30321591567512352       -2.3095856315967387     
 -0.30316515355692042       -2.3096124982530846     
 -0.30311239713212412       -2.3096404214198536     
 -0.30305764598066798       -2.3096694014339612     
 -0.30300089966652477       -2.3096994386451213     
 -0.30294215773768407       -2.3097305334158560     
 -0.30288141972614513       -2.3097626861215033     
 -0.30281868514790133       -2.3097958971502304     
 -0.30275395350292245       -2.3098301669030423     
 -0.30268722427515193       -2.3098654957937921     
 -0.30261849693247145       -2.3099018842491938     
 -0.30254777092670704       -2.3099393327088324     
 -0.30247504569359629       -2.3099778416251771     
 -0.29329947421519242       -2.2399836288573005     
 -0.29337192861260419       -2.2399452631160930     
 -0.29344244397048258       -2.2399079260131991     
 -0.29351102085149283       -2.2398716170974367     
 -0.29357765980268957       -2.2398363359301245     
 -0.29364236135554078       -2.2398020820850721     
 -0.29370512602593357       -2.2397688551485695     
 -0.29376595431419750       -2.2397366547193740     
 -0.29382484670511477       -2.2397054804087007     
 -0.29388180366793581       -2.2396753318402109     
 -0.29393682565639700       -2.2396462086500035     
 -0.29398991310872269       -2.2396181104866040     
 -0.29404106644765293       -2.2395910370109546     
 -0.29409028608044174       -2.2395649878964066     
 -0.29413757239888172       -2.2395399628287112     
 -0.29418292577930583       -2.2395159615060094     
 -0.29422634658260272       -2.2394929836388262     
 -0.29426783515422517       -2.2394710289500610     
 -0.29430739182420673       -2.2394500971749820     
 -0.29434501690716153       -2.2394301880612173     
 -0.29438071070229843       -2.2394113013687478     
 -0.29441447349343175       -2.2393934368699031     
 -0.29444630554898876       -2.2393765943493542     
 -0.29447620712201106       -2.2393607736041061     
 -0.29450417845017274       -2.2393459744434954     
 -0.29453021975577842       -2.2393321966891819     
 -0.29455433124577213       -2.2393194401751471     
 -0.29457651311174970       -2.2393077047476870     
 -0.29459676552995262       -2.2392969902654092     
 -0.29461508866128128       -2.2392872965992296     
 -0.29463148265130346       -2.2392786236323676     
 -0.29464594763024476       -2.2392709712603440     
 -0.29465848371300640       -2.2392643393909779     
 -0.29466909099916005       -2.2392587279443843     
 -0.29467776957295522       -2.2392541368529715     
 -0.29468451950331964       -2.2392505660614397     
 -0.29468934084386045       -2.2392480155267802     
 -0.29469223363287056       -2.2392464852182719     
 -0.29469319789332049       -2.2392459751174840     
 -0.29469223363287056       -2.2392464852182719     
 -0.29468934084386045       -2.2392480155267802     
 -0.29468451950331964       -2.2392505660614397     
 -0.29467776957295522       -2.2392541368529715     
 -0.29466909099916005       -2.2392587279443843     
 -0.29465848371300640       -2.2392643393909779     
 -0.29464594763024476       -2.2392709712603440     
 -0.29463148265130346       -2.2392786236323676     
 -0.29461508866128128       -2.2392872965992296     
 -0.29459676552995262       -2.2392969902654092     
 -0.29457651311174970       -2.2393077047476870     
 -0.29455433124577213       -2.2393194401751471     
 -0.29453021975577842       -2.2393321966891819     
 -0.29450417845017274       -2.2393459744434954     
 -0.29447620712201106       -2.2393607736041061     
 -0.29444630554898876       -2.2393765943493542     
 -0.29441447349343175       -2.2393934368699031     
 -0.29438071070229843       -2.2394113013687478     
 -0.29434501690716153       -2.2394301880612173     
 -0.29430739182420673       -2.2394500971749820     
 -0.29426783515422517       -2.2394710289500610     
 -0.29422634658260272       -2.2394929836388262     
 -0.29418292577930583       -2.2395159615060094     
 -0.29413757239888172       -2.2395399628287112     
 -0.29409028608044174       -2.2395649878964066     
 -0.29404106644765293       -2.2395910370109546     
 -0.29398991310872269       -2.2396181104866040     
 -0.29393682565639700       -2.2396462086500035     
 -0.29388180366793581       -2.2396753318402109     
 -0.29382484670511477       -2.2397054804087007     
 -0.29376595431419750       -2.2397366547193740     
 -0.29370512602593357       -2.2397688551485695     
 -0.29364236135554078       -2.2398020820850721     
 -0.29357765980268957       -2.2398363359301245     
 -0.29351102085149283       -2.2398716170974367     
 -0.29344244397048258       -2.2399079260131991     
 -0.29337192861260419       -2.2399452631160930     
 -0.29329947421519242       -2.2399836288573005     
 -0.26582628750728121       -2.0299726462252501     
 -0.26589544860678660       -2.0299360250620699     
 -0.26596285181828683       -2.0299003366104347     
 -0.26602849767974091       -2.0298655804389765     
 -0.26609238671494184       -2.0298317561276766     
 -0.26615451943352930       -2.0297988632678505     
 -0.26621489633100981       -2.0297669014621400     
 -0.26627351788876519       -2.0297358703245005     
 -0.26633038457406744       -2.0297057694801910     
 -0.26638549684009982       -2.0296765985657643     
 -0.26643885512595955       -2.0296483572290578     
 -0.26649045985667819       -2.0296210451291818     
 -0.26654031144323187       -2.0295946619365135     
 -0.26658841028255131       -2.0295692073326856     
 -0.26663475675753889       -2.0295446810105782     
 -0.26667935123707087       -2.0295210826743113     
 -0.26667935123707087       -2.0295210826743113     
 -0.26663475675753889       -2.0295446810105782     
 -0.26658841028255131       -2.0295692073326856     
 -0.26654031144323187       -2.0295946619365135     
 -0.26649045985667819       -2.0296210451291818     
 -0.26643885512595955       -2.0296483572290578     
 -0.26638549684009982       -2.0296765985657643     
 -0.26633038457406744       -2.0297057694801910     
 -0.26627351788876519       -2.0297358703245005     
 -0.26621489633100981       -2.0297669014621400     
 -0.26615451943352930       -2.0297988632678505     
 -0.26609238671494184       -2.0298317561276766     
 -0.26602849767974091       -2.0298655804389765     
 -0.26596285181828683       -2.0299003366104347     
 -0.26589544860678660       -2.0299360250620699     
 -0.26582628750728121       -2.0299726462252501     
 -0.25663957596331577       -1.9599843323520609     
 -0.25670804482389942       -1.9599480771637006     
 -0.25677481600922625       -1.9599127228484723     
 -0.25683989005231500       -1.9598782689789822     
 -0.25690326747248560       -1.9598447151388019     
 -0.25696494877538356       -1.9598120609224574     
 -0.25702493445299646       -1.9597803059354180     
 -0.25708322498365987       -1.9597494497940857     
 -0.25713982083208187       -1.9597194921257852     
 -0.25719472244934827       -1.9596904325687530     
 -0.25724793027293624       -1.9596622707721285     
 -0.25729944472673583       -1.9596350063959442     
 -0.25734926622105170       -1.9596086391111167     
 -0.25739739515262272       -1.9595831685994374     
 -0.25744383190462927       -1.9595585945535641     
 -0.25748857684670790       -1.9595349166770131     
 -0.25753163033495619       -1.9595121346841511     
 -0.25757299271195055       -1.9594902483001870     
 -0.25761266430675378       -1.9594692572611652     
 -0.25765064543491989       -1.9594491613139577     
 -0.25768693639850970       -1.9594299602162584     
 -0.25772153748609750       -1.9594116537365756     
 -0.25775444897278077       -1.9593942416542258     
 -0.25778567112018136       -1.9593777237593288     
 -0.25781520417646386       -1.9593620998528007     
 -0.25784304837633587       -1.9593473697463499     
 -0.25786920394105639       -1.9593335332624704     
 -0.25789367107844030       -1.9593205902344388     
 -0.25791644998287033       -1.9593085405063086     
 -0.25793754083529596       -1.9592973839329066     
 -0.25795694380324452       -1.9592871203798286     
 -0.25797465904082095       -1.9592777497234359     
 -0.25799068668871405       -1.9592692718508526     
 -0.25800502687420446       -1.9592616866599617     
 -0.25801767971116152       -1.9592549940594024     
 -0.25802864530005287       -1.9592491939685688     
 -0.25803792372794199       -1.9592442863176061     
 -0.25804551506849660       -1.9592402710474097     
 -0.25805141938198561       -1.9592371481096240     
 -0.25805563671528242       -1.9592349174666395     
 -0.25805816710186891       -1.9592335790915938     
 -0.25805901056183256       -1.9592331329683694     
 -0.25805816710186891       -1.9592335790915938     
 -0.25805563671528242       -1.9592349174666395     
 -0.25805141938198561       -1.9592371481096240     
 -0.25804551506849660       -1.9592402710474097     
 -0.25803792372794199       -1.9592442863176061     
 -0.25802864530005287       -1.9592491939685688     
 -0.25801767971116152       -1.9592549940594024     
 -0.25800502687420446       -1.9592616866599617     
 -0.25799068668871405       -1.9592692718508526     
 -0.25797465904082095       -1.9592777497234359     
 -0.25795694380324452       -1.9592871203798286     
 -0.25793754083529596       -1.9592973839329066     
 -0.25791644998287033       -1.9593085405063086     
 -0.25789367107844030       -1.9593205902344388     
 -0.25786920394105639       -1.9593335332624704     
 -0.25784304837633587       -1.9593473697463499     
 -0.25781520417646386       -1.9593620998528007     
 -0.25778567112018136       -1.9593777237593288     
 -0.25775444897278077       -1.9593942416542258     
 -0.25772153748609750       -1.9594116537365756     
 -0.25768693639850970       -1.9594299602162584     
 -0.25765064543491989       -1.9594491613139577     
 -0.25761266430675378       -1.9594692572611652     
 -0.25757299271195055       -1.9594902483001870     
 -0.25753163033495619       -1.9595121346841511     
 -0.25748857684670790       -1.9595349166770131     
 -0.25744383190462927       -1.9595585945535641     
 -0.25739739515262272       -1.9595831685994374     
 -0.25734926622105170       -1.9596086391111167     
 -0.25729944472673583       -1.9596350063959442     
 -0.25724793027293624       -1.9596622707721285     
 -0.25719472244934827       -1.9596904325687530     
 -0.25713982083208187       -1.9597194921257852     
 -0.25708322498365987       -1.9597494497940857     
 -0.25702493445299646       -1.9597803059354180     
 -0.25696494877538356       -1.9598120609224574     
 -0.25690326747248560       -1.9598447151388019     
 -0.25683989005231500       -1.9598782689789822     
 -0.25677481600922625       -1.9599127228484723     
 -0.25670804482389942       -1.9599480771637006     
 -0.25663957596331577       -1.9599843323520609     
 -0.24745105221806396       -1.8899969782971802     
 -0.24751870839646006       -1.8899611527746645     
 -0.24758472712378277       -1.8899261962776941     
 -0.24764910892714376       -1.8898921083836167     
 -0.24771185432043730       -1.8898588886803633     
 -0.24777296380435732       -1.8898265367664380     
 -0.24783243786641496       -1.8897950522509050     
 -0.24789027698094590       -1.8897644347533809     
 -0.24794648160913235       -1.8897346839040221     
 -0.24800105219901081       -1.8897057993435162     
 -0.24805398918548516       -1.8896777807230718     
 -0.24810529299034556       -1.8896506277044085     
 -0.24815496402227333       -1.8896243399597494     
 -0.24820300267685824       -1.8895989171718108     
 -0.24824940933660544       -1.8895743590337939     
 -0.24829418437095629       -1.8895506652493770     
 -0.24833732813628195       -1.8895278355327074     
 -0.24837884097591090       -1.8895058696083937     
 -0.24841872322013181       -1.8894847672114976     
 -0.24845697518620136       -1.8894645280875284     
 -0.24849359717835684       -1.8894451519924345     
 -0.24852858948782552       -1.8894266386925980     
 -0.24856195239282863       -1.8894089879648273     
 -0.24859368615859623       -1.8893921995963525     
 -0.24862379103736698       -1.8893762733848187     
 -0.24865226726840417       -1.8893612091382805     
 -0.24867911507799545       -1.8893470066751978     
 -0.24870433467946373       -1.8893336658244295     
 -0.24872792627316964       -1.8893211864252302     
 -0.24874989004652659       -1.8893095683272452     
 -0.24877022617398881       -1.8892988113905067     
 -0.24878893481707642       -1.8892889154854295     
 -0.24880601612436593       -1.8892798804928088     
 -0.24882147023150347       -1.8892717063038156     
 -0.24883529726120002       -1.8892643928199944     
 -0.24884749732324196       -1.8892579399532607     
 -0.24885807051449360       -1.8892523476258984     
 -0.24886701691889468       -1.8892476157705576     
 -0.24887433660747105       -1.8892437443302532     
 -0.24888002963832956       -1.8892407332583629     
 -0.24888409605666384       -1.8892385825186264     
 -0.24888653589475207       -1.8892372920851443     
 -0.24888734917196365       -1.8892368619423767     
 -0.24888653589475207       -1.8892372920851443     
 -0.24888409605666384       -1.8892385825186264     
 -0.24888002963832956       -1.8892407332583629     
 -0.24887433660747105       -1.8892437443302532     
 -0.24886701691889468       -1.8892476157705576     
 -0.24885807051449360       -1.8892523476258984     
 -0.24884749732324196       -1.8892579399532607     
 -0.24883529726120002       -1.8892643928199944     
 -0.24882147023150347       -1.8892717063038156     
 -0.24880601612436593       -1.8892798804928088     
 -0.24878893481707642       -1.8892889154854295     
 -0.24877022617398881       -1.8892988113905067     
 -0.24874989004652659       -1.8893095683272452     
 -0.24872792627316964       -1.8893211864252302     
 -0.24870433467946373       -1.8893336658244295     
 -0.24867911507799545       -1.8893470066751978     
 -0.24865226726840417       -1.8893612091382805     
 -0.24862379103736698       -1.8893762733848187     
 -0.24859368615859623       -1.8893921995963525     
 -0.24856195239282863       -1.8894089879648273     
 -0.24852858948782552       -1.8894266386925980     
 -0.24849359717835684       -1.8894451519924345     
 -0.24845697518620136       -1.8894645280875284     
 -0.24841872322013181       -1.8894847672114976     
 -0.24837884097591090       -1.8895058696083937     
 -0.24833732813628195       -1.8895278355327074     
 -0.24829418437095629       -1.8895506652493770     
 -0.24824940933660544       -1.8895743590337939     
 -0.24820300267685824       -1.8895989171718108     
 -0.24815496402227333       -1.8896243399597494     
 -0.24810529299034556       -1.8896506277044085     
 -0.24805398918548516       -1.8896777807230718     
 -0.24800105219901081       -1.8897057993435162     
 -0.24794648160913235       -1.8897346839040221     
 -0.24789027698094590       -1.8897644347533809     
 -0.24783243786641496       -1.8897950522509050     
 -0.24777296380435732       -1.8898265367664380     
 -0.24771185432043730       -1.8898588886803633     
 -0.24764910892714376       -1.8898921083836167     
 -0.24758472712378277       -1.8899261962776941     
 -0.24751870839646006       -1.8899611527746645     
 -0.24745105221806396       -1.8899969782971802     
 -0.21081108025558026       -1.6099871301463358     
 -0.21087148838820968       -1.6099551432880361     
 -0.21093050109573253       -1.6099238971594345     
 -0.21098811884944957       -1.6098933913826368     
 -0.21104434210938128       -1.6098636255887790     
 -0.21109917132428357       -1.6098345994180174     
 -0.21115260693166471       -1.6098063125195197     
 -0.21120464935779193       -1.6097787645514539     
 -0.21125529901770523       -1.6097519551809805     
 -0.21130455631523870       -1.6097258840842432     
 -0.21135242164301582       -1.6097005509463593     
 -0.21139889538247481       -1.6096759554614126     
 -0.21144397790387615       -1.6096520973324440     
 -0.21148766956630904       -1.6096289762714442     
 -0.21152997071770674       -1.6096065919993452     
 -0.21157088169485605       -1.6095849442460135     
 -0.21161040282340426       -1.6095640327502430     
 -0.21164853441787512       -1.6095438572597467     
 -0.21168527678166882       -1.6095244175311514     
 -0.21172063020707865       -1.6095057133299899     
 -0.21175459497529570       -1.6094877444306963     
 -0.21178717135642122       -1.6094705106165976     
 -0.21181835960946560       -1.6094540116799101     
 -0.21184815998236717       -1.6094382474217326     
 -0.21187657271199112       -1.6094232176520411     
 -0.21190359802414016       -1.6094089221896848     
 -0.21192923613356296       -1.6093953608623792     
 -0.21195348724395280       -1.6093825335067036     
 -0.21197635154796379       -1.6093704399680950     
 -0.21199782922720689       -1.6093590801008455     
 -0.21201792045226275       -1.6093484537680971     
 -0.21203662538268198       -1.6093385608418382     
 -0.21205394416699286       -1.6093294012029016     
 -0.21206987694270230       -1.6093209747409587     
 -0.21208442383630333       -1.6093132813545192     
 -0.21209758496327624       -1.6093063209509266     
 -0.21210936042809458       -1.6093000934463566     
 -0.21211975032422337       -1.6092945987658145     
 -0.21212875473413018       -1.6092898368431328     
 -0.21213637372927630       -1.6092858076209706     
 -0.21214260737013024       -1.6092825110508109     
 -0.21214745570616045       -1.6092799470929600     
 -0.21215091877584524       -1.6092781157165454     
 -0.21215299660666331       -1.6092770168995170     
 -0.21215368921510369       -1.6092766506286442     
 -0.21215299660666331       -1.6092770168995170     
 -0.21215091877584524       -1.6092781157165454     
 -0.21214745570616045       -1.6092799470929600     
 -0.21214260737013024       -1.6092825110508109     
 -0.21213637372927630       -1.6092858076209706     
 -0.21212875473413018       -1.6092898368431328     
 -0.21211975032422337       -1.6092945987658145     
 -0.21210936042809458       -1.6093000934463566     
 -0.21209758496327624       -1.6093063209509266     
 -0.21208442383630333       -1.6093132813545192     
 -0.21206987694270230       -1.6093209747409587     
 -0.21205394416699286       -1.6093294012029016     
 -0.21203662538268198       -1.6093385608418382     
 -0.21201792045226275       -1.6093484537680971     
 -0.21199782922720689       -1.6093590801008455     
 -0.21197635154796379       -1.6093704399680950     
 -0.21195348724395280       -1.6093825335067036     
 -0.21192923613356296       -1.6093953608623792     
 -0.21190359802414016       -1.6094089221896848     
 -0.21187657271199112       -1.6094232176520411     
 -0.21184815998236717       -1.6094382474217326     
 -0.21181835960946560       -1.6094540116799101     
 -0.21178717135642122       -1.6094705106165976     
 -0.21175459497529570       -1.6094877444306963     
 -0.21172063020707865       -1.6095057133299899     
 -0.21168527678166882       -1.6095244175311514     
 -0.21164853441787512       -1.6095438572597467     
 -0.21161040282340426       -1.6095640327502430     
 -0.21157088169485605       -1.6095849442460135     
 -0.21152997071770674       -1.6096065919993452     
 -0.21148766956630904       -1.6096289762714442     
 -0.21144397790387615       -1.6096520973324440     
 -0.21139889538247481       -1.6096759554614126     
 -0.21135242164301582       -1.6097005509463593     
 -0.21130455631523870       -1.6097258840842432     
 -0.21125529901770523       -1.6097519551809805     
 -0.21120464935779193       -1.6097787645514539     
 -0.21115260693166471       -1.6098063125195197     
 -0.21109917132428357       -1.6098345994180174     
 -0.21104434210938128       -1.6098636255887790     
 -0.21098811884944957       -1.6098933913826368     
 -0.21093050109573253       -1.6099238971594345     
 -0.21087148838820968       -1.6099551432880361     
 -0.21081108025558026       -1.6099871301463358     
 -0.20167526902873689       -1.5399718634553610     
 -0.20173304727172248       -1.5399412700963120     
 -0.20178949084039677       -1.5399113851971049     
 -0.20184460018550787       -1.5398822083963193     
 -0.20189837574701675       -1.5398537393411713     
 -0.20195081795411474       -1.5398259776875045     
 -0.20200192722522980       -1.5397989230997806     
 -0.20205170396804406       -1.5397725752510696     
 -0.20210014857950109       -1.5397469338230418     
 -0.20214726144582218       -1.5397219985059589     
 -0.20219304294251406       -1.5396977689986655     
 -0.20223749343438091       -1.5396742450085812     
 -0.20228061327553903       -1.5396514262516927     
 -0.20232240280941971       -1.5396293124525460     
 -0.20236286236878476       -1.5396079033442389     
 -0.20240199227573585       -1.5395871986684144     
 -0.20243979284172187       -1.5395671981752526     
 -0.20247626436754951       -1.5395479016234652     
 -0.20251140714339200       -1.5395293087802886     
 -0.20254522144879550       -1.5395114194214770     
 -0.20257770755269178       -1.5394942333312973     
 -0.20260886571340109       -1.5394777503025225     
 -0.20263869617864505       -1.5394619701364269     
 -0.20266719918554599       -1.5394468926427802     
 -0.20269437496064491       -1.5394325176398425     
 -0.20272022371989729       -1.5394188449543595     
 -0.20274474566868572       -1.5394058744215575     
 -0.20276794100182371       -1.5393936058851401     
 -0.20278980990356366       -1.5393820391972821     
 -0.20281035254759927       -1.5393711742186276     
 -0.20282956909707250       -1.5393610108182847     
 -0.20284745970457685       -1.5393515488738225     
 -0.20286402451216223       -1.5393427882712682     
 -0.20287926365134301       -1.5393347289051036     
 -0.20289317724309441       -1.5393273706782622     
 -0.20290576539786254       -1.5393207135021270     
 -0.20291702821556390       -1.5393147572965278     
 -0.20292696578559033       -1.5393095019897391     
 -0.20293557818681141       -1.5393049475184781     
 -0.20294286548757356       -1.5393010938279037     
 -0.20294882774570899       -1.5392979408716136     
 -0.20295346500852873       -1.5392954886116443     
 -0.20295677731283157       -1.5392937370184701     
 -0.20295876468489982       -1.5392926860710012     
 -0.20295942714050419       -1.5392923357565842     
 -0.20295876468489982       -1.5392926860710012     
 -0.20295677731283157       -1.5392937370184701     
 -0.20295346500852873       -1.5392954886116443     
 -0.20294882774570899       -1.5392979408716136     
 -0.20294286548757356       -1.5393010938279037     
 -0.20293557818681141       -1.5393049475184781     
 -0.20292696578559033       -1.5393095019897391     
 -0.20291702821556390       -1.5393147572965278     
 -0.20290576539786254       -1.5393207135021270     
 -0.20289317724309441       -1.5393273706782622     
 -0.20287926365134301       -1.5393347289051036     
 -0.20286402451216223       -1.5393427882712682     
 -0.20284745970457685       -1.5393515488738225     
 -0.20282956909707250       -1.5393610108182847     
 -0.20281035254759927       -1.5393711742186276     
 -0.20278980990356366       -1.5393820391972821     
 -0.20276794100182371       -1.5393936058851401     
 -0.20274474566868572       -1.5394058744215575     
 -0.20272022371989729       -1.5394188449543595     
 -0.20269437496064491       -1.5394325176398425     
 -0.20266719918554599       -1.5394468926427802     
 -0.20263869617864505       -1.5394619701364269     
 -0.20260886571340109       -1.5394777503025225     
 -0.20257770755269178       -1.5394942333312973     
 -0.20254522144879550       -1.5395114194214770     
 -0.20251140714339200       -1.5395293087802886     
 -0.20247626436754951       -1.5395479016234652     
 -0.20243979284172187       -1.5395671981752526     
 -0.20240199227573585       -1.5395871986684144     
 -0.20236286236878476       -1.5396079033442389     
 -0.20232240280941971       -1.5396293124525460     
 -0.20228061327553903       -1.5396514262516927     
 -0.20223749343438091       -1.5396742450085812     
 -0.20219304294251406       -1.5396977689986655     
 -0.20214726144582218       -1.5397219985059589     
 -0.20210014857950109       -1.5397469338230418     
 -0.20205170396804406       -1.5397725752510696     
 -0.20200192722522980       -1.5397989230997806     
 -0.20195081795411474       -1.5398259776875045     
 -0.20189837574701675       -1.5398537393411713     
 -0.20184460018550787       -1.5398822083963193     
 -0.20178949084039677       -1.5399113851971049     
 -0.20173304727172248       -1.5399412700963120     
 -0.20167526902873689       -1.5399718634553610     
 -0.19247904796707260       -1.4699885849878902     
 -0.19253547115542280       -1.4699587082071972     
 -0.19259061996904947       -1.4699295079782635     
 -0.19264449484846313       -1.4699009839478843     
 -0.19269709622387121       -1.4698731357711072     
 -0.19274842451518404       -1.4698459631112237     
 -0.19279848013203038       -1.4698194656397585     
 -0.19284726347376968       -1.4697936430364618     
 -0.19289477492950402       -1.4697684949893004     
 -0.19294101487808657       -1.4697440211944492     
 -0.19298598368813580       -1.4697202213562834     
 -0.19302968171804524       -1.4696970951873694     
 -0.19307210931599461       -1.4696746424084581     
 -0.19311326681996022       -1.4696528627484775     
 -0.19315315455772186       -1.4696317559445244     
 -0.19319177284687661       -1.4696113217418583     
 -0.19322912199484499       -1.4695915598938936     
 -0.19326520229888233       -1.4695724701621939     
 -0.19330001404608632       -1.4695540523164650     
 -0.19333355751340520       -1.4695363061345492     
 -0.19336583296764576       -1.4695192314024181     
 -0.19339684066548313       -1.4695028279141689     
 -0.19342658085346520       -1.4694870954720165     
 -0.19345505376802175       -1.4694720338862903     
 -0.19348225963547194       -1.4694576429754274     
 -0.19350819867202840       -1.4694439225659692     
 -0.19353287108380579       -1.4694308724925556     
 -0.19355627706682821       -1.4694184925979210     
 -0.19357841680702936       -1.4694067827328900     
 -0.19359929048026503       -1.4693957427563737     
 -0.19361889825231193       -1.4693853725353654     
 -0.19363724027887708       -1.4693756719449373     
 -0.19365431670559996       -1.4693666408682373     
 -0.19367012766805769       -1.4693582791964854     
 -0.19368467329176875       -1.4693505868289718     
 -0.19369795369219656       -1.4693435636730523     
 -0.19370996897475323       -1.4693372096441477     
 -0.19372071923480161       -1.4693315246657410     
 -0.19373020455765966       -1.4693265086693750     
 -0.19373842501860228       -1.4693221615946499     
 -0.19374538068286196       -1.4693184833892234     
 -0.19375107160563387       -1.4693154740088081     
 -0.19375549783207391       -1.4693131334171698     
 -0.19375865939730330       -1.4693114615861282     
 -0.19376055632640687       -1.4693104584955545     
 -0.19376118863443548       -1.4693101241333717     
 -0.19376055632640687       -1.4693104584955545     
 -0.19375865939730330       -1.4693114615861282     
 -0.19375549783207391       -1.4693131334171698     
 -0.19375107160563387       -1.4693154740088081     
 -0.19374538068286196       -1.4693184833892234     
 -0.19373842501860228       -1.4693221615946499     
 -0.19373020455765966       -1.4693265086693750     
 -0.19372071923480161       -1.4693315246657410     
 -0.19370996897475323       -1.4693372096441477     
 -0.19369795369219656       -1.4693435636730523     
 -0.19368467329176875       -1.4693505868289718     
 -0.19367012766805769       -1.4693582791964854     
 -0.19365431670559996       -1.4693666408682373     
 -0.19363724027887708       -1.4693756719449373     
 -0.19361889825231193       -1.4693853725353654     
 -0.19359929048026503       -1.4693957427563737     
 -0.19357841680702936       -1.4694067827328900     
 -0.19355627706682821       -1.4694184925979210     
 -0.19353287108380579       -1.4694308724925556     
 -0.19350819867202840       -1.4694439225659692     
 -0.19348225963547194       -1.4694576429754274     
 -0.19345505376802175       -1.4694720338862903     
 -0.19342658085346520       -1.4694870954720165     
 -0.19339684066548313       -1.4695028279141689     
 -0.19336583296764576       -1.4695192314024181     
 -0.19333355751340520       -1.4695363061345492     
 -0.19330001404608632       -1.4695540523164650     
 -0.19326520229888233       -1.4695724701621939     
 -0.19322912199484499       -1.4695915598938936     
 -0.19319177284687661       -1.4696113217418583     
 -0.19315315455772186       -1.4696317559445244     
 -0.19311326681996022       -1.4696528627484775     
 -0.19307210931599461       -1.4696746424084581     
 -0.19302968171804524       -1.4696970951873694     
 -0.19298598368813580       -1.4697202213562834     
 -0.19294101487808657       -1.4697440211944492     
 -0.19289477492950402       -1.4697684949893004     
 -0.19284726347376968       -1.4697936430364618     
 -0.19279848013203038       -1.4698194656397585     
 -0.19274842451518404       -1.4698459631112237     
 -0.19269709622387121       -1.4698731357711072     
 -0.19264449484846313       -1.4699009839478843     
 -0.19259061996904947       -1.4699295079782635     
 -0.19253547115542280       -1.4699587082071972     
 -0.19247904796707260       -1.4699885849878902     
 -0.16499617014384604       -1.2599827340461425     
 -0.16504561790862082       -1.2599565513217268     
 -0.16509397313644869       -1.2599309486718926     
 -0.16509397313644869       -1.2599309486718926     
 -0.16504561790862082       -1.2599565513217268     
 -0.16499617014384604       -1.2599827340461425     
 -0.15579994804499164       -1.1899994564105185     
 -0.15584767870901395       -1.1899741819120269     
 -0.15589437720763666       -1.1899494555223118     
 -0.15594004391401906       -1.1899252769421840     
 -0.15598467919295733       -1.1899016458791467     
 -0.15602828340089925       -1.1898785620473895     
 -0.15607085688595035       -1.1898560251677797     
 -0.15611239998788795       -1.1898340349678547     
 -0.15615291303817003       -1.1898125911818145     
 -0.15619239635994231       -1.1897916935505159     
 -0.15623085026805184       -1.1897713418214633     
 -0.15626827506905361       -1.1897515357488040     
 -0.15630467106122015       -1.1897322750933197     
 -0.15634003853455170       -1.1897135596224218     
 -0.15637437777078134       -1.1896953891101438     
 -0.15640768904338609       -1.1896777633371360     
 -0.15643997261759512       -1.1896606820906588     
 -0.15647122875039732       -1.1896441451645776     
 -0.15650145769054524       -1.1896281523593577     
 -0.15653065967856716       -1.1896127034820576     
 -0.15655883494677325       -1.1895977983463248     
 -0.15658598371925803       -1.1895834367723905     
 -0.15661210621191435       -1.1895696185870648     
 -0.15663720263243364       -1.1895563436237320     
 -0.15666127318031298       -1.1895436117223459     
 -0.15668431804686378       -1.1895314227294262     
 -0.15670633741521489       -1.1895197764980538     
 -0.15672733146031748       -1.1895086728878665     
 -0.15674730034895412       -1.1894981117650563     
 -0.15676624423973773       -1.1894880930023648     
 -0.15678416328312150       -1.1894786164790800     
 -0.15680105762140006       -1.1894696820810340     
 -0.15681692738871544       -1.1894612897005985     
 -0.15683177271105930       -1.1894534392366827     
 -0.15684559370627849       -1.1894461305947304     
 -0.15685839048407701       -1.1894393636867180     
 -0.15687016314601965       -1.1894331384311509     
 -0.15688091178553520       -1.1894274547530630     
 -0.15689063648792012       -1.1894223125840127     
 -0.15689933733033845       -1.1894177118620832     
 -0.15690701438182719       -1.1894136525318788     
 -0.15691366770329340       -1.1894101345445252     
 -0.15691929734752330       -1.1894071578576668     
 -0.15692390335917872       -1.1894047224354665     
 -0.15692748577479754       -1.1894028282486040     
 -0.15693004462279858       -1.1894014752742756     
 -0.15693157992348028       -1.1894006634961938     
 -0.15693209168902089       -1.1894003929045858     
 -0.15693157992348028       -1.1894006634961938     
 -0.15693004462279858       -1.1894014752742756     
 -0.15692748577479754       -1.1894028282486040     
 -0.15692390335917872       -1.1894047224354665     
 -0.15691929734752330       -1.1894071578576668     
 -0.15691366770329340       -1.1894101345445252     
 -0.15690701438182719       -1.1894136525318788     
 -0.15689933733033845       -1.1894177118620832     
 -0.15689063648792012       -1.1894223125840127     
 -0.15688091178553520       -1.1894274547530630     
 -0.15687016314601965       -1.1894331384311509     
 -0.15685839048407701       -1.1894393636867180     
 -0.15684559370627849       -1.1894461305947304     
 -0.15683177271105930       -1.1894534392366827     
 -0.15681692738871544       -1.1894612897005985     
 -0.15680105762140006       -1.1894696820810340     
 -0.15678416328312150       -1.1894786164790800     
 -0.15676624423973773       -1.1894880930023648     
 -0.15674730034895412       -1.1894981117650563     
 -0.15672733146031748       -1.1895086728878665     
 -0.15670633741521489       -1.1895197764980538     
 -0.15668431804686378       -1.1895314227294262     
 -0.15666127318031298       -1.1895436117223459     
 -0.15663720263243364       -1.1895563436237320     
 -0.15661210621191435       -1.1895696185870648     
 -0.15658598371925803       -1.1895834367723905     
 -0.15655883494677325       -1.1895977983463248     
 -0.15653065967856716       -1.1896127034820576     
 -0.15650145769054524       -1.1896281523593577     
 -0.15647122875039732       -1.1896441451645776     
 -0.15643997261759512       -1.1896606820906588     
 -0.15640768904338609       -1.1896777633371360     
 -0.15637437777078134       -1.1896953891101438     
 -0.15634003853455170       -1.1897135596224218     
 -0.15630467106122015       -1.1897322750933197     
 -0.15626827506905361       -1.1897515357488040     
 -0.15623085026805184       -1.1897713418214633     
 -0.15619239635994231       -1.1897916935505159     
 -0.15615291303817003       -1.1898125911818145     
 -0.15611239998788795       -1.1898340349678547     
 -0.15607085688595035       -1.1898560251677797     
 -0.15602828340089925       -1.1898785620473895     
 -0.15598467919295733       -1.1899016458791467     
 -0.15594004391401906       -1.1899252769421840     
 -0.15589437720763666       -1.1899494555223118     
 -0.15584767870901395       -1.1899741819120269     
 -0.15579994804499164       -1.1899994564105185     
 -0.14665118626475149       -1.1199910470583205     
 -0.14669610727606741       -1.1199672608722853     
 -0.14674005688040581       -1.1199439905190329     
 -0.14678303542894067       -1.1199212357169983     
 -0.14682504326497758       -1.1198989961909152     
 -0.14686608072396301       -1.1198772716718091     
 -0.14690614813349601       -1.1198560618969904     
 -0.14694524581333390       -1.1198353666100462     
 -0.14698337407540807       -1.1198151855608347     
 -0.14702053322382669       -1.1197955185054773     
 -0.14705672355488619       -1.1197763652063526     
 -0.14709194535708336       -1.1197577254320901     
 -0.14712619891111600       -1.1197395989575634     
 -0.14715948448990046       -1.1197219855638849     
 -0.14719180235857143       -1.1197048850383990     
 -0.14722315277449405       -1.1196882971746771     
 -0.14725353598727275       -1.1196722217725117     
 -0.14728295223875321       -1.1196566586379113     
 -0.14731140176303603       -1.1196416075830946     
 -0.14733888478647794       -1.1196270684264857     
 -0.14736540152770072       -1.1196130409927099     
 -0.14739095219760046       -1.1195995251125879     
 -0.14741553699934784       -1.1195865206231319     
 -0.14743915612839786       -1.1195740273675407     
 -0.14746180977249568       -1.1195620451951966     
 -0.14748349811168238       -1.1195505739616598     
 -0.14750422131829732       -1.1195396135286657     
 -0.14752397955698382       -1.1195291637641209     
 -0.14754277298469975       -1.1195192245420991     
 -0.14756060175071284       -1.1195097957428386     
 -0.14757746599661192       -1.1195008772527382     
 -0.14759336585630900       -1.1194924689643548     
 -0.14760830145604353       -1.1194845707764007     
 -0.14762227291438412       -1.1194771825937397     
 -0.14763528034223439       -1.1194703043273859     
 -0.14764732384283530       -1.1194639358945004     
 -0.14765840351176918       -1.1194580772183900     
 -0.14766851943695969       -1.1194527282285036     
 -0.14767767169867818       -1.1194478888604322     
 -0.14768586036954212       -1.1194435590559058     
 -0.14769308551452098       -1.1194397387627921     
 -0.14769934719093558       -1.1194364279350955     
 -0.14770464544846096       -1.1194336265329559     
 -0.14770898032912616       -1.1194313345226468     
 -0.14771235186731924       -1.1194295518765756     
 -0.14771476008978379       -1.1194282785732814     
 -0.14771620501562110       -1.1194275145974364     
 -0.14771668665629434       -1.1194272599398432     
 -0.14771620501562110       -1.1194275145974364     
 -0.14771476008978379       -1.1194282785732814     
 -0.14771235186731924       -1.1194295518765756     
 -0.14770898032912616       -1.1194313345226468     
 -0.14770464544846096       -1.1194336265329559     
 -0.14769934719093558       -1.1194364279350955     
 -0.14769308551452098       -1.1194397387627921     
 -0.14768586036954212       -1.1194435590559058     
 -0.14767767169867818       -1.1194478888604322     
 -0.14766851943695969       -1.1194527282285036     
 -0.14765840351176918       -1.1194580772183900     
 -0.14764732384283530       -1.1194639358945004     
 -0.14763528034223439       -1.1194703043273859     
 -0.14762227291438412       -1.1194771825937397     
 -0.14760830145604353       -1.1194845707764007     
 -0.14759336585630900       -1.1194924689643548     
 -0.14757746599661192       -1.1195008772527382     
 -0.14756060175071284       -1.1195097957428386     
 -0.14754277298469975       -1.1195192245420991     
 -0.14752397955698382       -1.1195291637641209     
 -0.14750422131829732       -1.1195396135286657     
 -0.14748349811168238       -1.1195505739616598     
 -0.14746180977249568       -1.1195620451951966     
 -0.14743915612839786       -1.1195740273675407     
 -0.14741553699934784       -1.1195865206231319     
 -0.14739095219760046       -1.1195995251125879     
 -0.14736540152770072       -1.1196130409927099     
 -0.14733888478647794       -1.1196270684264857     
 -0.14731140176303603       -1.1196416075830946     
 -0.14728295223875321       -1.1196566586379113     
 -0.14725353598727275       -1.1196722217725117     
 -0.14722315277449405       -1.1196882971746771     
 -0.14719180235857143       -1.1197048850383990     
 -0.14715948448990046       -1.1197219855638849     
 -0.14712619891111600       -1.1197395989575634     
 -0.14709194535708336       -1.1197577254320901     
 -0.14705672355488619       -1.1197763652063526     
 -0.14702053322382669       -1.1197955185054773     
 -0.14698337407540807       -1.1198151855608347     
 -0.14694524581333390       -1.1198353666100462     
 -0.14690614813349601       -1.1198560618969904     
 -0.14686608072396301       -1.1198772716718091     
 -0.14682504326497758       -1.1198989961909152     
 -0.14678303542894067       -1.1199212357169983     
 -0.14674005688040581       -1.1199439905190329     
 -0.14669610727606741       -1.1199672608722853     
 -0.14665118626475149       -1.1199910470583205     
 -0.10999454853476576      -0.83999002403536993     
 -0.11002896300394283      -0.83997180140674998     
 -0.11006264875763216      -0.83995396578126169     
 -0.11009560606503688      -0.83993651694306626     
 -0.11012783518945024      -0.83991945468105311     
 -0.11015933638826736      -0.83990277878883501     
 -0.11019010991299061      -0.83988648906474195     
 -0.11022015600923785      -0.83987058531181580     
 -0.11024947491675030      -0.83985506733780513     
 -0.11027806686939734      -0.83983993495515985     
 -0.11030593209518713      -0.83982518798102612     
 -0.11033307081626986      -0.83981082623724168     
 -0.11035948324894507      -0.83979684955033085     
 -0.11038516960366851      -0.83978325775149965     
 -0.11041013008505951      -0.83977005067663169     
 -0.11043436489190461      -0.83975722816628351     
 -0.11045787421716480      -0.83974479006568004     
 -0.11048065824798048      -0.83973273622471101     
 -0.11050271716567894      -0.83972106649792622     
 -0.11052405114577579      -0.83970978074453240     
 -0.11054466035798394      -0.83969887882838845     
 -0.11056454496621715      -0.83968836061800300     
 -0.11058370512859439      -0.83967822598652953     
 -0.11060214099744314      -0.83966847481176399     
 -0.11061985271930852      -0.83965910697614110     
 -0.11063684043495259      -0.83965012236673109     
 -0.11065310427936159      -0.83964152087523714     
 -0.11066864438174739      -0.83963330239799172     
 -0.11068346086555358      -0.83962546683595440     
 -0.11069755384845781      -0.83961801409470915     
 -0.11071092344237676      -0.83961094408446146     
 -0.11072356975346609      -0.83960425672003625     
 -0.11073549288212681      -0.83959795192087527     
 -0.11074669292300765      -0.83959202961103541     
 -0.11075716996500595      -0.83958648971918626     
 -0.11076692409127242      -0.83958133217860820     
 -0.11077595537921303      -0.83957655692719091     
 -0.11078426390048968      -0.83957216390743150     
 -0.11079184972102463      -0.83956815306643284     
 -0.11079871290100074      -0.83956452435590245     
 -0.11080485349486457      -0.83956127773215106     
 -0.11081027155132661      -0.83955841315609114     
 -0.11081496711336380      -0.83955593059323652     
 -0.11081894021821903      -0.83955383001370076     
 -0.11082219089740597      -0.83955211139219699     
 -0.11082471917670522      -0.83955077470803652     
 -0.11082652507616808      -0.83954981994512912     
 -0.11082760861011776      -0.83954924709198164     
 -0.11082796978714571      -0.83954905614169872     
 -0.11082760861011776      -0.83954924709198164     
 -0.11082652507616808      -0.83954981994512912     
 -0.11082471917670522      -0.83955077470803652     
 -0.11082219089740597      -0.83955211139219699     
 -0.11081894021821903      -0.83955383001370076     
 -0.11081496711336380      -0.83955593059323652     
 -0.11081027155132661      -0.83955841315609114     
 -0.11080485349486457      -0.83956127773215106     
 -0.11079871290100074      -0.83956452435590245     
 -0.11079184972102463      -0.83956815306643284     
 -0.11078426390048968      -0.83957216390743150     
 -0.11077595537921303      -0.83957655692719091     
 -0.11076692409127242      -0.83958133217860820     
 -0.11075716996500595      -0.83958648971918626     
 -0.11074669292300765      -0.83959202961103541     
 -0.11073549288212681      -0.83959795192087527     
 -0.11072356975346609      -0.83960425672003625     
 -0.11071092344237676      -0.83961094408446146     
 -0.11069755384845781      -0.83961801409470915     
 -0.11068346086555358      -0.83962546683595440     
 -0.11066864438174739      -0.83963330239799172     
 -0.11065310427936159      -0.83964152087523714     
 -0.11063684043495259      -0.83965012236673109     
 -0.11061985271930852      -0.83965910697614110     
 -0.11060214099744314      -0.83966847481176399     
 -0.11058370512859439      -0.83967822598652953     
 -0.11056454496621715      -0.83968836061800300     
 -0.11054466035798394      -0.83969887882838845     
 -0.11052405114577579      -0.83970978074453240     
 -0.11050271716567894      -0.83972106649792622     
 -0.11048065824798048      -0.83973273622471101     
 -0.11045787421716480      -0.83974479006568004     
 -0.11043436489190461      -0.83975722816628351     
 -0.11041013008505951      -0.83977005067663169     
 -0.11038516960366851      -0.83978325775149965     
 -0.11035948324894507      -0.83979684955033085     
 -0.11033307081626986      -0.83981082623724168     
 -0.11030593209518713      -0.83982518798102612     
 -0.11027806686939734      -0.83983993495515985     
 -0.11024947491675030      -0.83985506733780513     
 -0.11022015600923785      -0.83987058531181580     
 -0.11019010991299061      -0.83988648906474195     
 -0.11015933638826736      -0.83990277878883501     
 -0.11012783518945024      -0.83991945468105311     
 -0.11009560606503688      -0.83993651694306626     
 -0.11006264875763216      -0.83995396578126169     
 -0.11002896300394283      -0.83997180140674998     
 -0.10999454853476576      -0.83999002403536993     
 -0.10083597411871748      -0.76998681092844923     
 -0.10086751975300401      -0.76997010762413798     
 -0.10089839741861617      -0.76995375905625540     
 -0.10092860736230413      -0.76993776502696165     
 -0.10095814982540607      -0.76992212534275062     
 -0.10098702504385004      -0.76990683981444574     
 -0.10101523324816497      -0.76989190825719422     
 -0.10104277466348621      -0.76987733049046247     
 -0.10106964950956032      -0.76986310633803057     
 -0.10109585800075438      -0.76984923562798846     
 -0.10112140034606087      -0.76983571819273056     
 -0.10114627674910381      -0.76982255386895149     
 -0.10117048740814527      -0.76980974249764167     
 -0.10119403251608927      -0.76979728392408286     
 -0.10121691226049123      -0.76978517799784429     
 -0.10123912682355962      -0.76977342457277853     
 -0.10126067638216374      -0.76976202350701728     
 -0.10128156110783770      -0.76975097466296782     
 -0.10130178116678601      -0.76974027790730926     
 -0.10132133671988786      -0.76972993311098881     
 -0.10134022792270347      -0.76971994014921841     
 -0.10135845492547579      -0.76971029890147136     
 -0.10137601787313733      -0.76970100925147933     
 -0.10139291690531438      -0.76969207108722859     
 -0.10140915215632929      -0.76968348430095768     
 -0.10142472375520539      -0.76967524878915416     
 -0.10143963182567173      -0.76966736445255179     
 -0.10145387648616433      -0.76965983119612802     
 -0.10146745784983313      -0.76965264892910157     
 -0.10148037602454196      -0.76964581756492945     
 -0.10149263111287332      -0.76963933702130527     
 -0.10150422321213026      -0.76963320722015660     
 -0.10151515241434161      -0.76962742808764306     
 -0.10152541880626198      -0.76962199955415433     
 -0.10153502246937574      -0.76961692155430828     
 -0.10154396347989902      -0.76961219402694903     
 -0.10155224190878220      -0.76960781691514557     
 -0.10155985782171173      -0.76960379016619029     
 -0.10156681127911127      -0.76960011373159698     
 -0.10157310233614625      -0.76959678756710048     
 -0.10157873104272053      -0.76959381163265439     
 -0.10158369744348461      -0.76959118589243114     
 -0.10158800157782977      -0.76958891031482013     
 -0.10159164347989413      -0.76958698487242716     
 -0.10159462317856194      -0.76958540954207388     
 -0.10159694069746517      -0.76958418430479714     
 -0.10159859605498289      -0.76958330914584827     
 -0.10159958926424251      -0.76958278405469260     
 -0.10159992033312037      -0.76958260902500963     
 -0.10159958926424251      -0.76958278405469260     
 -0.10159859605498289      -0.76958330914584827     
 -0.10159694069746517      -0.76958418430479714     
 -0.10159462317856194      -0.76958540954207388     
 -0.10159164347989413      -0.76958698487242716     
 -0.10158800157782977      -0.76958891031482013     
 -0.10158369744348461      -0.76959118589243114     
 -0.10157873104272053      -0.76959381163265439     
 -0.10157310233614625      -0.76959678756710048     
 -0.10156681127911127      -0.76960011373159698     
 -0.10155985782171173      -0.76960379016619029     
 -0.10155224190878220      -0.76960781691514557     
 -0.10154396347989902      -0.76961219402694903     
 -0.10153502246937574      -0.76961692155430828     
 -0.10152541880626198      -0.76962199955415433     
 -0.10151515241434161      -0.76962742808764306     
 -0.10150422321213026      -0.76963320722015660     
 -0.10149263111287332      -0.76963933702130527     
 -0.10148037602454196      -0.76964581756492945     
 -0.10146745784983313      -0.76965264892910157     
 -0.10145387648616433      -0.76965983119612802     
 -0.10143963182567173      -0.76966736445255179     
 -0.10142472375520539      -0.76967524878915416     
 -0.10140915215632929      -0.76968348430095768     
 -0.10139291690531438      -0.76969207108722859     
 -0.10137601787313733      -0.76970100925147933     
 -0.10135845492547579      -0.76971029890147136     
 -0.10134022792270347      -0.76971994014921841     
 -0.10132133671988786      -0.76972993311098881     
 -0.10130178116678601      -0.76974027790730926     
 -0.10128156110783770      -0.76975097466296782     
 -0.10126067638216374      -0.76976202350701728     
 -0.10123912682355962      -0.76977342457277853     
 -0.10121691226049123      -0.76978517799784429     
 -0.10119403251608927      -0.76979728392408286     
 -0.10117048740814527      -0.76980974249764167     
 -0.10114627674910381      -0.76982255386895149     
 -0.10112140034606087      -0.76983571819273056     
 -0.10109585800075438      -0.76984923562798846     
 -0.10106964950956032      -0.76986310633803057     
 -0.10104277466348621      -0.76987733049046247     
 -0.10101523324816497      -0.76989190825719422     
 -0.10098702504385004      -0.76990683981444574     
 -0.10095814982540607      -0.76992212534275062     
 -0.10092860736230413      -0.76993776502696165     
 -0.10089839741861617      -0.76995375905625540     
 -0.10086751975300401      -0.76997010762413798     
 -0.10083597411871748      -0.76998681092844923     
  -9.1675407005859300E-002 -0.69998465304052371     
  -9.1704084056383306E-002 -0.69996946885911182     
  -9.1732153879690359E-002 -0.69995460715171576     
  -9.1759616700085145E-002 -0.69994006773849116     
  -9.1786472736952174E-002 -0.69992585044353350     
  -9.1812722204758668E-002 -0.69991195509487369     
  -9.1838365313063663E-002 -0.69989838152447337     
  -9.1863402266521565E-002 -0.69988512956822002     
  -9.1887833264891472E-002 -0.69987219906592313     
  -9.1911658503040061E-002 -0.69985958986130958     
  -9.1934878170948919E-002 -0.69984730180201904     
  -9.1957492453718537E-002 -0.69983533473960069     
  -9.1979501531576524E-002 -0.69982368852950849     
  -9.2000905579880277E-002 -0.69981236303109740     
  -9.2021704769123081E-002 -0.69980135810761990     
  -9.2041899264939442E-002 -0.69979067362622216     
  -9.2061489228109861E-002 -0.69978030945794023     
  -9.2080474814564606E-002 -0.69977026547769705     
  -9.2098856175389154E-002 -0.69976054156429845     
  -9.2116633456829078E-002 -0.69975113760043040     
  -9.2133806800293150E-002 -0.69974205347265561     
  -9.2150376342357898E-002 -0.69973328907141064     
  -9.2166342214773045E-002 -0.69972484429100279     
  -9.2181704544462284E-002 -0.69971671902960730     
  -9.2196463453529276E-002 -0.69970891318926465     
  -9.2210619059262089E-002 -0.69970142667587787     
  -9.2224171474133865E-002 -0.69969425939921004     
  -9.2237120805807815E-002 -0.69968741127288203     
  -9.2249467157140441E-002 -0.69968088221436975     
  -9.2261210626184087E-002 -0.69967467214500245     
  -9.2272351306189271E-002 -0.69966878098996033     
  -9.2282889285609015E-002 -0.69966320867827225     
  -9.2292824648099958E-002 -0.69965795514281470     
  -9.2302157472525570E-002 -0.69965302032030896     
  -9.2310887832957600E-002 -0.69964840415131990     
  -9.2319015798679072E-002 -0.69964410658025467     
  -9.2326541434187059E-002 -0.69964012755536076     
  -9.2333464799192244E-002 -0.69963646702872451     
  -9.2339785948622244E-002 -0.69963312495627039     
  -9.2345504932623723E-002 -0.69963010129775927     
  -9.2350621796562615E-002 -0.69962739601678781     
  -9.2355136581025565E-002 -0.69962500908078695     
  -9.2359049321821596E-002 -0.69962294046102158     
  -9.2362360049984327E-002 -0.69962119013258928     
  -9.2365068791769867E-002 -0.69961975807442001     
  -9.2367175568660032E-002 -0.69961864426927534     
  -9.2368680397362457E-002 -0.69961784870374832     
  -9.2369583289810597E-002 -0.69961737136826252     
  -9.2369884253164392E-002 -0.69961721225707230     
  -9.2369583289810597E-002 -0.69961737136826252     
  -9.2368680397362457E-002 -0.69961784870374832     
  -9.2367175568660032E-002 -0.69961864426927534     
  -9.2365068791769867E-002 -0.69961975807442001     
  -9.2362360049984327E-002 -0.69962119013258928     
  -9.2359049321821596E-002 -0.69962294046102158     
  -9.2355136581025565E-002 -0.69962500908078695     
  -9.2350621796562615E-002 -0.69962739601678781     
  -9.2345504932623723E-002 -0.69963010129775927     
  -9.2339785948622244E-002 -0.69963312495627039     
  -9.2333464799192244E-002 -0.69963646702872451     
  -9.2326541434187059E-002 -0.69964012755536076     
  -9.2319015798679072E-002 -0.69964410658025467     
  -9.2310887832957600E-002 -0.69964840415131990     
  -9.2302157472525570E-002 -0.69965302032030896     
  -9.2292824648099958E-002 -0.69965795514281470     
  -9.2282889285609015E-002 -0.69966320867827225     
  -9.2272351306189271E-002 -0.69966878098996033     
  -9.2261210626184087E-002 -0.69967467214500245     
  -9.2249467157140441E-002 -0.69968088221436975     
  -9.2237120805807815E-002 -0.69968741127288203     
  -9.2224171474133865E-002 -0.69969425939921004     
  -9.2210619059262089E-002 -0.69970142667587787     
  -9.2196463453529276E-002 -0.69970891318926465     
  -9.2181704544462284E-002 -0.69971671902960730     
  -9.2166342214773045E-002 -0.69972484429100279     
  -9.2150376342357898E-002 -0.69973328907141064     
  -9.2133806800293150E-002 -0.69974205347265561     
  -9.2116633456829078E-002 -0.69975113760043040     
  -9.2098856175389154E-002 -0.69976054156429845     
  -9.2080474814564606E-002 -0.69977026547769705     
  -9.2061489228109861E-002 -0.69978030945794023     
  -9.2041899264939442E-002 -0.69979067362622216     
  -9.2021704769123081E-002 -0.69980135810761990     
  -9.2000905579880277E-002 -0.69981236303109740     
  -9.1979501531576524E-002 -0.69982368852950849     
  -9.1957492453718537E-002 -0.69983533473960069     
  -9.1934878170948919E-002 -0.69984730180201904     
  -9.1911658503040061E-002 -0.69985958986130958     
  -9.1887833264891472E-002 -0.69987219906592313     
  -9.1863402266521565E-002 -0.69988512956822002     
  -9.1838365313063663E-002 -0.69989838152447337     
  -9.1812722204758668E-002 -0.69991195509487369     
  -9.1786472736952174E-002 -0.69992585044353350     
  -9.1759616700085145E-002 -0.69994006773849116     
  -9.1732153879690359E-002 -0.69995460715171576     
  -9.1704084056383306E-002 -0.69996946885911182     
  -9.1675407005859300E-002 -0.69998465304052371     
  -5.4999266795029145E-002 -0.41999395693436342     
  -5.5016836007516834E-002 -0.41998465402721524     
  -5.5034040777300175E-002 -0.41997554468978038     
  -5.5050881241894278E-002 -0.41996662881180402     
  -5.5067357535857397E-002 -0.41995790628539814     
  -5.5083469790794704E-002 -0.41994937700503820     
  -5.5099218135362837E-002 -0.41994104086756051     
  -5.5114602695273462E-002 -0.41993289777215931     
  -5.5129623593297261E-002 -0.41992494762038429     
  -5.5144280949265490E-002 -0.41991719031613750     
  -5.5158574880077360E-002 -0.41990962576567126     
  -5.5172505499700153E-002 -0.41990225387758512     
  -5.5186072919173879E-002 -0.41989507456282388     
  -5.5199277246614109E-002 -0.41988808773467479     
  -5.5212118587215864E-002 -0.41988129330876545     
  -5.5224597043256274E-002 -0.41987469120306137     
  -5.5236712714097080E-002 -0.41986828133786402     
  -5.5248465696188798E-002 -0.41986206363580830     
  -5.5259856083071601E-002 -0.41985603802186089     
  -5.5270883965380324E-002 -0.41985020442331772     
  -5.5281549430845622E-002 -0.41984456276980259     
  -5.5291852564297084E-002 -0.41983911299326476     
  -5.5301793447665282E-002 -0.41983385502797743     
  -5.5311372159984551E-002 -0.41982878881053587     
  -5.5320588777395763E-002 -0.41982391427985583     
  -5.5329443373147491E-002 -0.41981923137717153     
  -5.5337936017599010E-002 -0.41981474004603464     
  -5.5346066778221237E-002 -0.41981044023231223     
  -5.5353835719600786E-002 -0.41980633188418570     
  -5.5361242903439412E-002 -0.41980241495214915     
  -5.5368288388557507E-002 -0.41979868938900827     
  -5.5374972230895769E-002 -0.41979515514987870     
  -5.5381294483515475E-002 -0.41979181219218537     
  -5.5387255196600815E-002 -0.41978866047566077     
  -5.5392854417461612E-002 -0.41978569996234433     
  -5.5398092190532489E-002 -0.41978293061658123     
  -5.5402968557375754E-002 -0.41978035240502126     
  -5.5407483556682013E-002 -0.41977796529661826     
  -5.5411637224270782E-002 -0.41977576926262911     
  -5.5415429593093091E-002 -0.41977376427661295     
  -5.5418860693230876E-002 -0.41977195031443049     
  -5.5421930551898702E-002 -0.41977032735424336     
  -5.5424639193444036E-002 -0.41976889537651363     
  -5.5426986639348863E-002 -0.41976765436400304     
  -5.5428972908228791E-002 -0.41976660430177276     
  -5.5430598015835109E-002 -0.41976574517718301     
  -5.5431861975054675E-002 -0.41976507697989246     
  -5.5432764795909917E-002 -0.41976459970185825     
  -5.5433306485559442E-002 -0.41976431333733560     
  -5.5433487048298646E-002 -0.41976421788287771     
  -5.5433306485559442E-002 -0.41976431333733560     
  -5.5432764795909917E-002 -0.41976459970185825     
  -5.5431861975054675E-002 -0.41976507697989246     
  -5.5430598015835109E-002 -0.41976574517718301     
  -5.5428972908228791E-002 -0.41976660430177276     
  -5.5426986639348863E-002 -0.41976765436400304     
  -5.5424639193444036E-002 -0.41976889537651363     
  -5.5421930551898702E-002 -0.41977032735424336     
  -5.5418860693230876E-002 -0.41977195031443049     
  -5.5415429593093091E-002 -0.41977376427661295     
  -5.5411637224270782E-002 -0.41977576926262911     
  -5.5407483556682013E-002 -0.41977796529661826     
  -5.5402968557375754E-002 -0.41978035240502126     
  -5.5398092190532489E-002 -0.41978293061658123     
  -5.5392854417461612E-002 -0.41978569996234433     
  -5.5387255196600815E-002 -0.41978866047566077     
  -5.5381294483515475E-002 -0.41979181219218537     
  -5.5374972230895769E-002 -0.41979515514987870     
  -5.5368288388557507E-002 -0.41979868938900827     
  -5.5361242903439412E-002 -0.41980241495214915     
  -5.5353835719600786E-002 -0.41980633188418570     
  -5.5346066778221237E-002 -0.41981044023231223     
  -5.5337936017599010E-002 -0.41981474004603464     
  -5.5329443373147491E-002 -0.41981923137717153     
  -5.5320588777395763E-002 -0.41982391427985583     
  -5.5311372159984551E-002 -0.41982878881053587     
  -5.5301793447665282E-002 -0.41983385502797743     
  -5.5291852564297084E-002 -0.41983911299326476     
  -5.5281549430845622E-002 -0.41984456276980259     
  -5.5270883965380324E-002 -0.41985020442331772     
  -5.5259856083071601E-002 -0.41985603802186089     
  -5.5248465696188798E-002 -0.41986206363580830     
  -5.5236712714097080E-002 -0.41986828133786402     
  -5.5224597043256274E-002 -0.41987469120306137     
  -5.5212118587215864E-002 -0.41988129330876545     
  -5.5199277246614109E-002 -0.41988808773467479     
  -5.5186072919173879E-002 -0.41989507456282388     
  -5.5172505499700153E-002 -0.41990225387758512     
  -5.5158574880077360E-002 -0.41990962576567126     
  -5.5144280949265490E-002 -0.41991719031613750     
  -5.5129623593297261E-002 -0.41992494762038429     
  -5.5114602695273462E-002 -0.41993289777215931     
  -5.5099218135362837E-002 -0.41994104086756051     
  -5.5083469790794704E-002 -0.41994937700503820     
  -5.5067357535857397E-002 -0.41995790628539814     
  -5.5050881241894278E-002 -0.41996662881180402     
  -5.5034040777300175E-002 -0.41997554468978038     
  -5.5016836007516834E-002 -0.41998465402721524     
  -5.4999266795029145E-002 -0.41999395693436342     
  -4.5834382744666224E-002 -0.34999408489530132     
  -4.5849023541441380E-002 -0.34998633264401741     
  -4.5863360640426509E-002 -0.34997874169725179     
  -4.5877394156213724E-002 -0.34997131196312836     
  -4.5891124200931277E-002 -0.34996404335174286     
  -4.5904550884246775E-002 -0.34995693577516096     
  -4.5917674313370405E-002 -0.34994998914741537     
  -4.5930494593058813E-002 -0.34994320338450385     
  -4.5943011825616997E-002 -0.34993657840438686     
  -4.5955226110901970E-002 -0.34993011412698510     
  -4.5967137546326253E-002 -0.34992381047417787     
  -4.5978746226859324E-002 -0.34991766736980034     
  -4.5990052245031443E-002 -0.34991168473964213     
  -4.6001055690936543E-002 -0.34990586251144462     
  -4.6011756652233948E-002 -0.34990020061489963     
  -4.6022155214151927E-002 -0.34989469898164710     
  -4.6032251459489471E-002 -0.34988935754527356     
  -4.6042045468618675E-002 -0.34988417624131002     
  -4.6051537319488300E-002 -0.34987915500723044     
  -4.6060727087624209E-002 -0.34987429378245005     
  -4.6069614846133033E-002 -0.34986959250832361     
  -4.6078200665704006E-002 -0.34986505112814392     
  -4.6086484614610068E-002 -0.34986066958714029     
  -4.6094466758711761E-002 -0.34985644783247699     
  -4.6102147161457052E-002 -0.34985238581325184     
  -4.6109525883884672E-002 -0.34984848348049502     
  -4.6116602984625166E-002 -0.34984474078716749     
  -4.6123378519903113E-002 -0.34984115768815988     
  -4.6129852543538574E-002 -0.34983773414029129     
  -4.6136025106948308E-002 -0.34983447010230800     
  -4.6141896259147608E-002 -0.34983136553488259     
  -4.6147466046751795E-002 -0.34982842040061257     
  -4.6152734513977445E-002 -0.34982563466401961     
  -4.6157701702643938E-002 -0.34982300829154866     
  -4.6162367652174185E-002 -0.34982054125156670     
  -4.6166732399596011E-002 -0.34981823351436225     
  -4.6170795979543822E-002 -0.34981608505214434     
  -4.6174558424257939E-002 -0.34981409583904199     
  -4.6178019763588207E-002 -0.34981226585110320     
  -4.6181180024992163E-002 -0.34981059506629464     
  -4.6184039233537533E-002 -0.34980908346450074     
  -4.6186597411902119E-002 -0.34980773102752349     
  -4.6188854580375027E-002 -0.34980653773908171     
  -4.6190810756857326E-002 -0.34980550358481066     
  -4.6192465956861439E-002 -0.34980462855226163     
  -4.6193820193513369E-002 -0.34980391263090177     
  -4.6194873477551135E-002 -0.34980335581211358     
  -4.6195625817327224E-002 -0.34980295808919493     
  -4.6196077218806753E-002 -0.34980271945735852     
  -4.6196227685568914E-002 -0.34980263991373223     
  -4.6196077218806753E-002 -0.34980271945735852     
  -4.6195625817327224E-002 -0.34980295808919493     
  -4.6194873477551135E-002 -0.34980335581211358     
  -4.6193820193513369E-002 -0.34980391263090177     
  -4.6192465956861439E-002 -0.34980462855226163     
  -4.6190810756857326E-002 -0.34980550358481066     
  -4.6188854580375027E-002 -0.34980653773908171     
  -4.6186597411902119E-002 -0.34980773102752349     
  -4.6184039233537533E-002 -0.34980908346450074     
  -4.6181180024992163E-002 -0.34981059506629464     
  -4.6178019763588207E-002 -0.34981226585110320     
  -4.6174558424257939E-002 -0.34981409583904199     
  -4.6170795979543822E-002 -0.34981608505214434     
  -4.6166732399596011E-002 -0.34981823351436225     
  -4.6162367652174185E-002 -0.34982054125156670     
  -4.6157701702643938E-002 -0.34982300829154866     
  -4.6152734513977445E-002 -0.34982563466401961     
  -4.6147466046751795E-002 -0.34982842040061257     
  -4.6141896259147608E-002 -0.34983136553488259     
  -4.6136025106948308E-002 -0.34983447010230800     
  -4.6129852543538574E-002 -0.34983773414029129     
  -4.6123378519903113E-002 -0.34984115768815988     
  -4.6116602984625166E-002 -0.34984474078716749     
  -4.6109525883884672E-002 -0.34984848348049502     
  -4.6102147161457052E-002 -0.34985238581325184     
  -4.6094466758711761E-002 -0.34985644783247699     
  -4.6086484614610068E-002 -0.34986066958714029     
  -4.6078200665704006E-002 -0.34986505112814392     
  -4.6069614846133033E-002 -0.34986959250832361     
  -4.6060727087624209E-002 -0.34987429378245005     
  -4.6051537319488300E-002 -0.34987915500723044     
  -4.6042045468618675E-002 -0.34988417624131002     
  -4.6032251459489471E-002 -0.34988935754527356     
  -4.6022155214151927E-002 -0.34989469898164710     
  -4.6011756652233948E-002 -0.34990020061489963     
  -4.6001055690936543E-002 -0.34990586251144462     
  -4.5990052245031443E-002 -0.34991168473964213     
  -4.5978746226859324E-002 -0.34991766736980034     
  -4.5967137546326253E-002 -0.34992381047417787     
  -4.5955226110901970E-002 -0.34993011412698510     
  -4.5943011825616997E-002 -0.34993657840438686     
  -4.5930494593058813E-002 -0.34994320338450385     
  -4.5917674313370405E-002 -0.34994998914741537     
  -4.5904550884246775E-002 -0.34995693577516096     
  -4.5891124200931277E-002 -0.34996404335174286     
  -4.5877394156213724E-002 -0.34997131196312836     
  -4.5863360640426509E-002 -0.34997874169725179     
  -4.5849023541441380E-002 -0.34998633264401741     
  -4.5834382744666224E-002 -0.34999408489530132     
  -9.1676010770477823E-003  -6.9998433334367963E-002
  -9.1705291431866606E-003  -6.9996882958874018E-002
  -9.1733964717152089E-003  -6.9995364842723340E-002
  -9.1762030855501303E-003  -6.9993878967541889E-002
  -9.1789490071155500E-003  -6.9992425315349993E-002
  -9.1816342583434726E-003  -6.9991003868561899E-002
  -9.1842588606744352E-003  -6.9989614609985262E-002
  -9.1868228350582073E-003  -6.9988257522820743E-002
  -9.1893262019544023E-003  -6.9986932590661452E-002
  -9.1917689813330802E-003  -6.9985639797492616E-002
  -9.1941511926752970E-003  -6.9984379127691052E-002
  -9.1964728549736169E-003  -6.9983150566024832E-002
  -9.1987339867328280E-003  -6.9981954097652760E-002
  -9.2009346059704622E-003  -6.9980789708124116E-002
  -9.2030747302171076E-003  -6.9979657383378149E-002
  -9.2051543765172203E-003  -6.9978557109743725E-002
  -9.2071735614295061E-003  -6.9977488873938995E-002
  -9.2091323010271911E-003  -6.9976452663070995E-002
  -9.2110306108988682E-003  -6.9975448464635354E-002
  -9.2128685061488233E-003  -6.9974476266515859E-002
  -9.2146460013972920E-003  -6.9973536056984240E-002
  -9.2163631107810007E-003  -6.9972627824699790E-002
  -9.2180198479537914E-003  -6.9971751558709064E-002
  -9.2196162260866563E-003  -6.9970907248445596E-002
  -9.2211522578684105E-003  -6.9970094883729614E-002
  -9.2226279555058799E-003  -6.9969314454767798E-002
  -9.2240433307244768E-003  -6.9968565952152909E-002
  -9.2253983947681722E-003  -6.9967849366863691E-002
  -9.2266931584003425E-003  -6.9967164690264511E-002
  -9.2279276319034778E-003  -6.9966511914105134E-002
  -9.2291018250800841E-003  -6.9965891030520602E-002
  -9.2302157472525376E-003  -6.9965302032030899E-002
  -9.2312694072635496E-003  -6.9964744911540824E-002
  -9.2322628134763537E-003  -6.9964219662339774E-002
  -9.2331959737749561E-003  -6.9963726278101573E-002
  -9.2340688955645650E-003  -6.9963264752884294E-002
  -9.2348815857713415E-003  -6.9962835081130104E-002
  -9.2356340508431486E-003  -6.9962437257665155E-002
  -9.2363262967493087E-003  -6.9962071277699336E-002
  -9.2369583289810681E-003  -6.9961737136826255E-002
  -9.2375301525516110E-003  -6.9961434831023100E-002
  -9.2380417719961638E-003  -6.9961164356650465E-002
  -9.2384931913723004E-003  -6.9960925710452343E-002
  -9.2388844142599000E-003  -6.9960718889555948E-002
  -9.2392154437613561E-003  -6.9960543891471716E-002
  -9.2394862825015134E-003  -6.9960400714093221E-002
  -9.2396969326280359E-003  -6.9960289355697064E-002
  -9.2398473958110738E-003  -6.9960209814942886E-002
  -9.2399376732437283E-003  -6.9960162090873329E-002
  -9.2399677656417462E-003  -6.9960146182913963E-002
  -9.2399376732437283E-003  -6.9960162090873329E-002
  -9.2398473958110738E-003  -6.9960209814942886E-002
  -9.2396969326280359E-003  -6.9960289355697064E-002
  -9.2394862825015134E-003  -6.9960400714093221E-002
  -9.2392154437613561E-003  -6.9960543891471716E-002
  -9.2388844142599000E-003  -6.9960718889555948E-002
  -9.2384931913723004E-003  -6.9960925710452343E-002
  -9.2380417719961638E-003  -6.9961164356650465E-002
  -9.2375301525516110E-003  -6.9961434831023100E-002
  -9.2369583289810681E-003  -6.9961737136826255E-002
  -9.2363262967493087E-003  -6.9962071277699336E-002
  -9.2356340508431486E-003  -6.9962437257665155E-002
  -9.2348815857713415E-003  -6.9962835081130104E-002
  -9.2340688955645650E-003  -6.9963264752884294E-002
  -9.2331959737749561E-003  -6.9963726278101573E-002
  -9.2322628134763537E-003  -6.9964219662339774E-002
  -9.2312694072635496E-003  -6.9964744911540824E-002
  -9.2302157472525376E-003  -6.9965302032030899E-002
  -9.2291018250800841E-003  -6.9965891030520602E-002
  -9.2279276319034778E-003  -6.9966511914105134E-002
  -9.2266931584003425E-003  -6.9967164690264511E-002
  -9.2253983947681722E-003  -6.9967849366863691E-002
  -9.2240433307244768E-003  -6.9968565952152909E-002
  -9.2226279555058799E-003  -6.9969314454767798E-002
  -9.2211522578684105E-003  -6.9970094883729614E-002
  -9.2196162260866563E-003  -6.9970907248445596E-002
  -9.2180198479537914E-003  -6.9971751558709064E-002
  -9.2163631107810007E-003  -6.9972627824699790E-002
  -9.2146460013972920E-003  -6.9973536056984240E-002
  -9.2128685061488233E-003  -6.9974476266515859E-002
  -9.2110306108988682E-003  -6.9975448464635354E-002
  -9.2091323010271911E-003  -6.9976452663070995E-002
  -9.2071735614295061E-003  -6.9977488873938995E-002
  -9.2051543765172203E-003  -6.9978557109743725E-002
  -9.2030747302171076E-003  -6.9979657383378149E-002
  -9.2009346059704622E-003  -6.9980789708124116E-002
  -9.1987339867328280E-003  -6.9981954097652760E-002
  -9.1964728549736169E-003  -6.9983150566024832E-002
  -9.1941511926752970E-003  -6.9984379127691052E-002
  -9.1917689813330802E-003  -6.9985639797492616E-002
  -9.1893262019544023E-003  -6.9986932590661452E-002
  -9.1868228350582073E-003  -6.9988257522820743E-002
  -9.1842588606744352E-003  -6.9989614609985262E-002
  -9.1816342583434726E-003  -6.9991003868561899E-002
  -9.1789490071155500E-003  -6.9992425315349993E-002
  -9.1762030855501303E-003  -6.9993878967541889E-002
  -9.1733964717152089E-003  -6.9995364842723340E-002
  -9.1705291431866606E-003  -6.9996882958874018E-002
  -9.1676010770477823E-003  -6.9998433334367963E-002
   0.0000000000000000        0.0000000000000000     
   0.0000000000000000        0.0000000000000000     
   0.0000000000000000        0.0000000000000000     
   0.0000000000000000        0.0000000000000000     
   0.0000000000000000        0.0000000000000000     
   0.0000000000000000        0.0000000000000000     
   0.0000000000000000        0.0000000000000000     
   0.0000000000000000        0.0000000000000000     
   0.0000000000000000        0.0000000000000000     
   0.0000000000000000        0.0000000000000000     
   0.0000000000000000        0.0000000000000000     
   0.0000000000000000        0.0000000000000000     
   0.0000000000000000        0.0000000000000000     
   0.0000000000000000        0.0000000000000000     
   0.0000000000000000        0.0000000000000000     
   0.0000000000000000        0.0000000000000000     
   0.0000000000000000        0.0000000000000000     
   0.0000000000000000        0.0000000000000000     
   0.0000000000000000        0.0000000000000000     
   0.0000000000000000        0.0000000000000000     
   0.0000000000000000        0.0000000000000000     
   0.0000000000000000        0.0000000000000000     
   0.0000000000000000        0.0000000000000000     
   0.0000000000000000        0.0000000000000000     
   0.0000000000000000        0.0000000000000000     
   0.0000000000000000        0.0000000000000000     
   0.0000000000000000        0.0000000000000000     
   0.0000000000000000        0.0000000000000000     
   0.0000000000000000        0.0000000000000000     
   0.0000000000000000        0.0000000000000000     
   0.0000000000000000        0.0000000000000000     
   0.0000000000000000        0.0000000000000000     
   0.0000000000000000        0.0000000000000000     
   0.0000000000000000        0.0000000000000000     
   0.0000000000000000        0.0000000000000000     
   0.0000000000000000        0.0000000000000000     
   0.0000000000000000        0.0000000000000000     
   0.0000000000000000        0.0000000000000000     
   0.0000000000000000        0.0000000000000000     
   0.0000000000000000        0.0000000000000000     
   0.0000000000000000        0.0000000000000000     
   0.0000000000000000        0.0000000000000000     
   0.0000000000000000        0.0000000000000000     
   0.0000000000000000        0.0000000000000000     
   0.0000000000000000        0.0000000000000000     
   0.0000000000000000        0.0000000000000000     
   0.0000000000000000        0.0000000000000000     
   0.0000000000000000        0.0000000000000000     
   0.0000000000000000        0.0000000000000000     
   0.0000000000000000        0.0000000000000000     
   0.0000000000000000        0.0000000000000000     
   0.0000000000000000        0.0000000000000000     
   0.0000000000000000        0.0000000000000000     
   0.0000000000000000        0.0000000000000000     
   0.0000000000000000        0.0000000000000000     
   0.0000000000000000        0.0000000000000000     
   0.0000000000000000        0.0000000000000000     
   0.0000000000000000        0.0000000000000000     
   0.0000000000000000        0.0000000000000000     
   0.0000000000000000        0.0000000000000000     
   0.0000000000000000        0.0000000000000000     
   0.0000000000000000        0.0000000000000000     
   0.0000000000000000        0.0000000000000000     
   0.0000000000000000        0.0000000000000000     
   0.0000000000000000        0.0000000000000000     
   0.0000000000000000        0.0000000000000000     
   0.0000000000000000        0.0000000000000000     
   0.0000000000000000        0.0000000000000000     
   0.0000000000000000        0.0000000000000000     
   0.0000000000000000        0.0000000000000000     
   0.0000000000000000        0.0000000000000000     
   0.0000000000000000        0.0000000000000000     
   0.0000000000000000        0.0000000000000000     
   0.0000000000000000        0.0000000000000000     
   0.0000000000000000        0.0000000000000000     
   0.0000000000000000        0.0000000000000000     
   0.0000000000000000        0.0000000000000000     
   0.0000000000000000        0.0000000000000000     
   0.0000000000000000        0.0000000000000000     
   0.0000000000000000        0.0000000000000000     
   0.0000000000000000        0.0000000000000000     
   0.0000000000000000        0.0000000000000000     
   0.0000000000000000        0.0000000000000000     
   0.0000000000000000        0.0000000000000000     
   0.0000000000000000        0.0000000000000000     
   0.0000000000000000        0.0000000000000000     
   0.0000000000000000        0.0000000000000000     
   0.0000000000000000        0.0000000000000000     
   0.0000000000000000        0.0000000000000000     
   0.0000000000000000        0.0000000000000000     
   0.0000000000000000        0.0000000000000000     
   0.0000000000000000        0.0000000000000000     
   0.0000000000000000        0.0000000000000000     
   0.0000000000000000        0.0000000000000000     
   0.0000000000000000        0.0000000000000000     
   0.0000000000000000        0.0000000000000000     
   0.0000000000000000        0.0000000000000000     
   0.0000000000000000        0.0000000000000000     
   0.0000000000000000        0.0000000000000000     
   0.0000000000000000        0.0000000000000000     
   0.0000000000000000        0.0000000000000000     
   9.1676010770477823E-003   6.9998433334367963E-002
   9.1705291431866606E-003   6.9996882958874018E-002
   9.1733964717152089E-003   6.9995364842723340E-002
   9.1762030855501303E-003   6.9993878967541889E-002
   9.1789490071155500E-003   6.9992425315349993E-002
   9.1816342583434726E-003   6.9991003868561899E-002
   9.1842588606744352E-003   6.9989614609985262E-002
   9.1868228350582073E-003   6.9988257522820743E-002
   9.1893262019544023E-003   6.9986932590661452E-002
   9.1917689813330802E-003   6.9985639797492616E-002
   9.1941511926752970E-003   6.9984379127691052E-002
   9.1964728549736169E-003   6.9983150566024832E-002
   9.1987339867328280E-003   6.9981954097652760E-002
   9.2009346059704622E-003   6.9980789708124116E-002
   9.2030747302171076E-003   6.9979657383378149E-002
   9.2051543765172203E-003   6.9978557109743725E-002
   9.2071735614295061E-003   6.9977488873938995E-002
   9.2091323010271911E-003   6.9976452663070995E-002
   9.2110306108988682E-003   6.9975448464635354E-002
   9.2128685061488233E-003   6.9974476266515859E-002
   9.2146460013972920E-003   6.9973536056984240E-002
   9.2163631107810007E-003   6.9972627824699790E-002
   9.2180198479537914E-003   6.9971751558709064E-002
   9.2196162260866563E-003   6.9970907248445596E-002
   9.2211522578684105E-003   6.9970094883729614E-002
   9.2226279555058799E-003   6.9969314454767798E-002
   9.2240433307244768E-003   6.9968565952152909E-002
   9.2253983947681722E-003   6.9967849366863691E-002
   9.2266931584003425E-003   6.9967164690264511E-002
   9.2279276319034778E-003   6.9966511914105134E-002
   9.2291018250800841E-003   6.9965891030520602E-002
   9.2302157472525376E-003   6.9965302032030899E-002
   9.2312694072635496E-003   6.9964744911540824E-002
   9.2322628134763537E-003   6.9964219662339774E-002
   9.2331959737749561E-003   6.9963726278101573E-002
   9.2340688955645650E-003   6.9963264752884294E-002
   9.2348815857713415E-003   6.9962835081130104E-002
   9.2356340508431486E-003   6.9962437257665155E-002
   9.2363262967493087E-003   6.9962071277699336E-002
   9.2369583289810681E-003   6.9961737136826255E-002
   9.2375301525516110E-003   6.9961434831023100E-002
   9.2380417719961638E-003   6.9961164356650465E-002
   9.2384931913723004E-003   6.9960925710452343E-002
   9.2388844142599000E-003   6.9960718889555948E-002
   9.2392154437613561E-003   6.9960543891471716E-002
   9.2394862825015134E-003   6.9960400714093221E-002
   9.2396969326280359E-003   6.9960289355697064E-002
   9.2398473958110738E-003   6.9960209814942886E-002
   9.2399376732437283E-003   6.9960162090873329E-002
   9.2399677656417462E-003   6.9960146182913963E-002
   9.2399376732437283E-003   6.9960162090873329E-002
   9.2398473958110738E-003   6.9960209814942886E-002
   9.2396969326280359E-003   6.9960289355697064E-002
   9.2394862825015134E-003   6.9960400714093221E-002
   9.2392154437613561E-003   6.9960543891471716E-002
   9.2388844142599000E-003   6.9960718889555948E-002
   9.2384931913723004E-003   6.9960925710452343E-002
   9.2380417719961638E-003   6.9961164356650465E-002
   9.2375301525516110E-003   6.9961434831023100E-002
   9.2369583289810681E-003   6.9961737136826255E-002
   9.2363262967493087E-003   6.9962071277699336E-002
   9.2356340508431486E-003   6.9962437257665155E-002
   9.2348815857713415E-003   6.9962835081130104E-002
   9.2340688955645650E-003   6.9963264752884294E-002
   9.2331959737749561E-003   6.9963726278101573E-002
   9.2322628134763537E-003   6.9964219662339774E-002
   9.2312694072635496E-003   6.9964744911540824E-002
   9.2302157472525376E-003   6.9965302032030899E-002
   9.2291018250800841E-003   6.9965891030520602E-002
   9.2279276319034778E-003   6.9966511914105134E-002
   9.2266931584003425E-003   6.9967164690264511E-002
   9.2253983947681722E-003   6.9967849366863691E-002
   9.2240433307244768E-003   6.9968565952152909E-002
   9.2226279555058799E-003   6.9969314454767798E-002
   9.2211522578684105E-003   6.9970094883729614E-002
   9.2196162260866563E-003   6.9970907248445596E-002
   9.2180198479537914E-003   6.9971751558709064E-002
   9.2163631107810007E-003   6.9972627824699790E-002
   9.2146460013972920E-003   6.9973536056984240E-002
   9.2128685061488233E-003   6.9974476266515859E-002
   9.2110306108988682E-003   6.9975448464635354E-002
   9.2091323010271911E-003   6.9976452663070995E-002
   9.2071735614295061E-003   6.9977488873938995E-002
   9.2051543765172203E-003   6.9978557109743725E-002
   9.2030747302171076E-003   6.9979657383378149E-002
   9.2009346059704622E-003   6.9980789708124116E-002
   9.1987339867328280E-003   6.9981954097652760E-002
   9.1964728549736169E-003   6.9983150566024832E-002
   9.1941511926752970E-003   6.9984379127691052E-002
   9.1917689813330802E-003   6.9985639797492616E-002
   9.1893262019544023E-003   6.9986932590661452E-002
   9.1868228350582073E-003   6.9988257522820743E-002
   9.1842588606744352E-003   6.9989614609985262E-002
   9.1816342583434726E-003   6.9991003868561899E-002
   9.1789490071155500E-003   6.9992425315349993E-002
   9.1762030855501303E-003   6.9993878967541889E-002
   9.1733964717152089E-003   6.9995364842723340E-002
   9.1705291431866606E-003   6.9996882958874018E-002
   9.1676010770477823E-003   6.9998433334367963E-002
   4.5834382744666224E-002  0.34999408489530132     
   4.5849023541441380E-002  0.34998633264401741     
   4.5863360640426509E-002  0.34997874169725179     
   4.5877394156213724E-002  0.34997131196312836     
   4.5891124200931277E-002  0.34996404335174286     
   4.5904550884246775E-002  0.34995693577516096     
   4.5917674313370405E-002  0.34994998914741537     
   4.5930494593058813E-002  0.34994320338450385     
   4.5943011825616997E-002  0.34993657840438686     
   4.5955226110901970E-002  0.34993011412698510     
   4.5967137546326253E-002  0.34992381047417787     
   4.5978746226859324E-002  0.34991766736980034     
   4.5990052245031443E-002  0.34991168473964213     
   4.6001055690936543E-002  0.34990586251144462     
   4.6011756652233948E-002  0.34990020061489963     
   4.6022155214151927E-002  0.34989469898164710     
   4.6032251459489471E-002  0.34988935754527356     
   4.6042045468618675E-002  0.34988417624131002     
   4.6051537319488300E-002  0.34987915500723044     
   4.6060727087624209E-002  0.34987429378245005     
   4.6069614846133033E-002  0.34986959250832361     
   4.6078200665704006E-002  0.34986505112814392     
   4.6086484614610068E-002  0.34986066958714029     
   4.6094466758711761E-002  0.34985644783247699     
   4.6102147161457052E-002  0.34985238581325184     
   4.6109525883884672E-002  0.34984848348049502     
   4.6116602984625166E-002  0.34984474078716749     
   4.6123378519903113E-002  0.34984115768815988     
   4.6129852543538574E-002  0.34983773414029129     
   4.6136025106948308E-002  0.34983447010230800     
   4.6141896259147608E-002  0.34983136553488259     
   4.6147466046751795E-002  0.34982842040061257     
   4.6152734513977445E-002  0.34982563466401961     
   4.6157701702643938E-002  0.34982300829154866     
   4.6162367652174185E-002  0.34982054125156670     
   4.6166732399596011E-002  0.34981823351436225     
   4.6170795979543822E-002  0.34981608505214434     
   4.6174558424257939E-002  0.34981409583904199     
   4.6178019763588207E-002  0.34981226585110320     
   4.6181180024992163E-002  0.34981059506629464     
   4.6184039233537533E-002  0.34980908346450074     
   4.6186597411902119E-002  0.34980773102752349     
   4.6188854580375027E-002  0.34980653773908171     
   4.6190810756857326E-002  0.34980550358481066     
   4.6192465956861439E-002  0.34980462855226163     
   4.6193820193513369E-002  0.34980391263090177     
   4.6194873477551135E-002  0.34980335581211358     
   4.6195625817327224E-002  0.34980295808919493     
   4.6196077218806753E-002  0.34980271945735852     
   4.6196227685568914E-002  0.34980263991373223     
   4.6196077218806753E-002  0.34980271945735852     
   4.6195625817327224E-002  0.34980295808919493     
   4.6194873477551135E-002  0.34980335581211358     
   4.6193820193513369E-002  0.34980391263090177     
   4.6192465956861439E-002  0.34980462855226163     
   4.6190810756857326E-002  0.34980550358481066     
   4.6188854580375027E-002  0.34980653773908171     
   4.6186597411902119E-002  0.34980773102752349     
   4.6184039233537533E-002  0.34980908346450074     
   4.6181180024992163E-002  0.34981059506629464     
   4.6178019763588207E-002  0.34981226585110320     
   4.6174558424257939E-002  0.34981409583904199     
   4.6170795979543822E-002  0.34981608505214434     
   4.6166732399596011E-002  0.34981823351436225     
   4.6162367652174185E-002  0.34982054125156670     
   4.6157701702643938E-002  0.34982300829154866     
   4.6152734513977445E-002  0.34982563466401961     
   4.6147466046751795E-002  0.34982842040061257     
   4.6141896259147608E-002  0.34983136553488259     
   4.6136025106948308E-002  0.34983447010230800     
   4.6129852543538574E-002  0.34983773414029129     
   4.6123378519903113E-002  0.34984115768815988     
   4.6116602984625166E-002  0.34984474078716749     
   4.6109525883884672E-002  0.34984848348049502     
   4.6102147161457052E-002  0.34985238581325184     
   4.6094466758711761E-002  0.34985644783247699     
   4.6086484614610068E-002  0.34986066958714029     
   4.6078200665704006E-002  0.34986505112814392     
   4.6069614846133033E-002  0.34986959250832361     
   4.6060727087624209E-002  0.34987429378245005     
   4.6051537319488300E-002  0.34987915500723044     
   4.6042045468618675E-002  0.34988417624131002     
   4.6032251459489471E-002  0.34988935754527356     
   4.6022155214151927E-002  0.34989469898164710     
   4.6011756652233948E-002  0.34990020061489963     
   4.6001055690936543E-002  0.34990586251144462     
   4.5990052245031443E-002  0.34991168473964213     
   4.5978746226859324E-002  0.34991766736980034     
   4.5967137546326253E-002  0.34992381047417787     
   4.5955226110901970E-002  0.34993011412698510     
   4.5943011825616997E-002  0.34993657840438686     
   4.5930494593058813E-002  0.34994320338450385     
   4.5917674313370405E-002  0.34994998914741537     
   4.5904550884246775E-002  0.34995693577516096     
   4.5891124200931277E-002  0.34996404335174286     
   4.5877394156213724E-002  0.34997131196312836     
   4.5863360640426509E-002  0.34997874169725179     
   4.5849023541441380E-002  0.34998633264401741     
   4.5834382744666224E-002  0.34999408489530132     
   5.4999266795029145E-002  0.41999395693436342     
   5.5016836007516834E-002  0.41998465402721524     
   5.5034040777300175E-002  0.41997554468978038     
   5.5050881241894278E-002  0.41996662881180402     
   5.5067357535857397E-002  0.41995790628539814     
   5.5083469790794704E-002  0.41994937700503820     
   5.5099218135362837E-002  0.41994104086756051     
   5.5114602695273462E-002  0.41993289777215931     
   5.5129623593297261E-002  0.41992494762038429     
   5.5144280949265490E-002  0.41991719031613750     
   5.5158574880077360E-002  0.41990962576567126     
   5.5172505499700153E-002  0.41990225387758512     
   5.5186072919173879E-002  0.41989507456282388     
   5.5199277246614109E-002  0.41988808773467479     
   5.5212118587215864E-002  0.41988129330876545     
   5.5224597043256274E-002  0.41987469120306137     
   5.5236712714097080E-002  0.41986828133786402     
   5.5248465696188798E-002  0.41986206363580830     
   5.5259856083071601E-002  0.41985603802186089     
   5.5270883965380324E-002  0.41985020442331772     
   5.5281549430845622E-002  0.41984456276980259     
   5.5291852564297084E-002  0.41983911299326476     
   5.5301793447665282E-002  0.41983385502797743     
   5.5311372159984551E-002  0.41982878881053587     
   5.5320588777395763E-002  0.41982391427985583     
   5.5329443373147491E-002  0.41981923137717153     
   5.5337936017599010E-002  0.41981474004603464     
   5.5346066778221237E-002  0.41981044023231223     
   5.5353835719600786E-002  0.41980633188418570     
   5.5361242903439412E-002  0.41980241495214915     
   5.5368288388557507E-002  0.41979868938900827     
   5.5374972230895769E-002  0.41979515514987870     
   5.5381294483515475E-002  0.41979181219218537     
   5.5387255196600815E-002  0.41978866047566077     
   5.5392854417461612E-002  0.41978569996234433     
   5.5398092190532489E-002  0.41978293061658123     
   5.5402968557375754E-002  0.41978035240502126     
   5.5407483556682013E-002  0.41977796529661826     
   5.5411637224270782E-002  0.41977576926262911     
   5.5415429593093091E-002  0.41977376427661295     
   5.5418860693230876E-002  0.41977195031443049     
   5.5421930551898702E-002  0.41977032735424336     
   5.5424639193444036E-002  0.41976889537651363     
   5.5426986639348863E-002  0.41976765436400304     
   5.5428972908228791E-002  0.41976660430177276     
   5.5430598015835109E-002  0.41976574517718301     
   5.5431861975054675E-002  0.41976507697989246     
   5.5432764795909917E-002  0.41976459970185825     
   5.5433306485559442E-002  0.41976431333733560     
   5.5433487048298646E-002  0.41976421788287771     
   5.5433306485559442E-002  0.41976431333733560     
   5.5432764795909917E-002  0.41976459970185825     
   5.5431861975054675E-002  0.41976507697989246     
   5.5430598015835109E-002  0.41976574517718301     
   5.5428972908228791E-002  0.41976660430177276     
   5.5426986639348863E-002  0.41976765436400304     
   5.5424639193444036E-002  0.41976889537651363     
   5.5421930551898702E-002  0.41977032735424336     
   5.5418860693230876E-002  0.41977195031443049     
   5.5415429593093091E-002  0.41977376427661295     
   5.5411637224270782E-002  0.41977576926262911     
   5.5407483556682013E-002  0.41977796529661826     
   5.5402968557375754E-002  0.41978035240502126     
   5.5398092190532489E-002  0.41978293061658123     
   5.5392854417461612E-002  0.41978569996234433     
   5.5387255196600815E-002  0.41978866047566077     
   5.5381294483515475E-002  0.41979181219218537     
   5.5374972230895769E-002  0.41979515514987870     
   5.5368288388557507E-002  0.41979868938900827     
   5.5361242903439412E-002  0.41980241495214915     
   5.5353835719600786E-002  0.41980633188418570     
   5.5346066778221237E-002  0.41981044023231223     
   5.5337936017599010E-002  0.41981474004603464     
   5.5329443373147491E-002  0.41981923137717153     
   5.5320588777395763E-002  0.41982391427985583     
   5.5311372159984551E-002  0.41982878881053587     
   5.5301793447665282E-002  0.41983385502797743     
   5.5291852564297084E-002  0.41983911299326476     
   5.5281549430845622E-002  0.41984456276980259     
   5.5270883965380324E-002  0.41985020442331772     
   5.5259856083071601E-002  0.41985603802186089     
   5.5248465696188798E-002  0.41986206363580830     
   5.5236712714097080E-002  0.41986828133786402     
   5.5224597043256274E-002  0.41987469120306137     
   5.5212118587215864E-002  0.41988129330876545     
   5.5199277246614109E-002  0.41988808773467479     
   5.5186072919173879E-002  0.41989507456282388     
   5.5172505499700153E-002  0.41990225387758512     
   5.5158574880077360E-002  0.41990962576567126     
   5.5144280949265490E-002  0.41991719031613750     
   5.5129623593297261E-002  0.41992494762038429     
   5.5114602695273462E-002  0.41993289777215931     
   5.5099218135362837E-002  0.41994104086756051     
   5.5083469790794704E-002  0.41994937700503820     
   5.5067357535857397E-002  0.41995790628539814     
   5.5050881241894278E-002  0.41996662881180402     
   5.5034040777300175E-002  0.41997554468978038     
   5.5016836007516834E-002  0.41998465402721524     
   5.4999266795029145E-002  0.41999395693436342     
   9.1675407005859300E-002  0.69998465304052371     
   9.1704084056383306E-002  0.69996946885911182     
   9.1732153879690359E-002  0.69995460715171576     
   9.1759616700085145E-002  0.69994006773849116     
   9.1786472736952174E-002  0.69992585044353350     
   9.1812722204758668E-002  0.69991195509487369     
   9.1838365313063663E-002  0.69989838152447337     
   9.1863402266521565E-002  0.69988512956822002     
   9.1887833264891472E-002  0.69987219906592313     
   9.1911658503040061E-002  0.69985958986130958     
   9.1934878170948919E-002  0.69984730180201904     
   9.1957492453718537E-002  0.69983533473960069     
   9.1979501531576524E-002  0.69982368852950849     
   9.2000905579880277E-002  0.69981236303109740     
   9.2021704769123081E-002  0.69980135810761990     
   9.2041899264939442E-002  0.69979067362622216     
   9.2061489228109861E-002  0.69978030945794023     
   9.2080474814564606E-002  0.69977026547769705     
   9.2098856175389154E-002  0.69976054156429845     
   9.2116633456829078E-002  0.69975113760043040     
   9.2133806800293150E-002  0.69974205347265561     
   9.2150376342357898E-002  0.69973328907141064     
   9.2166342214773045E-002  0.69972484429100279     
   9.2181704544462284E-002  0.69971671902960730     
   9.2196463453529276E-002  0.69970891318926465     
   9.2210619059262089E-002  0.69970142667587787     
   9.2224171474133865E-002  0.69969425939921004     
   9.2237120805807815E-002  0.69968741127288203     
   9.2249467157140441E-002  0.69968088221436975     
   9.2261210626184087E-002  0.69967467214500245     
   9.2272351306189271E-002  0.69966878098996033     
   9.2282889285609015E-002  0.69966320867827225     
   9.2292824648099958E-002  0.69965795514281470     
   9.2302157472525570E-002  0.69965302032030896     
   9.2310887832957600E-002  0.69964840415131990     
   9.2319015798679072E-002  0.69964410658025467     
   9.2326541434187059E-002  0.69964012755536076     
   9.2333464799192244E-002  0.69963646702872451     
   9.2339785948622244E-002  0.69963312495627039     
   9.2345504932623723E-002  0.69963010129775927     
   9.2350621796562615E-002  0.69962739601678781     
   9.2355136581025565E-002  0.69962500908078695     
   9.2359049321821596E-002  0.69962294046102158     
   9.2362360049984327E-002  0.69962119013258928     
   9.2365068791769867E-002  0.69961975807442001     
   9.2367175568660032E-002  0.69961864426927534     
   9.2368680397362457E-002  0.69961784870374832     
   9.2369583289810597E-002  0.69961737136826252     
   9.2369884253164392E-002  0.69961721225707230     
   9.2369583289810597E-002  0.69961737136826252     
   9.2368680397362457E-002  0.69961784870374832     
   9.2367175568660032E-002  0.69961864426927534     
   9.2365068791769867E-002  0.69961975807442001     
   9.2362360049984327E-002  0.69962119013258928     
   9.2359049321821596E-002  0.69962294046102158     
   9.2355136581025565E-002  0.69962500908078695     
   9.2350621796562615E-002  0.69962739601678781     
   9.2345504932623723E-002  0.69963010129775927     
   9.2339785948622244E-002  0.69963312495627039     
   9.2333464799192244E-002  0.69963646702872451     
   9.2326541434187059E-002  0.69964012755536076     
   9.2319015798679072E-002  0.69964410658025467     
   9.2310887832957600E-002  0.69964840415131990     
   9.2302157472525570E-002  0.69965302032030896     
   9.2292824648099958E-002  0.69965795514281470     
   9.2282889285609015E-002  0.69966320867827225     
   9.2272351306189271E-002  0.69966878098996033     
   9.2261210626184087E-002  0.69967467214500245     
   9.2249467157140441E-002  0.69968088221436975     
   9.2237120805807815E-002  0.69968741127288203     
   9.2224171474133865E-002  0.69969425939921004     
   9.2210619059262089E-002  0.69970142667587787     
   9.2196463453529276E-002  0.69970891318926465     
   9.2181704544462284E-002  0.69971671902960730     
   9.2166342214773045E-002  0.69972484429100279     
   9.2150376342357898E-002  0.69973328907141064     
   9.2133806800293150E-002  0.69974205347265561     
   9.2116633456829078E-002  0.69975113760043040     
   9.2098856175389154E-002  0.69976054156429845     
   9.2080474814564606E-002  0.69977026547769705     
   9.2061489228109861E-002  0.69978030945794023     
   9.2041899264939442E-002  0.69979067362622216     
   9.2021704769123081E-002  0.69980135810761990     
   9.2000905579880277E-002  0.69981236303109740     
   9.1979501531576524E-002  0.69982368852950849     
   9.1957492453718537E-002  0.69983533473960069     
   9.1934878170948919E-002  0.69984730180201904     
   9.1911658503040061E-002  0.69985958986130958     
   9.1887833264891472E-002  0.69987219906592313     
   9.1863402266521565E-002  0.69988512956822002     
   9.1838365313063663E-002  0.69989838152447337     
   9.1812722204758668E-002  0.69991195509487369     
   9.1786472736952174E-002  0.69992585044353350     
   9.1759616700085145E-002  0.69994006773849116     
   9.1732153879690359E-002  0.69995460715171576     
   9.1704084056383306E-002  0.69996946885911182     
   9.1675407005859300E-002  0.69998465304052371     
  0.10083597411871748       0.76998681092844923     
  0.10086751975300401       0.76997010762413798     
  0.10089839741861617       0.76995375905625540     
  0.10092860736230413       0.76993776502696165     
  0.10095814982540607       0.76992212534275062     
  0.10098702504385004       0.76990683981444574     
  0.10101523324816497       0.76989190825719422     
  0.10104277466348621       0.76987733049046247     
  0.10106964950956032       0.76986310633803057     
  0.10109585800075438       0.76984923562798846     
  0.10112140034606087       0.76983571819273056     
  0.10114627674910381       0.76982255386895149     
  0.10117048740814527       0.76980974249764167     
  0.10119403251608927       0.76979728392408286     
  0.10121691226049123       0.76978517799784429     
  0.10123912682355962       0.76977342457277853     
  0.10126067638216374       0.76976202350701728     
  0.10128156110783770       0.76975097466296782     
  0.10130178116678601       0.76974027790730926     
  0.10132133671988786       0.76972993311098881     
  0.10134022792270347       0.76971994014921841     
  0.10135845492547579       0.76971029890147136     
  0.10137601787313733       0.76970100925147933     
  0.10139291690531438       0.76969207108722859     
  0.10140915215632929       0.76968348430095768     
  0.10142472375520539       0.76967524878915416     
  0.10143963182567173       0.76966736445255179     
  0.10145387648616433       0.76965983119612802     
  0.10146745784983313       0.76965264892910157     
  0.10148037602454196       0.76964581756492945     
  0.10149263111287332       0.76963933702130527     
  0.10150422321213026       0.76963320722015660     
  0.10151515241434161       0.76962742808764306     
  0.10152541880626198       0.76962199955415433     
  0.10153502246937574       0.76961692155430828     
  0.10154396347989902       0.76961219402694903     
  0.10155224190878220       0.76960781691514557     
  0.10155985782171173       0.76960379016619029     
  0.10156681127911127       0.76960011373159698     
  0.10157310233614625       0.76959678756710048     
  0.10157873104272053       0.76959381163265439     
  0.10158369744348461       0.76959118589243114     
  0.10158800157782977       0.76958891031482013     
  0.10159164347989413       0.76958698487242716     
  0.10159462317856194       0.76958540954207388     
  0.10159694069746517       0.76958418430479714     
  0.10159859605498289       0.76958330914584827     
  0.10159958926424251       0.76958278405469260     
  0.10159992033312037       0.76958260902500963     
  0.10159958926424251       0.76958278405469260     
  0.10159859605498289       0.76958330914584827     
  0.10159694069746517       0.76958418430479714     
  0.10159462317856194       0.76958540954207388     
  0.10159164347989413       0.76958698487242716     
  0.10158800157782977       0.76958891031482013     
  0.10158369744348461       0.76959118589243114     
  0.10157873104272053       0.76959381163265439     
  0.10157310233614625       0.76959678756710048     
  0.10156681127911127       0.76960011373159698     
  0.10155985782171173       0.76960379016619029     
  0.10155224190878220       0.76960781691514557     
  0.10154396347989902       0.76961219402694903     
  0.10153502246937574       0.76961692155430828     
  0.10152541880626198       0.76962199955415433     
  0.10151515241434161       0.76962742808764306     
  0.10150422321213026       0.76963320722015660     
  0.10149263111287332       0.76963933702130527     
  0.10148037602454196       0.76964581756492945     
  0.10146745784983313       0.76965264892910157     
  0.10145387648616433       0.76965983119612802     
  0.10143963182567173       0.76966736445255179     
  0.10142472375520539       0.76967524878915416     
  0.10140915215632929       0.76968348430095768     
  0.10139291690531438       0.76969207108722859     
  0.10137601787313733       0.76970100925147933     
  0.10135845492547579       0.76971029890147136     
  0.10134022792270347       0.76971994014921841     
  0.10132133671988786       0.76972993311098881     
  0.10130178116678601       0.76974027790730926     
  0.10128156110783770       0.76975097466296782     
  0.10126067638216374       0.76976202350701728     
  0.10123912682355962       0.76977342457277853     
  0.10121691226049123       0.76978517799784429     
  0.10119403251608927       0.76979728392408286     
  0.10117048740814527       0.76980974249764167     
  0.10114627674910381       0.76982255386895149     
  0.10112140034606087       0.76983571819273056     
  0.10109585800075438       0.76984923562798846     
  0.10106964950956032       0.76986310633803057     
  0.10104277466348621       0.76987733049046247     
  0.10101523324816497       0.76989190825719422     
  0.10098702504385004       0.76990683981444574     
  0.10095814982540607       0.76992212534275062     
  0.10092860736230413       0.76993776502696165     
  0.10089839741861617       0.76995375905625540     
  0.10086751975300401       0.76997010762413798     
  0.10083597411871748       0.76998681092844923     
  0.10999454853476576       0.83999002403536993     
  0.11002896300394283       0.83997180140674998     
  0.11006264875763216       0.83995396578126169     
  0.11009560606503688       0.83993651694306626     
  0.11012783518945024       0.83991945468105311     
  0.11015933638826736       0.83990277878883501     
  0.11019010991299061       0.83988648906474195     
  0.11022015600923785       0.83987058531181580     
  0.11024947491675030       0.83985506733780513     
  0.11027806686939734       0.83983993495515985     
  0.11030593209518713       0.83982518798102612     
  0.11033307081626986       0.83981082623724168     
  0.11035948324894507       0.83979684955033085     
  0.11038516960366851       0.83978325775149965     
  0.11041013008505951       0.83977005067663169     
  0.11043436489190461       0.83975722816628351     
  0.11045787421716480       0.83974479006568004     
  0.11048065824798048       0.83973273622471101     
  0.11050271716567894       0.83972106649792622     
  0.11052405114577579       0.83970978074453240     
  0.11054466035798394       0.83969887882838845     
  0.11056454496621715       0.83968836061800300     
  0.11058370512859439       0.83967822598652953     
  0.11060214099744314       0.83966847481176399     
  0.11061985271930852       0.83965910697614110     
  0.11063684043495259       0.83965012236673109     
  0.11065310427936159       0.83964152087523714     
  0.11066864438174739       0.83963330239799172     
  0.11068346086555358       0.83962546683595440     
  0.11069755384845781       0.83961801409470915     
  0.11071092344237676       0.83961094408446146     
  0.11072356975346609       0.83960425672003625     
  0.11073549288212681       0.83959795192087527     
  0.11074669292300765       0.83959202961103541     
  0.11075716996500595       0.83958648971918626     
  0.11076692409127242       0.83958133217860820     
  0.11077595537921303       0.83957655692719091     
  0.11078426390048968       0.83957216390743150     
  0.11079184972102463       0.83956815306643284     
  0.11079871290100074       0.83956452435590245     
  0.11080485349486457       0.83956127773215106     
  0.11081027155132661       0.83955841315609114     
  0.11081496711336380       0.83955593059323652     
  0.11081894021821903       0.83955383001370076     
  0.11082219089740597       0.83955211139219699     
  0.11082471917670522       0.83955077470803652     
  0.11082652507616808       0.83954981994512912     
  0.11082760861011776       0.83954924709198164     
  0.11082796978714571       0.83954905614169872     
  0.11082760861011776       0.83954924709198164     
  0.11082652507616808       0.83954981994512912     
  0.11082471917670522       0.83955077470803652     
  0.11082219089740597       0.83955211139219699     
  0.11081894021821903       0.83955383001370076     
  0.11081496711336380       0.83955593059323652     
  0.11081027155132661       0.83955841315609114     
  0.11080485349486457       0.83956127773215106     
  0.11079871290100074       0.83956452435590245     
  0.11079184972102463       0.83956815306643284     
  0.11078426390048968       0.83957216390743150     
  0.11077595537921303       0.83957655692719091     
  0.11076692409127242       0.83958133217860820     
  0.11075716996500595       0.83958648971918626     
  0.11074669292300765       0.83959202961103541     
  0.11073549288212681       0.83959795192087527     
  0.11072356975346609       0.83960425672003625     
  0.11071092344237676       0.83961094408446146     
  0.11069755384845781       0.83961801409470915     
  0.11068346086555358       0.83962546683595440     
  0.11066864438174739       0.83963330239799172     
  0.11065310427936159       0.83964152087523714     
  0.11063684043495259       0.83965012236673109     
  0.11061985271930852       0.83965910697614110     
  0.11060214099744314       0.83966847481176399     
  0.11058370512859439       0.83967822598652953     
  0.11056454496621715       0.83968836061800300     
  0.11054466035798394       0.83969887882838845     
  0.11052405114577579       0.83970978074453240     
  0.11050271716567894       0.83972106649792622     
  0.11048065824798048       0.83973273622471101     
  0.11045787421716480       0.83974479006568004     
  0.11043436489190461       0.83975722816628351     
  0.11041013008505951       0.83977005067663169     
  0.11038516960366851       0.83978325775149965     
  0.11035948324894507       0.83979684955033085     
  0.11033307081626986       0.83981082623724168     
  0.11030593209518713       0.83982518798102612     
  0.11027806686939734       0.83983993495515985     
  0.11024947491675030       0.83985506733780513     
  0.11022015600923785       0.83987058531181580     
  0.11019010991299061       0.83988648906474195     
  0.11015933638826736       0.83990277878883501     
  0.11012783518945024       0.83991945468105311     
  0.11009560606503688       0.83993651694306626     
  0.11006264875763216       0.83995396578126169     
  0.11002896300394283       0.83997180140674998     
  0.10999454853476576       0.83999002403536993     
  0.14665118626475149        1.1199910470583205     
  0.14669610727606741        1.1199672608722853     
  0.14674005688040581        1.1199439905190329     
  0.14678303542894067        1.1199212357169983     
  0.14682504326497758        1.1198989961909152     
  0.14686608072396301        1.1198772716718091     
  0.14690614813349601        1.1198560618969904     
  0.14694524581333390        1.1198353666100462     
  0.14698337407540807        1.1198151855608347     
  0.14702053322382669        1.1197955185054773     
  0.14705672355488619        1.1197763652063526     
  0.14709194535708336        1.1197577254320901     
  0.14712619891111600        1.1197395989575634     
  0.14715948448990046        1.1197219855638849     
  0.14719180235857143        1.1197048850383990     
  0.14722315277449405        1.1196882971746771     
  0.14725353598727275        1.1196722217725117     
  0.14728295223875321        1.1196566586379113     
  0.14731140176303603        1.1196416075830946     
  0.14733888478647794        1.1196270684264857     
  0.14736540152770072        1.1196130409927099     
  0.14739095219760046        1.1195995251125879     
  0.14741553699934784        1.1195865206231319     
  0.14743915612839786        1.1195740273675407     
  0.14746180977249568        1.1195620451951966     
  0.14748349811168238        1.1195505739616598     
  0.14750422131829732        1.1195396135286657     
  0.14752397955698382        1.1195291637641209     
  0.14754277298469975        1.1195192245420991     
  0.14756060175071284        1.1195097957428386     
  0.14757746599661192        1.1195008772527382     
  0.14759336585630900        1.1194924689643548     
  0.14760830145604353        1.1194845707764007     
  0.14762227291438412        1.1194771825937397     
  0.14763528034223439        1.1194703043273859     
  0.14764732384283530        1.1194639358945004     
  0.14765840351176918        1.1194580772183900     
  0.14766851943695969        1.1194527282285036     
  0.14767767169867818        1.1194478888604322     
  0.14768586036954212        1.1194435590559058     
  0.14769308551452098        1.1194397387627921     
  0.14769934719093558        1.1194364279350955     
  0.14770464544846096        1.1194336265329559     
  0.14770898032912616        1.1194313345226468     
  0.14771235186731924        1.1194295518765756     
  0.14771476008978379        1.1194282785732814     
  0.14771620501562110        1.1194275145974364     
  0.14771668665629434        1.1194272599398432     
  0.14771620501562110        1.1194275145974364     
  0.14771476008978379        1.1194282785732814     
  0.14771235186731924        1.1194295518765756     
  0.14770898032912616        1.1194313345226468     
  0.14770464544846096        1.1194336265329559     
  0.14769934719093558        1.1194364279350955     
  0.14769308551452098        1.1194397387627921     
  0.14768586036954212        1.1194435590559058     
  0.14767767169867818        1.1194478888604322     
  0.14766851943695969        1.1194527282285036     
  0.14765840351176918        1.1194580772183900     
  0.14764732384283530        1.1194639358945004     
  0.14763528034223439        1.1194703043273859     
  0.14762227291438412        1.1194771825937397     
  0.14760830145604353        1.1194845707764007     
  0.14759336585630900        1.1194924689643548     
  0.14757746599661192        1.1195008772527382     
  0.14756060175071284        1.1195097957428386     
  0.14754277298469975        1.1195192245420991     
  0.14752397955698382        1.1195291637641209     
  0.14750422131829732        1.1195396135286657     
  0.14748349811168238        1.1195505739616598     
  0.14746180977249568        1.1195620451951966     
  0.14743915612839786        1.1195740273675407     
  0.14741553699934784        1.1195865206231319     
  0.14739095219760046        1.1195995251125879     
  0.14736540152770072        1.1196130409927099     
  0.14733888478647794        1.1196270684264857     
  0.14731140176303603        1.1196416075830946     
  0.14728295223875321        1.1196566586379113     
  0.14725353598727275        1.1196722217725117     
  0.14722315277449405        1.1196882971746771     
  0.14719180235857143        1.1197048850383990     
  0.14715948448990046        1.1197219855638849     
  0.14712619891111600        1.1197395989575634     
  0.14709194535708336        1.1197577254320901     
  0.14705672355488619        1.1197763652063526     
  0.14702053322382669        1.1197955185054773     
  0.14698337407540807        1.1198151855608347     
  0.14694524581333390        1.1198353666100462     
  0.14690614813349601        1.1198560618969904     
  0.14686608072396301        1.1198772716718091     
  0.14682504326497758        1.1198989961909152     
  0.14678303542894067        1.1199212357169983     
  0.14674005688040581        1.1199439905190329     
  0.14669610727606741        1.1199672608722853     
  0.14665118626475149        1.1199910470583205     
  0.15579994804499164        1.1899994564105185     
  0.15584767870901395        1.1899741819120269     
  0.15589437720763666        1.1899494555223118     
  0.15594004391401906        1.1899252769421840     
  0.15598467919295733        1.1899016458791467     
  0.15602828340089925        1.1898785620473895     
  0.15607085688595035        1.1898560251677797     
  0.15611239998788795        1.1898340349678547     
  0.15615291303817003        1.1898125911818145     
  0.15619239635994231        1.1897916935505159     
  0.15623085026805184        1.1897713418214633     
  0.15626827506905361        1.1897515357488040     
  0.15630467106122015        1.1897322750933197     
  0.15634003853455170        1.1897135596224218     
  0.15637437777078134        1.1896953891101438     
  0.15640768904338609        1.1896777633371360     
  0.15643997261759512        1.1896606820906588     
  0.15647122875039732        1.1896441451645776     
  0.15650145769054524        1.1896281523593577     
  0.15653065967856716        1.1896127034820576     
  0.15655883494677325        1.1895977983463248     
  0.15658598371925803        1.1895834367723905     
  0.15661210621191435        1.1895696185870648     
  0.15663720263243364        1.1895563436237320     
  0.15666127318031298        1.1895436117223459     
  0.15668431804686378        1.1895314227294262     
  0.15670633741521489        1.1895197764980538     
  0.15672733146031748        1.1895086728878665     
  0.15674730034895412        1.1894981117650563     
  0.15676624423973773        1.1894880930023648     
  0.15678416328312150        1.1894786164790800     
  0.15680105762140006        1.1894696820810340     
  0.15681692738871544        1.1894612897005985     
  0.15683177271105930        1.1894534392366827     
  0.15684559370627849        1.1894461305947304     
  0.15685839048407701        1.1894393636867180     
  0.15687016314601965        1.1894331384311509     
  0.15688091178553520        1.1894274547530630     
  0.15689063648792012        1.1894223125840127     
  0.15689933733033845        1.1894177118620832     
  0.15690701438182719        1.1894136525318788     
  0.15691366770329340        1.1894101345445252     
  0.15691929734752330        1.1894071578576668     
  0.15692390335917872        1.1894047224354665     
  0.15692748577479754        1.1894028282486040     
  0.15693004462279858        1.1894014752742756     
  0.15693157992348028        1.1894006634961938     
  0.15693209168902089        1.1894003929045858     
  0.15693157992348028        1.1894006634961938     
  0.15693004462279858        1.1894014752742756     
  0.15692748577479754        1.1894028282486040     
  0.15692390335917872        1.1894047224354665     
  0.15691929734752330        1.1894071578576668     
  0.15691366770329340        1.1894101345445252     
  0.15690701438182719        1.1894136525318788     
  0.15689933733033845        1.1894177118620832     
  0.15689063648792012        1.1894223125840127     
  0.15688091178553520        1.1894274547530630     
  0.15687016314601965        1.1894331384311509     
  0.15685839048407701        1.1894393636867180     
  0.15684559370627849        1.1894461305947304     
  0.15683177271105930        1.1894534392366827     
  0.15681692738871544        1.1894612897005985     
  0.15680105762140006        1.1894696820810340     
  0.15678416328312150        1.1894786164790800     
  0.15676624423973773        1.1894880930023648     
  0.15674730034895412        1.1894981117650563     
  0.15672733146031748        1.1895086728878665     
  0.15670633741521489        1.1895197764980538     
  0.15668431804686378        1.1895314227294262     
  0.15666127318031298        1.1895436117223459     
  0.15663720263243364        1.1895563436237320     
  0.15661210621191435        1.1895696185870648     
  0.15658598371925803        1.1895834367723905     
  0.15655883494677325        1.1895977983463248     
  0.15653065967856716        1.1896127034820576     
  0.15650145769054524        1.1896281523593577     
  0.15647122875039732        1.1896441451645776     
  0.15643997261759512        1.1896606820906588     
  0.15640768904338609        1.1896777633371360     
  0.15637437777078134        1.1896953891101438     
  0.15634003853455170        1.1897135596224218     
  0.15630467106122015        1.1897322750933197     
  0.15626827506905361        1.1897515357488040     
  0.15623085026805184        1.1897713418214633     
  0.15619239635994231        1.1897916935505159     
  0.15615291303817003        1.1898125911818145     
  0.15611239998788795        1.1898340349678547     
  0.15607085688595035        1.1898560251677797     
  0.15602828340089925        1.1898785620473895     
  0.15598467919295733        1.1899016458791467     
  0.15594004391401906        1.1899252769421840     
  0.15589437720763666        1.1899494555223118     
  0.15584767870901395        1.1899741819120269     
  0.15579994804499164        1.1899994564105185     
  0.16499617014384604        1.2599827340461425     
  0.16504561790862082        1.2599565513217268     
  0.16509397313644869        1.2599309486718926     
  0.16509397313644869        1.2599309486718926     
  0.16504561790862082        1.2599565513217268     
  0.16499617014384604        1.2599827340461425     
  0.19247904796707260        1.4699885849878902     
  0.19253547115542280        1.4699587082071972     
  0.19259061996904947        1.4699295079782635     
  0.19264449484846313        1.4699009839478843     
  0.19269709622387121        1.4698731357711072     
  0.19274842451518404        1.4698459631112237     
  0.19279848013203038        1.4698194656397585     
  0.19284726347376968        1.4697936430364618     
  0.19289477492950402        1.4697684949893004     
  0.19294101487808657        1.4697440211944492     
  0.19298598368813580        1.4697202213562834     
  0.19302968171804524        1.4696970951873694     
  0.19307210931599461        1.4696746424084581     
  0.19311326681996022        1.4696528627484775     
  0.19315315455772186        1.4696317559445244     
  0.19319177284687661        1.4696113217418583     
  0.19322912199484499        1.4695915598938936     
  0.19326520229888233        1.4695724701621939     
  0.19330001404608632        1.4695540523164650     
  0.19333355751340520        1.4695363061345492     
  0.19336583296764576        1.4695192314024181     
  0.19339684066548313        1.4695028279141689     
  0.19342658085346520        1.4694870954720165     
  0.19345505376802175        1.4694720338862903     
  0.19348225963547194        1.4694576429754274     
  0.19350819867202840        1.4694439225659692     
  0.19353287108380579        1.4694308724925556     
  0.19355627706682821        1.4694184925979210     
  0.19357841680702936        1.4694067827328900     
  0.19359929048026503        1.4693957427563737     
  0.19361889825231193        1.4693853725353654     
  0.19363724027887708        1.4693756719449373     
  0.19365431670559996        1.4693666408682373     
  0.19367012766805769        1.4693582791964854     
  0.19368467329176875        1.4693505868289718     
  0.19369795369219656        1.4693435636730523     
  0.19370996897475323        1.4693372096441477     
  0.19372071923480161        1.4693315246657410     
  0.19373020455765966        1.4693265086693750     
  0.19373842501860228        1.4693221615946499     
  0.19374538068286196        1.4693184833892234     
  0.19375107160563387        1.4693154740088081     
  0.19375549783207391        1.4693131334171698     
  0.19375865939730330        1.4693114615861282     
  0.19376055632640687        1.4693104584955545     
  0.19376118863443548        1.4693101241333717     
  0.19376055632640687        1.4693104584955545     
  0.19375865939730330        1.4693114615861282     
  0.19375549783207391        1.4693131334171698     
  0.19375107160563387        1.4693154740088081     
  0.19374538068286196        1.4693184833892234     
  0.19373842501860228        1.4693221615946499     
  0.19373020455765966        1.4693265086693750     
  0.19372071923480161        1.4693315246657410     
  0.19370996897475323        1.4693372096441477     
  0.19369795369219656        1.4693435636730523     
  0.19368467329176875        1.4693505868289718     
  0.19367012766805769        1.4693582791964854     
  0.19365431670559996        1.4693666408682373     
  0.19363724027887708        1.4693756719449373     
  0.19361889825231193        1.4693853725353654     
  0.19359929048026503        1.4693957427563737     
  0.19357841680702936        1.4694067827328900     
  0.19355627706682821        1.4694184925979210     
  0.19353287108380579        1.4694308724925556     
  0.19350819867202840        1.4694439225659692     
  0.19348225963547194        1.4694576429754274     
  0.19345505376802175        1.4694720338862903     
  0.19342658085346520        1.4694870954720165     
  0.19339684066548313        1.4695028279141689     
  0.19336583296764576        1.4695192314024181     
  0.19333355751340520        1.4695363061345492     
  0.19330001404608632        1.4695540523164650     
  0.19326520229888233        1.4695724701621939     
  0.19322912199484499        1.4695915598938936     
  0.19319177284687661        1.4696113217418583     
  0.19315315455772186        1.4696317559445244     
  0.19311326681996022        1.4696528627484775     
  0.19307210931599461        1.4696746424084581     
  0.19302968171804524        1.4696970951873694     
  0.19298598368813580        1.4697202213562834     
  0.19294101487808657        1.4697440211944492     
  0.19289477492950402        1.4697684949893004     
  0.19284726347376968        1.4697936430364618     
  0.19279848013203038        1.4698194656397585     
  0.19274842451518404        1.4698459631112237     
  0.19269709622387121        1.4698731357711072     
  0.19264449484846313        1.4699009839478843     
  0.19259061996904947        1.4699295079782635     
  0.19253547115542280        1.4699587082071972     
  0.19247904796707260        1.4699885849878902     
  0.20167526902873689        1.5399718634553610     
  0.20173304727172248        1.5399412700963120     
  0.20178949084039677        1.5399113851971049     
  0.20184460018550787        1.5398822083963193     
  0.20189837574701675        1.5398537393411713     
  0.20195081795411474        1.5398259776875045     
  0.20200192722522980        1.5397989230997806     
  0.20205170396804406        1.5397725752510696     
  0.20210014857950109        1.5397469338230418     
  0.20214726144582218        1.5397219985059589     
  0.20219304294251406        1.5396977689986655     
  0.20223749343438091        1.5396742450085812     
  0.20228061327553903        1.5396514262516927     
  0.20232240280941971        1.5396293124525460     
  0.20236286236878476        1.5396079033442389     
  0.20240199227573585        1.5395871986684144     
  0.20243979284172187        1.5395671981752526     
  0.20247626436754951        1.5395479016234652     
  0.20251140714339200        1.5395293087802886     
  0.20254522144879550        1.5395114194214770     
  0.20257770755269178        1.5394942333312973     
  0.20260886571340109        1.5394777503025225     
  0.20263869617864505        1.5394619701364269     
  0.20266719918554599        1.5394468926427802     
  0.20269437496064491        1.5394325176398425     
  0.20272022371989729        1.5394188449543595     
  0.20274474566868572        1.5394058744215575     
  0.20276794100182371        1.5393936058851401     
  0.20278980990356366        1.5393820391972821     
  0.20281035254759927        1.5393711742186276     
  0.20282956909707250        1.5393610108182847     
  0.20284745970457685        1.5393515488738225     
  0.20286402451216223        1.5393427882712682     
  0.20287926365134301        1.5393347289051036     
  0.20289317724309441        1.5393273706782622     
  0.20290576539786254        1.5393207135021270     
  0.20291702821556390        1.5393147572965278     
  0.20292696578559033        1.5393095019897391     
  0.20293557818681141        1.5393049475184781     
  0.20294286548757356        1.5393010938279037     
  0.20294882774570899        1.5392979408716136     
  0.20295346500852873        1.5392954886116443     
  0.20295677731283157        1.5392937370184701     
  0.20295876468489982        1.5392926860710012     
  0.20295942714050419        1.5392923357565842     
  0.20295876468489982        1.5392926860710012     
  0.20295677731283157        1.5392937370184701     
  0.20295346500852873        1.5392954886116443     
  0.20294882774570899        1.5392979408716136     
  0.20294286548757356        1.5393010938279037     
  0.20293557818681141        1.5393049475184781     
  0.20292696578559033        1.5393095019897391     
  0.20291702821556390        1.5393147572965278     
  0.20290576539786254        1.5393207135021270     
  0.20289317724309441        1.5393273706782622     
  0.20287926365134301        1.5393347289051036     
  0.20286402451216223        1.5393427882712682     
  0.20284745970457685        1.5393515488738225     
  0.20282956909707250        1.5393610108182847     
  0.20281035254759927        1.5393711742186276     
  0.20278980990356366        1.5393820391972821     
  0.20276794100182371        1.5393936058851401     
  0.20274474566868572        1.5394058744215575     
  0.20272022371989729        1.5394188449543595     
  0.20269437496064491        1.5394325176398425     
  0.20266719918554599        1.5394468926427802     
  0.20263869617864505        1.5394619701364269     
  0.20260886571340109        1.5394777503025225     
  0.20257770755269178        1.5394942333312973     
  0.20254522144879550        1.5395114194214770     
  0.20251140714339200        1.5395293087802886     
  0.20247626436754951        1.5395479016234652     
  0.20243979284172187        1.5395671981752526     
  0.20240199227573585        1.5395871986684144     
  0.20236286236878476        1.5396079033442389     
  0.20232240280941971        1.5396293124525460     
  0.20228061327553903        1.5396514262516927     
  0.20223749343438091        1.5396742450085812     
  0.20219304294251406        1.5396977689986655     
  0.20214726144582218        1.5397219985059589     
  0.20210014857950109        1.5397469338230418     
  0.20205170396804406        1.5397725752510696     
  0.20200192722522980        1.5397989230997806     
  0.20195081795411474        1.5398259776875045     
  0.20189837574701675        1.5398537393411713     
  0.20184460018550787        1.5398822083963193     
  0.20178949084039677        1.5399113851971049     
  0.20173304727172248        1.5399412700963120     
  0.20167526902873689        1.5399718634553610     
  0.21081108025558026        1.6099871301463358     
  0.21087148838820968        1.6099551432880361     
  0.21093050109573253        1.6099238971594345     
  0.21098811884944957        1.6098933913826368     
  0.21104434210938128        1.6098636255887790     
  0.21109917132428357        1.6098345994180174     
  0.21115260693166471        1.6098063125195197     
  0.21120464935779193        1.6097787645514539     
  0.21125529901770523        1.6097519551809805     
  0.21130455631523870        1.6097258840842432     
  0.21135242164301582        1.6097005509463593     
  0.21139889538247481        1.6096759554614126     
  0.21144397790387615        1.6096520973324440     
  0.21148766956630904        1.6096289762714442     
  0.21152997071770674        1.6096065919993452     
  0.21157088169485605        1.6095849442460135     
  0.21161040282340426        1.6095640327502430     
  0.21164853441787512        1.6095438572597467     
  0.21168527678166882        1.6095244175311514     
  0.21172063020707865        1.6095057133299899     
  0.21175459497529570        1.6094877444306963     
  0.21178717135642122        1.6094705106165976     
  0.21181835960946560        1.6094540116799101     
  0.21184815998236717        1.6094382474217326     
  0.21187657271199112        1.6094232176520411     
  0.21190359802414016        1.6094089221896848     
  0.21192923613356296        1.6093953608623792     
  0.21195348724395280        1.6093825335067036     
  0.21197635154796379        1.6093704399680950     
  0.21199782922720689        1.6093590801008455     
  0.21201792045226275        1.6093484537680971     
  0.21203662538268198        1.6093385608418382     
  0.21205394416699286        1.6093294012029016     
  0.21206987694270230        1.6093209747409587     
  0.21208442383630333        1.6093132813545192     
  0.21209758496327624        1.6093063209509266     
  0.21210936042809458        1.6093000934463566     
  0.21211975032422337        1.6092945987658145     
  0.21212875473413018        1.6092898368431328     
  0.21213637372927630        1.6092858076209706     
  0.21214260737013024        1.6092825110508109     
  0.21214745570616045        1.6092799470929600     
  0.21215091877584524        1.6092781157165454     
  0.21215299660666331        1.6092770168995170     
  0.21215368921510369        1.6092766506286442     
  0.21215299660666331        1.6092770168995170     
  0.21215091877584524        1.6092781157165454     
  0.21214745570616045        1.6092799470929600     
  0.21214260737013024        1.6092825110508109     
  0.21213637372927630        1.6092858076209706     
  0.21212875473413018        1.6092898368431328     
  0.21211975032422337        1.6092945987658145     
  0.21210936042809458        1.6093000934463566     
  0.21209758496327624        1.6093063209509266     
  0.21208442383630333        1.6093132813545192     
  0.21206987694270230        1.6093209747409587     
  0.21205394416699286        1.6093294012029016     
  0.21203662538268198        1.6093385608418382     
  0.21201792045226275        1.6093484537680971     
  0.21199782922720689        1.6093590801008455     
  0.21197635154796379        1.6093704399680950     
  0.21195348724395280        1.6093825335067036     
  0.21192923613356296        1.6093953608623792     
  0.21190359802414016        1.6094089221896848     
  0.21187657271199112        1.6094232176520411     
  0.21184815998236717        1.6094382474217326     
  0.21181835960946560        1.6094540116799101     
  0.21178717135642122        1.6094705106165976     
  0.21175459497529570        1.6094877444306963     
  0.21172063020707865        1.6095057133299899     
  0.21168527678166882        1.6095244175311514     
  0.21164853441787512        1.6095438572597467     
  0.21161040282340426        1.6095640327502430     
  0.21157088169485605        1.6095849442460135     
  0.21152997071770674        1.6096065919993452     
  0.21148766956630904        1.6096289762714442     
  0.21144397790387615        1.6096520973324440     
  0.21139889538247481        1.6096759554614126     
  0.21135242164301582        1.6097005509463593     
  0.21130455631523870        1.6097258840842432     
  0.21125529901770523        1.6097519551809805     
  0.21120464935779193        1.6097787645514539     
  0.21115260693166471        1.6098063125195197     
  0.21109917132428357        1.6098345994180174     
  0.21104434210938128        1.6098636255887790     
  0.21098811884944957        1.6098933913826368     
  0.21093050109573253        1.6099238971594345     
  0.21087148838820968        1.6099551432880361     
  0.21081108025558026        1.6099871301463358     
  0.24745105221806396        1.8899969782971802     
  0.24751870839646006        1.8899611527746645     
  0.24758472712378277        1.8899261962776941     
  0.24764910892714376        1.8898921083836167     
  0.24771185432043730        1.8898588886803633     
  0.24777296380435732        1.8898265367664380     
  0.24783243786641496        1.8897950522509050     
  0.24789027698094590        1.8897644347533809     
  0.24794648160913235        1.8897346839040221     
  0.24800105219901081        1.8897057993435162     
  0.24805398918548516        1.8896777807230718     
  0.24810529299034556        1.8896506277044085     
  0.24815496402227333        1.8896243399597494     
  0.24820300267685824        1.8895989171718108     
  0.24824940933660544        1.8895743590337939     
  0.24829418437095629        1.8895506652493770     
  0.24833732813628195        1.8895278355327074     
  0.24837884097591090        1.8895058696083937     
  0.24841872322013181        1.8894847672114976     
  0.24845697518620136        1.8894645280875284     
  0.24849359717835684        1.8894451519924345     
  0.24852858948782552        1.8894266386925980     
  0.24856195239282863        1.8894089879648273     
  0.24859368615859623        1.8893921995963525     
  0.24862379103736698        1.8893762733848187     
  0.24865226726840417        1.8893612091382805     
  0.24867911507799545        1.8893470066751978     
  0.24870433467946373        1.8893336658244295     
  0.24872792627316964        1.8893211864252302     
  0.24874989004652659        1.8893095683272452     
  0.24877022617398881        1.8892988113905067     
  0.24878893481707642        1.8892889154854295     
  0.24880601612436593        1.8892798804928088     
  0.24882147023150347        1.8892717063038156     
  0.24883529726120002        1.8892643928199944     
  0.24884749732324196        1.8892579399532607     
  0.24885807051449360        1.8892523476258984     
  0.24886701691889468        1.8892476157705576     
  0.24887433660747105        1.8892437443302532     
  0.24888002963832956        1.8892407332583629     
  0.24888409605666384        1.8892385825186264     
  0.24888653589475207        1.8892372920851443     
  0.24888734917196365        1.8892368619423767     
  0.24888653589475207        1.8892372920851443     
  0.24888409605666384        1.8892385825186264     
  0.24888002963832956        1.8892407332583629     
  0.24887433660747105        1.8892437443302532     
  0.24886701691889468        1.8892476157705576     
  0.24885807051449360        1.8892523476258984     
  0.24884749732324196        1.8892579399532607     
  0.24883529726120002        1.8892643928199944     
  0.24882147023150347        1.8892717063038156     
  0.24880601612436593        1.8892798804928088     
  0.24878893481707642        1.8892889154854295     
  0.24877022617398881        1.8892988113905067     
  0.24874989004652659        1.8893095683272452     
  0.24872792627316964        1.8893211864252302     
  0.24870433467946373        1.8893336658244295     
  0.24867911507799545        1.8893470066751978     
  0.24865226726840417        1.8893612091382805     
  0.24862379103736698        1.8893762733848187     
  0.24859368615859623        1.8893921995963525     
  0.24856195239282863        1.8894089879648273     
  0.24852858948782552        1.8894266386925980     
  0.24849359717835684        1.8894451519924345     
  0.24845697518620136        1.8894645280875284     
  0.24841872322013181        1.8894847672114976     
  0.24837884097591090        1.8895058696083937     
  0.24833732813628195        1.8895278355327074     
  0.24829418437095629        1.8895506652493770     
  0.24824940933660544        1.8895743590337939     
  0.24820300267685824        1.8895989171718108     
  0.24815496402227333        1.8896243399597494     
  0.24810529299034556        1.8896506277044085     
  0.24805398918548516        1.8896777807230718     
  0.24800105219901081        1.8897057993435162     
  0.24794648160913235        1.8897346839040221     
  0.24789027698094590        1.8897644347533809     
  0.24783243786641496        1.8897950522509050     
  0.24777296380435732        1.8898265367664380     
  0.24771185432043730        1.8898588886803633     
  0.24764910892714376        1.8898921083836167     
  0.24758472712378277        1.8899261962776941     
  0.24751870839646006        1.8899611527746645     
  0.24745105221806396        1.8899969782971802     
  0.25663957596331577        1.9599843323520609     
  0.25670804482389942        1.9599480771637006     
  0.25677481600922625        1.9599127228484723     
  0.25683989005231500        1.9598782689789822     
  0.25690326747248560        1.9598447151388019     
  0.25696494877538356        1.9598120609224574     
  0.25702493445299646        1.9597803059354180     
  0.25708322498365987        1.9597494497940857     
  0.25713982083208187        1.9597194921257852     
  0.25719472244934827        1.9596904325687530     
  0.25724793027293624        1.9596622707721285     
  0.25729944472673583        1.9596350063959442     
  0.25734926622105170        1.9596086391111167     
  0.25739739515262272        1.9595831685994374     
  0.25744383190462927        1.9595585945535641     
  0.25748857684670790        1.9595349166770131     
  0.25753163033495619        1.9595121346841511     
  0.25757299271195055        1.9594902483001870     
  0.25761266430675378        1.9594692572611652     
  0.25765064543491989        1.9594491613139577     
  0.25768693639850970        1.9594299602162584     
  0.25772153748609750        1.9594116537365756     
  0.25775444897278077        1.9593942416542258     
  0.25778567112018136        1.9593777237593288     
  0.25781520417646386        1.9593620998528007     
  0.25784304837633587        1.9593473697463499     
  0.25786920394105639        1.9593335332624704     
  0.25789367107844030        1.9593205902344388     
  0.25791644998287033        1.9593085405063086     
  0.25793754083529596        1.9592973839329066     
  0.25795694380324452        1.9592871203798286     
  0.25797465904082095        1.9592777497234359     
  0.25799068668871405        1.9592692718508526     
  0.25800502687420446        1.9592616866599617     
  0.25801767971116152        1.9592549940594024     
  0.25802864530005287        1.9592491939685688     
  0.25803792372794199        1.9592442863176061     
  0.25804551506849660        1.9592402710474097     
  0.25805141938198561        1.9592371481096240     
  0.25805563671528242        1.9592349174666395     
  0.25805816710186891        1.9592335790915938     
  0.25805901056183256        1.9592331329683694     
  0.25805816710186891        1.9592335790915938     
  0.25805563671528242        1.9592349174666395     
  0.25805141938198561        1.9592371481096240     
  0.25804551506849660        1.9592402710474097     
  0.25803792372794199        1.9592442863176061     
  0.25802864530005287        1.9592491939685688     
  0.25801767971116152        1.9592549940594024     
  0.25800502687420446        1.9592616866599617     
  0.25799068668871405        1.9592692718508526     
  0.25797465904082095        1.9592777497234359     
  0.25795694380324452        1.9592871203798286     
  0.25793754083529596        1.9592973839329066     
  0.25791644998287033        1.9593085405063086     
  0.25789367107844030        1.9593205902344388     
  0.25786920394105639        1.9593335332624704     
  0.25784304837633587        1.9593473697463499     
  0.25781520417646386        1.9593620998528007     
  0.25778567112018136        1.9593777237593288     
  0.25775444897278077        1.9593942416542258     
  0.25772153748609750        1.9594116537365756     
  0.25768693639850970        1.9594299602162584     
  0.25765064543491989        1.9594491613139577     
  0.25761266430675378        1.9594692572611652     
  0.25757299271195055        1.9594902483001870     
  0.25753163033495619        1.9595121346841511     
  0.25748857684670790        1.9595349166770131     
  0.25744383190462927        1.9595585945535641     
  0.25739739515262272        1.9595831685994374     
  0.25734926622105170        1.9596086391111167     
  0.25729944472673583        1.9596350063959442     
  0.25724793027293624        1.9596622707721285     
  0.25719472244934827        1.9596904325687530     
  0.25713982083208187        1.9597194921257852     
  0.25708322498365987        1.9597494497940857     
  0.25702493445299646        1.9597803059354180     
  0.25696494877538356        1.9598120609224574     
  0.25690326747248560        1.9598447151388019     
  0.25683989005231500        1.9598782689789822     
  0.25677481600922625        1.9599127228484723     
  0.25670804482389942        1.9599480771637006     
  0.25663957596331577        1.9599843323520609     
  0.26582628750728121        2.0299726462252501     
  0.26589544860678660        2.0299360250620699     
  0.26596285181828683        2.0299003366104347     
  0.26602849767974091        2.0298655804389765     
  0.26609238671494184        2.0298317561276766     
  0.26615451943352930        2.0297988632678505     
  0.26621489633100981        2.0297669014621400     
  0.26627351788876519        2.0297358703245005     
  0.26633038457406744        2.0297057694801910     
  0.26638549684009982        2.0296765985657643     
  0.26643885512595955        2.0296483572290578     
  0.26649045985667819        2.0296210451291818     
  0.26654031144323187        2.0295946619365135     
  0.26658841028255131        2.0295692073326856     
  0.26663475675753889        2.0295446810105782     
  0.26667935123707087        2.0295210826743113     
  0.26667935123707087        2.0295210826743113     
  0.26663475675753889        2.0295446810105782     
  0.26658841028255131        2.0295692073326856     
  0.26654031144323187        2.0295946619365135     
  0.26649045985667819        2.0296210451291818     
  0.26643885512595955        2.0296483572290578     
  0.26638549684009982        2.0296765985657643     
  0.26633038457406744        2.0297057694801910     
  0.26627351788876519        2.0297358703245005     
  0.26621489633100981        2.0297669014621400     
  0.26615451943352930        2.0297988632678505     
  0.26609238671494184        2.0298317561276766     
  0.26602849767974091        2.0298655804389765     
  0.26596285181828683        2.0299003366104347     
  0.26589544860678660        2.0299360250620699     
  0.26582628750728121        2.0299726462252501     
  0.29329947421519242        2.2399836288573005     
  0.29337192861260419        2.2399452631160930     
  0.29344244397048258        2.2399079260131991     
  0.29351102085149283        2.2398716170974367     
  0.29357765980268957        2.2398363359301245     
  0.29364236135554078        2.2398020820850721     
  0.29370512602593357        2.2397688551485695     
  0.29376595431419750        2.2397366547193740     
  0.29382484670511477        2.2397054804087007     
  0.29388180366793581        2.2396753318402109     
  0.29393682565639700        2.2396462086500035     
  0.29398991310872269        2.2396181104866040     
  0.29404106644765293        2.2395910370109546     
  0.29409028608044174        2.2395649878964066     
  0.29413757239888172        2.2395399628287112     
  0.29418292577930583        2.2395159615060094     
  0.29422634658260272        2.2394929836388262     
  0.29426783515422517        2.2394710289500610     
  0.29430739182420673        2.2394500971749820     
  0.29434501690716153        2.2394301880612173     
  0.29438071070229843        2.2394113013687478     
  0.29441447349343175        2.2393934368699031     
  0.29444630554898876        2.2393765943493542     
  0.29447620712201106        2.2393607736041061     
  0.29450417845017274        2.2393459744434954     
  0.29453021975577842        2.2393321966891819     
  0.29455433124577213        2.2393194401751471     
  0.29457651311174970        2.2393077047476870     
  0.29459676552995262        2.2392969902654092     
  0.29461508866128128        2.2392872965992296     
  0.29463148265130346        2.2392786236323676     
  0.29464594763024476        2.2392709712603440     
  0.29465848371300640        2.2392643393909779     
  0.29466909099916005        2.2392587279443843     
  0.29467776957295522        2.2392541368529715     
  0.29468451950331964        2.2392505660614397     
  0.29468934084386045        2.2392480155267802     
  0.29469223363287056        2.2392464852182719     
  0.29469319789332049        2.2392459751174840     
  0.29469223363287056        2.2392464852182719     
  0.29468934084386045        2.2392480155267802     
  0.29468451950331964        2.2392505660614397     
  0.29467776957295522        2.2392541368529715     
  0.29466909099916005        2.2392587279443843     
  0.29465848371300640        2.2392643393909779     
  0.29464594763024476        2.2392709712603440     
  0.29463148265130346        2.2392786236323676     
  0.29461508866128128        2.2392872965992296     
  0.29459676552995262        2.2392969902654092     
  0.29457651311174970        2.2393077047476870     
  0.29455433124577213        2.2393194401751471     
  0.29453021975577842        2.2393321966891819     
  0.29450417845017274        2.2393459744434954     
  0.29447620712201106        2.2393607736041061     
  0.29444630554898876        2.2393765943493542     
  0.29441447349343175        2.2393934368699031     
  0.29438071070229843        2.2394113013687478     
  0.29434501690716153        2.2394301880612173     
  0.29430739182420673        2.2394500971749820     
  0.29426783515422517        2.2394710289500610     
  0.29422634658260272        2.2394929836388262     
  0.29418292577930583        2.2395159615060094     
  0.29413757239888172        2.2395399628287112     
  0.29409028608044174        2.2395649878964066     
  0.29404106644765293        2.2395910370109546     
  0.29398991310872269        2.2396181104866040     
  0.29393682565639700        2.2396462086500035     
  0.29388180366793581        2.2396753318402109     
  0.29382484670511477        2.2397054804087007     
  0.29376595431419750        2.2397366547193740     
  0.29370512602593357        2.2397688551485695     
  0.29364236135554078        2.2398020820850721     
  0.29357765980268957        2.2398363359301245     
  0.29351102085149283        2.2398716170974367     
  0.29344244397048258        2.2399079260131991     
  0.29337192861260419        2.2399452631160930     
  0.29329947421519242        2.2399836288573005     
  0.30247504569359629        2.3099778416251771     
  0.30254777092670704        2.3099393327088324     
  0.30261849693247145        2.3099018842491938     
  0.30268722427515193        2.3098654957937921     
  0.30275395350292245        2.3098301669030423     
  0.30281868514790133        2.3097958971502304     
  0.30288141972614513        2.3097626861215033     
  0.30294215773768407        2.3097305334158560     
  0.30300089966652477        2.3096994386451213     
  0.30305764598066798        2.3096694014339612     
  0.30311239713212412        2.3096404214198536     
  0.30316515355692042        2.3096124982530846     
  0.30321591567512352        2.3095856315967387     
  0.30326468389084349        2.3095598211266894     
  0.30331145859224584        2.3095350665315921     
  0.30335624015157192        2.3095113675128718     
  0.30339902892513404        2.3094887237847201     
  0.30343982525334656        2.3094671350740832     
  0.30347862946071436        2.3094466011206571     
  0.30351544185585855        2.3094271216768805     
  0.30355026273151520        2.3094086965079264     
  0.30358309236455261        2.3093913253916978     
  0.30361393101597267        2.3093750081188196     
  0.30364277893091973        2.3093597444926357     
  0.30366963633868949        2.3093455343292018     
  0.30369450345273696        2.3093323774572796     
  0.30371738047067920        2.3093202737183356     
  0.30373826757430011        2.3093092229665335     
  0.30375716492956473        2.3092992250687310     
  0.30377407268661027        2.3092902799044777     
  0.30378899097976264        2.3092823873660109     
  0.30380191992753414        2.3092755473582520     
  0.30381285963262972        2.3092697597988057     
  0.30382181018194654        2.3092650246179551     
  0.30382877164657929        2.3092613417586634     
  0.30383374408182329        2.3092587111765690     
  0.30383672752717228        2.3092571328399867     
  0.30383772200632242        2.3092566067299045     
  0.30383672752717228        2.3092571328399867     
  0.30383374408182329        2.3092587111765690     
  0.30382877164657929        2.3092613417586634     
  0.30382181018194654        2.3092650246179551     
  0.30381285963262972        2.3092697597988057     
  0.30380191992753414        2.3092755473582520     
  0.30378899097976264        2.3092823873660109     
  0.30377407268661027        2.3092902799044777     
  0.30375716492956473        2.3092992250687310     
  0.30373826757430011        2.3093092229665335     
  0.30371738047067920        2.3093202737183356     
  0.30369450345273696        2.3093323774572796     
  0.30366963633868949        2.3093455343292018     
  0.30364277893091973        2.3093597444926357     
  0.30361393101597267        2.3093750081188196     
  0.30358309236455261        2.3093913253916978     
  0.30355026273151520        2.3094086965079264     
  0.30351544185585855        2.3094271216768805     
  0.30347862946071436        2.3094466011206571     
  0.30343982525334656        2.3094671350740832     
  0.30339902892513404        2.3094887237847201     
  0.30335624015157192        2.3095113675128718     
  0.30331145859224584        2.3095350665315921     
  0.30326468389084349        2.3095598211266894     
  0.30321591567512352        2.3095856315967387     
  0.30316515355692042        2.3096124982530846     
  0.30311239713212412        2.3096404214198536     
  0.30305764598066798        2.3096694014339612     
  0.30300089966652477        2.3096994386451213     
  0.30294215773768407        2.3097305334158560     
  0.30288141972614513        2.3097626861215033     
  0.30281868514790133        2.3097958971502304     
  0.30275395350292245        2.3098301669030423     
  0.30268722427515193        2.3098654957937921     
  0.30261849693247145        2.3099018842491938     
  0.30254777092670704        2.3099393327088324     
  0.30247504569359629        2.3099778416251771     
  0.31164711499310815        2.3799739089107321     
  0.31171999068769907        2.3799353204548876     
  0.31179080696992978        2.3798978242718909     
  0.31185956440470131        2.3798614199087553     
  0.31192626354035768        2.3798261069257567     
  0.31199090490870551        2.3797918848964237     
  0.31205348902502239        2.3797587534075255     
  0.31211401638808089        2.3797267120590608     
  0.31217248748015969        2.3796957604642470     
  0.31222890276705551        2.3796658982495096     
  0.31228326269810047        2.3796371250544723     
  0.31233556770617321        2.3796094405319481     
  0.31238581820770905        2.3795828443479281     
  0.31243401460271913        2.3795573361815743     
  0.31248015727479350        2.3795329157252101     
  0.31252424659112199        2.3795095826843120     
  0.31256628290249466        2.3794873367775020     
  0.31260626654332091        2.3794661777365400     
  0.31264419783163477        2.3794461053063158     
  0.31268007706910250        2.3794271192448435     
  0.31271390454103898        2.3794092193232550     
  0.31274568051640506        2.3793924053257918     
  0.31277540524782665        2.3793766770498013     
  0.31280307897159210        2.3793620343057311     
  0.31282870190766898        2.3793484769171234     
  0.31285227425969975        2.3793360047206096     
  0.31287379621501854        2.3793246175659077     
  0.31289326794464767        2.3793143153158165     
  0.31291068960330914        2.3793050978462134     
  0.31292606132942291        2.3792969650460494     
  0.31293938324511883        2.3792899168173478     
  0.31295065545623357        2.3792839530752006     
  0.31295987805231418        2.3792790737477660     
  0.31296705110662693        2.3792752787762672     
  0.31297217467615068        2.3792725681149913     
  0.31297524880158578        2.3792709417312863     
  0.31297627350735135        2.3792703996055611     
  0.31297524880158578        2.3792709417312863     
  0.31297217467615068        2.3792725681149913     
  0.31296705110662693        2.3792752787762672     
  0.31295987805231418        2.3792790737477660     
  0.31295065545623357        2.3792839530752006     
  0.31293938324511883        2.3792899168173478     
  0.31292606132942291        2.3792969650460494     
  0.31291068960330914        2.3793050978462134     
  0.31289326794464767        2.3793143153158165     
  0.31287379621501854        2.3793246175659077     
  0.31285227425969975        2.3793360047206096     
  0.31282870190766898        2.3793484769171234     
  0.31280307897159210        2.3793620343057311     
  0.31277540524782665        2.3793766770498013     
  0.31274568051640506        2.3793924053257918     
  0.31271390454103898        2.3794092193232550     
  0.31268007706910250        2.3794271192448435     
  0.31264419783163477        2.3794461053063158     
  0.31260626654332091        2.3794661777365400     
  0.31256628290249466        2.3794873367775020     
  0.31252424659112199        2.3795095826843120     
  0.31248015727479350        2.3795329157252101     
  0.31243401460271913        2.3795573361815743     
  0.31238581820770905        2.3795828443479281     
  0.31233556770617321        2.3796094405319481     
  0.31228326269810047        2.3796371250544723     
  0.31222890276705551        2.3796658982495096     
  0.31217248748015969        2.3796957604642470     
  0.31211401638808089        2.3797267120590608     
  0.31205348902502239        2.3797587534075255     
  0.31199090490870551        2.3797918848964237     
  0.31192626354035768        2.3798261069257567     
  0.31185956440470131        2.3798614199087553     
  0.31179080696992978        2.3798978242718909     
  0.31171999068769907        2.3799353204548876     
  0.31164711499310815        2.3799739089107321     
  0.34829312563054193        2.6599805592680443     
  0.34836539946720713        2.6599422889798250     
  0.34843537314110939        2.6599052382372737     
  0.34850304721016911        2.6598694065929838     
  0.34856842221385609        2.6598347936143329     
  0.34863149867320775        2.6598013988834746     
  0.34869227709084027        2.6597692219973230     
  0.34875075795096810        2.6597382625675445     
  0.34880694171941329        2.6597085202205464     
  0.34886082884361835        2.6596799945974672     
  0.34891241975266940        2.6596526853541667     
  0.34896171485729743        2.6596265921612168     
  0.34900871454989346        2.6596017147038924     
  0.34905341920452493        2.6595780526821642     
  0.34909582917693793        2.6595556058106884     
  0.34913594480457677        2.6595343738188002     
  0.34917376640658748        2.6595143564505084     
  0.34920929428382985        2.6594955534644842     
  0.34924252871888761        2.6594779646340587     
  0.34927346997606845        2.6594615897472154     
  0.34930211830142710        2.6594464286065831     
  0.34932847392275601        2.6594324810294330     
  0.34935253704960445        2.6594197468476728     
  0.34937430787327495        2.6594082259078413     
  0.34939378656683928        2.6593979180711056     
  0.34941097328513360        2.6593888232132570     
  0.34942586816476728        2.6593809412247063     
  0.34943847132413097        2.6593742720104832     
  0.34944878286338898        2.6593688154902324     
  0.34945680286449710        2.6593645715982110     
  0.34946253139119143        2.6593615402832884     
  0.34946596848899691        2.6593597215089431     
  0.34946711418523124        2.6593591152532627     
  0.34946596848899691        2.6593597215089431     
  0.34946253139119143        2.6593615402832884     
  0.34945680286449710        2.6593645715982110     
  0.34944878286338898        2.6593688154902324     
  0.34943847132413097        2.6593742720104832     
  0.34942586816476728        2.6593809412247063     
  0.34941097328513360        2.6593888232132570     
  0.34939378656683928        2.6593979180711056     
  0.34937430787327495        2.6594082259078413     
  0.34935253704960445        2.6594197468476728     
  0.34932847392275601        2.6594324810294330     
  0.34930211830142710        2.6594464286065831     
  0.34927346997606845        2.6594615897472154     
  0.34924252871888761        2.6594779646340587     
  0.34920929428382985        2.6594955534644842     
  0.34917376640658748        2.6595143564505084     
  0.34913594480457677        2.6595343738188002     
  0.34909582917693793        2.6595556058106884     
  0.34905341920452493        2.6595780526821642     
  0.34900871454989346        2.6596017147038924     
  0.34896171485729743        2.6596265921612168     
  0.34891241975266940        2.6596526853541667     
  0.34886082884361835        2.6596799945974672     
  0.34880694171941329        2.6597085202205464     
  0.34875075795096810        2.6597382625675445     
  0.34869227709084027        2.6597692219973230     
  0.34863149867320775        2.6598013988834746     
  0.34856842221385609        2.6598347936143329     
  0.34850304721016911        2.6598694065929838     
  0.34843537314110939        2.6599052382372737     
  0.34836539946720713        2.6599422889798250     
  0.34829312563054193        2.6599805592680443     
  0.35744224985123685        2.7299887766564206     
  0.35751407227351484        2.7299507450107248     
  0.35758353433326429        2.7299139647386461     
  0.35765063658427954        2.7298784353960865     
  0.35771537956142962        2.7298441565541132     
  0.35777776378067250        2.7298111277989476     
  0.35783778973907898        2.7297793487319546     
  0.35789545791483368        2.7297488189696311     
  0.35795076876726251        2.7297195381435948     
  0.35800372273684067        2.7296915059005764     
  0.35805432024519890        2.7296647219024086     
  0.35810256169514965        2.7296391858260174     
  0.35814844747068841        2.7296148973634140     
  0.35819197793700575        2.7295918562216852     
  0.35823315344050677        2.7295700621229866     
  0.35827197430880675        2.7295495148045341     
  0.35830844085075331        2.7295302140185989     
  0.35834255335642995        2.7295121595324980     
  0.35837431209716586        2.7294953511285902     
  0.35840371732554166        2.7294797886042694     
  0.35843076927540141        2.7294654717719591     
  0.35845546816185569        2.7294524004591074     
  0.35847781418128610        2.7294405745081822     
  0.35849780751135718        2.7294299937766677     
  0.35851544831101867        2.7294206581370601     
  0.35853073672050284        2.7294125674768632     
  0.35854367286134359        2.7294057216985874     
  0.35855425683636888        2.7294001207197454     
  0.35856248872970475        2.7293957644728510     
  0.35856836860678243        2.7293926529054162     
  0.35857189651433741        2.7293907859799509     
  0.35857307248040415        2.7293901636739619     
  0.35857189651433741        2.7293907859799509     
  0.35856836860678243        2.7293926529054162     
  0.35856248872970475        2.7293957644728510     
  0.35855425683636888        2.7294001207197454     
  0.35854367286134359        2.7294057216985874     
  0.35853073672050284        2.7294125674768632     
  0.35851544831101867        2.7294206581370601     
  0.35849780751135718        2.7294299937766677     
  0.35847781418128610        2.7294405745081822     
  0.35845546816185569        2.7294524004591074     
  0.35843076927540141        2.7294654717719591     
  0.35840371732554166        2.7294797886042694     
  0.35837431209716586        2.7294953511285902     
  0.35834255335642995        2.7295121595324980     
  0.35830844085075331        2.7295302140185989     
  0.35827197430880675        2.7295495148045341     
  0.35823315344050677        2.7295700621229866     
  0.35819197793700575        2.7295918562216852     
  0.35814844747068841        2.7296148973634140     
  0.35810256169514965        2.7296391858260174     
  0.35805432024519890        2.7296647219024086     
  0.35800372273684067        2.7296915059005764     
  0.35795076876726251        2.7297195381435948     
  0.35789545791483368        2.7297488189696311     
  0.35783778973907898        2.7297793487319546     
  0.35777776378067250        2.7298111277989476     
  0.35771537956142962        2.7298441565541132     
  0.35765063658427954        2.7298784353960865     
  0.35758353433326429        2.7299139647386461     
  0.35751407227351484        2.7299507450107248     
  0.35744224985123685        2.7299887766564206     
  0.36658569768097182        2.7999999999999998     
  0.36665694828590567        2.7999622706555174     
  0.36672577831985587        2.7999258245195722     
  0.36679218833153060        2.7998906611521392     
  0.36685617885024424        2.7998567801287408     
  0.36691775038592800        2.7998241810404330     
  0.36697690342914102        2.7997928634937947     
  0.36703363845109704        2.7997628271109196     
  0.36708795590366750        2.7997340715294019     
  0.36713985621939793        2.7997065964023307     
  0.36718933981152313        2.7996804013982772     
  0.36723640707397420        2.7996554862012877     
  0.36728105838139324        2.7996318505108753     
  0.36732329408914888        2.7996094940420106     
  0.36736311453333581        2.7995884165251153     
  0.36740052003079260        2.7995686177060528     
  0.36743551087911008        2.7995500973461245     
  0.36746808735664160        2.7995328552220609     
  0.36749824972250034        2.7995168911260171     
  0.36752599821658283        2.7995022048655653     
  0.36755133305956633        2.7994887962636925     
  0.36757425445291547        2.7994766651587928     
  0.36759476257889023        2.7994658114046649     
  0.36761285760055262        2.7994562348705077     
  0.36762853966176845        2.7994479354409170     
  0.36764180888721620        2.7994409130158808     
  0.36765266538238128        2.7994351675107803     
  0.36766110923356887        2.7994306988563826     
  0.36766714050790172        2.7994275069988439     
  0.36767075925332415        2.7994255918997042     
  0.36767196549860293        2.7994249535358882     
  0.36767075925332415        2.7994255918997042     
  0.36766714050790172        2.7994275069988439     
  0.36766110923356887        2.7994306988563826     
  0.36765266538238128        2.7994351675107803     
  0.36764180888721620        2.7994409130158808     
  0.36762853966176845        2.7994479354409170     
  0.36761285760055262        2.7994562348705077     
  0.36759476257889023        2.7994658114046649     
  0.36757425445291547        2.7994766651587928     
  0.36755133305956633        2.7994887962636925     
  0.36752599821658283        2.7995022048655653     
  0.36749824972250034        2.7995168911260171     
  0.36746808735664160        2.7995328552220609     
  0.36743551087911008        2.7995500973461245     
  0.36740052003079260        2.7995686177060528     
  0.36736311453333581        2.7995884165251153     
  0.36732329408914888        2.7996094940420106     
  0.36728105838139324        2.7996318505108753     
  0.36723640707397420        2.7996554862012877     
  0.36718933981152313        2.7996804013982772     
  0.36713985621939793        2.7997065964023307     
  0.36708795590366750        2.7997340715294019     
  0.36703363845109704        2.7997628271109196     
  0.36697690342914102        2.7997928634937947     
  0.36691775038592800        2.7998241810404330     
  0.36685617885024424        2.7998567801287408     
  0.36679218833153060        2.7998906611521392     
  0.36672577831985587        2.7999258245195722     
  0.36665694828590567        2.7999622706555174     
  0.36658569768097182        2.7999999999999998     
  0.39411337921045497        3.0099821259298145     
  0.39417698973680526        3.0099484427203014     
  0.39423800003013065        3.0099161374515453     
  0.39429641057654852        3.0098852097337008     
  0.39435222184138707        3.0098556591935868     
  0.39440543426919250        3.0098274854746800     
  0.39445604828375336        3.0098006882371031     
  0.39450406428810370        3.0097752671576159     
  0.39454948266453860        3.0097512219296063     
  0.39459230377462706        3.0097285522630837     
  0.39463252795921999        3.0097072578846693     
  0.39467015553845552        3.0096873385375895     
  0.39470518681178435        3.0096687939816693     
  0.39473762205795770        3.0096516239933253     
  0.39476746153505093        3.0096358283655604     
  0.39479470548046214        3.0096214069079572     
  0.39481935411092772        3.0096083594466729     
  0.39484140762251796        3.0095966858244370     
  0.39486086619065253        3.0095863859005436     
  0.39487772997009918        3.0095774595508500     
  0.39489199909498485        3.0095699066677724     
  0.39490367367878987        3.0095637271602831     
  0.39491275381435997        3.0095589209539084     
  0.39491923957390407        3.0095554879907267     
  0.39492313100900089        3.0095534282293661     
  0.39492442815059414        3.0095527416450039     
  0.39492313100900089        3.0095534282293661     
  0.39491923957390407        3.0095554879907267     
  0.39491275381435997        3.0095589209539084     
  0.39490367367878987        3.0095637271602831     
  0.39489199909498485        3.0095699066677724     
  0.39487772997009918        3.0095774595508500     
  0.39486086619065253        3.0095863859005436     
  0.39484140762251796        3.0095966858244370     
  0.39481935411092772        3.0096083594466729     
  0.39479470548046214        3.0096214069079572     
  0.39476746153505093        3.0096358283655604     
  0.39473762205795770        3.0096516239933253     
  0.39470518681178435        3.0096687939816693     
  0.39467015553845552        3.0096873385375895     
  0.39463252795921999        3.0097072578846693     
  0.39459230377462706        3.0097285522630837     
  0.39454948266453860        3.0097512219296063     
  0.39450406428810370        3.0097752671576159     
  0.39445604828375336        3.0098006882371031     
  0.39440543426919250        3.0098274854746800     
  0.39435222184138707        3.0098556591935868     
  0.39429641057654852        3.0098852097337008     
  0.39423800003013065        3.0099161374515453     
  0.39417698973680526        3.0099484427203014     
  0.39411337921045497        3.0099821259298145     
  0.40329076222806748        3.0799753794103815     
  0.40335053805747512        3.0799437269107219     
  0.40340765384945820        3.0799134838626991     
  0.40346211005902122        3.0798846499014130     
  0.40351390711991364        3.0798572246790004     
  0.40356304544465127        3.0798312078646264     
  0.40360952542452022        3.0798065991444763     
  0.40365334742958758        3.0797833982217449     
  0.40369451180872096        3.0797616048166305     
  0.40373301888959290        3.0797412186663271     
  0.40376886897868935        3.0797222395250161     
  0.40380206236131677        3.0797046671638619     
  0.40383259930162430        3.0796885013710025     
  0.40386048004258956        3.0796737419515479     
  0.40388570480604447        3.0796603887275711     
  0.40390827379267380        3.0796484415381049     
  0.40392818718202061        3.0796379002391392     
  0.40394544513249420        3.0796287647036134     
  0.40396004778137096        3.0796210348214168     
  0.40397199524480198        3.0796147104993827     
  0.40398128761781660        3.0796097916612877     
  0.40398792497432412        3.0796062782478493     
  0.40399190736711299        3.0796041702167232     
  0.40399323482785610        3.0796034675425039     
  0.40399190736711299        3.0796041702167232     
  0.40398792497432412        3.0796062782478493     
  0.40398128761781660        3.0796097916612877     
  0.40397199524480198        3.0796147104993827     
  0.40396004778137096        3.0796210348214168     
  0.40394544513249420        3.0796287647036134     
  0.40392818718202061        3.0796379002391392     
  0.40390827379267380        3.0796484415381049     
  0.40388570480604447        3.0796603887275711     
  0.40386048004258956        3.0796737419515479     
  0.40383259930162430        3.0796885013710025     
  0.40380206236131677        3.0797046671638619     
  0.40376886897868935        3.0797222395250161     
  0.40373301888959290        3.0797412186663271     
  0.40369451180872096        3.0797616048166305     
  0.40365334742958758        3.0797833982217449     
  0.40360952542452022        3.0798065991444763     
  0.40356304544465127        3.0798312078646264     
  0.40351390711991364        3.0798572246790004     
  0.40346211005902122        3.0798846499014130     
  0.40340765384945820        3.0799134838626991     
  0.40335053805747512        3.0799437269107219     
  0.40329076222806748        3.0799753794103815     
  0.41245510278658415        3.1499755392597648     
  0.41251080321293543        3.1499460447072924     
  0.41256378373392444        3.1499179911682877     
  0.41261404477155317        3.1498913783043170     
  0.41266158672609832        3.1498662057943552     
  0.41270640997614105        3.1498424733347794     
  0.41274851487857278        3.1498201806393613     
  0.41278790176859692        3.1497993274392564     
  0.41282457095974356        3.1497799134829996     
  0.41285852274388812        3.1497619385364986     
  0.41288975739124467        3.1497454023830249     
  0.41291827515038326        3.1497303048232106     
  0.41294407624823615        3.1497166456750416     
  0.41296716089009911        3.1497044247738542     
  0.41298752925964788        3.1496936419723283     
  0.41300518151892973        3.1496842971404861     
  0.41302011780837988        3.1496763901656859     
  0.41303233824682239        3.1496699209526220     
  0.41304184293146928        3.1496648894233199     
  0.41304863193792629        3.1496612955171344     
  0.41305270532019955        3.1496591391907494     
  0.41305406311069115        3.1496584204181750     
  0.41305270532019955        3.1496591391907494     
  0.41304863193792629        3.1496612955171344     
  0.41304184293146928        3.1496648894233199     
  0.41303233824682239        3.1496699209526220     
  0.41302011780837988        3.1496763901656859     
  0.41300518151892973        3.1496842971404861     
  0.41298752925964788        3.1496936419723283     
  0.41296716089009911        3.1497044247738542     
  0.41294407624823615        3.1497166456750416     
  0.41291827515038326        3.1497303048232106     
  0.41288975739124467        3.1497454023830249     
  0.41285852274388812        3.1497619385364986     
  0.41282457095974356        3.1497799134829996     
  0.41278790176859692        3.1497993274392564     
  0.41274851487857278        3.1498201806393613     
  0.41270640997614105        3.1498424733347794     
  0.41266158672609832        3.1498662057943552     
  0.41261404477155317        3.1498913783043170     
  0.41256378373392444        3.1499179911682877     
  0.41251080321293543        3.1499460447072924     
  0.41245510278658415        3.1499755392597648     
  0.44909410878745115        3.4299858988760161     
  0.44911925793580121        3.4299725816161066     
  0.44914144788979016        3.4299608314704271     
  0.44916067882607269        3.4299506482973019     
  0.44917695089772813        3.4299420319739533     
  0.44919026423428932        3.4299349823964986     
  0.44920061894172392        3.4299294994799467     
  0.44920801510245179        3.4299255831581954     
  0.44921245277534005        3.4299232333840299     
  0.44921393199571336        3.4299224501291223     
  0.44921245277534005        3.4299232333840299     
  0.44920801510245179        3.4299255831581954     
  0.44920061894172392        3.4299294994799467     
  0.44919026423428932        3.4299349823964986     
  0.44917695089772813        3.4299420319739533     
  0.44916067882607269        3.4299506482973019     
  0.44914144788979016        3.4299608314704271     
  0.44911925793580121        3.4299725816161066     
  0.44909410878745115        3.4299858988760161     
  0.45823212210121289        3.5000000000000000     